oktmo,мо,кластер,название
93605000,Бай-Тайгинский муниципальный район,3,высокая rs_отгружено_доля_нераскрыто; низкая rs_зарплата_крупные
97526000,Красночетайский муниципальный округ,3,высокая rs_отгружено_доля_нераскрыто; низкая rs_зарплата_крупные
19530000,Кичменгско-Городецкий муниципальный округ,3,высокая rs_отгружено_доля_нераскрыто; низкая rs_зарплата_крупные
65529000,городской округ Ивдельский,0,высокая rs_отгружено_доля_Раздел В Добыча полезных ископаемых; высокая geo_dist_to_city_500k_km
58529000,муниципальный округ Опочецкий,3,высокая rs_отгружено_доля_нераскрыто; низкая rs_зарплата_крупные
45906000,внутригородская территория города федерального значения муниципальный округ Северное Бутово,1,низкая geo_dist_to_city_100k_km; высокая geo_market_potential
22721000,городской округ город Дзержинск,2,высокая rs_отгружено_доля_Раздел C Обрабатывающие производства; высокая rs_работники_доля_Раздел C Обрабатывающие производства
57530000,муниципальный округ Кунгурский,2,высокая rs_отгружено_доля_Раздел C Обрабатывающие производства; высокая rs_работники_доля_Раздел C Обрабатывающие производства
05546000,Ханкайский муниципальный округ,3,высокая rs_отгружено_доля_нераскрыто; низкая rs_зарплата_крупные
80651000,Туймазинский муниципальный район,2,высокая rs_отгружено_доля_Раздел C Обрабатывающие производства; высокая rs_работники_доля_Раздел C Обрабатывающие производства
92659000,Чистопольский муниципальный район,2,высокая rs_отгружено_доля_Раздел C Обрабатывающие производства; высокая rs_работники_доля_Раздел C Обрабатывающие производства
53640000,Сакмарский муниципальный район,3,высокая rs_отгружено_доля_нераскрыто; низкая rs_зарплата_крупные
04709000,городской округ город Дивногорск,2,высокая rs_отгружено_доля_Раздел C Обрабатывающие производства; высокая rs_работники_доля_Раздел C Обрабатывающие производства
27539000,муниципальный округ Черняховский,2,высокая rs_отгружено_доля_Раздел C Обрабатывающие производства; высокая rs_работники_доля_Раздел C Обрабатывающие производства
45305000,внутригородская территория города федерального значения муниципальный округ Гольяново,1,низкая geo_dist_to_city_100k_km; высокая geo_market_potential
41645000,Тихвинский муниципальный район,2,высокая rs_отгружено_доля_Раздел C Обрабатывающие производства; высокая rs_работники_доля_Раздел C Обрабатывающие производства
83620000,Майский муниципальный район,2,высокая rs_отгружено_доля_Раздел C Обрабатывающие производства; высокая rs_работники_доля_Раздел C Обрабатывающие производства
33649000,Юрьянский муниципальный район,3,высокая rs_отгружено_доля_нераскрыто; низкая rs_зарплата_крупные
05714000,городской округ Находкинский,2,высокая rs_отгружено_доля_Раздел C Обрабатывающие производства; высокая rs_работники_доля_Раздел C Обрабатывающие производства
98702000,городской округ Жатай,3,высокая rs_отгружено_доля_нераскрыто; низкая rs_зарплата_крупные
73629000,Новоспасский муниципальный район,2,высокая rs_отгружено_доля_Раздел C Обрабатывающие производства; высокая rs_работники_доля_Раздел C Обрабатывающие производства
53715000,городской округ город Медногорск,3,высокая rs_отгружено_доля_нераскрыто; низкая rs_зарплата_крупные
22557000,Шатковский муниципальный округ,3,высокая rs_отгружено_доля_нераскрыто; низкая rs_зарплата_крупные
92701000,городской округ город Казань,2,высокая rs_отгружено_доля_Раздел C Обрабатывающие производства; высокая rs_работники_доля_Раздел C Обрабатывающие производства
97553000,Ядринский муниципальный округ,3,высокая rs_отгружено_доля_нераскрыто; низкая rs_зарплата_крупные
75742000,городской округ Миасский,2,высокая rs_отгружено_доля_Раздел C Обрабатывающие производства; высокая rs_работники_доля_Раздел C Обрабатывающие производства
66536000,Рославльский муниципальный район,2,высокая rs_отгружено_доля_Раздел C Обрабатывающие производства; высокая rs_работники_доля_Раздел C Обрабатывающие производства
45315000,внутригородская территория города федерального значения муниципальный округ Сокольники,1,низкая geo_dist_to_city_100k_km; высокая geo_market_potential
28546000,муниципальный округ Пеновский,3,высокая rs_отгружено_доля_нераскрыто; низкая rs_зарплата_крупные
68701000,городской округ город Тамбов,2,высокая rs_отгружено_доля_Раздел C Обрабатывающие производства; высокая rs_работники_доля_Раздел C Обрабатывающие производства
98603000,Алданский муниципальный район,0,высокая rs_отгружено_доля_Раздел В Добыча полезных ископаемых; высокая geo_dist_to_city_500k_km
93650000,Тоджинский муниципальный район,0,высокая rs_отгружено_доля_Раздел В Добыча полезных ископаемых; высокая geo_dist_to_city_500k_km
65549000,городской округ Серовский,2,высокая rs_отгружено_доля_Раздел C Обрабатывающие производства; высокая rs_работники_доля_Раздел C Обрабатывающие производства
45344000,внутригородская территория города федерального значения муниципальный округ Савеловский,1,низкая geo_dist_to_city_100k_km; высокая geo_market_potential
95625000,Таштыпский муниципальный район,3,высокая rs_отгружено_доля_нераскрыто; низкая rs_зарплата_крупные
73705000,городской округ город Димитровград,2,высокая rs_отгружено_доля_Раздел C Обрабатывающие производства; высокая rs_работники_доля_Раздел C Обрабатывающие производства
71518000,городской округ Голышмановский,3,высокая rs_отгружено_доля_нераскрыто; низкая rs_зарплата_крупные
63616000,Екатериновский муниципальный район,3,высокая rs_отгружено_доля_нераскрыто; низкая rs_зарплата_крупные
32734000,городской округ Осинниковский,3,высокая rs_отгружено_доля_нераскрыто; низкая rs_зарплата_крупные
22548000,Сергачский муниципальный округ,2,высокая rs_отгружено_доля_Раздел C Обрабатывающие производства; высокая rs_работники_доля_Раздел C Обрабатывающие производства
93657000,Чеди-Хольский муниципальный район,3,высокая rs_отгружено_доля_нераскрыто; низкая rs_зарплата_крупные
96616000,Надтеречный муниципальный район,3,высокая rs_отгружено_доля_нераскрыто; низкая rs_зарплата_крупные
07556000,Туркменский муниципальный округ,3,высокая rs_отгружено_доля_нераскрыто; низкая rs_зарплата_крупные
25738000,городской округ город Усть-Илимск,0,высокая rs_отгружено_доля_Раздел В Добыча полезных ископаемых; высокая geo_dist_to_city_500k_km
40324000,внутригородская территория города федерального значения муниципальный округ Комендантский аэродром,1,низкая geo_dist_to_city_100k_km; высокая geo_market_potential
11508000,Верхнетоемский муниципальный округ,3,высокая rs_отгружено_доля_нераскрыто; низкая rs_зарплата_крупные
88632000,Моркинский муниципальный район,3,высокая rs_отгружено_доля_нераскрыто; низкая rs_зарплата_крупные
45383000,внутригородская территория города федерального значения муниципальный округ Хамовники,1,низкая geo_dist_to_city_100k_km; высокая geo_market_potential
68542000,Токарёвский муниципальный округ,3,высокая rs_отгружено_доля_нераскрыто; низкая rs_зарплата_крупные
92604000,Аксубаевский муниципальный район,3,высокая rs_отгружено_доля_нераскрыто; низкая rs_зарплата_крупные
65514000,городской округ Богданович,2,высокая rs_отгружено_доля_Раздел C Обрабатывающие производства; высокая rs_работники_доля_Раздел C Обрабатывающие производства
22556000,Шарангский муниципальный округ,3,высокая rs_отгружено_доля_нераскрыто; низкая rs_зарплата_крупные
95612000,Бейский муниципальный район,3,высокая rs_отгружено_доля_нераскрыто; низкая rs_зарплата_крупные
86636000,Прионежский муниципальный район,2,высокая rs_отгружено_доля_Раздел C Обрабатывающие производства; высокая rs_работники_доля_Раздел C Обрабатывающие производства
05555000,Чугуевский муниципальный округ,3,высокая rs_отгружено_доля_нераскрыто; низкая rs_зарплата_крупные
36616000,Исаклинский муниципальный район,3,высокая rs_отгружено_доля_нераскрыто; низкая rs_зарплата_крупные
65548000,городской округ Североуральский,2,высокая rs_отгружено_доля_Раздел C Обрабатывающие производства; высокая rs_работники_доля_Раздел C Обрабатывающие производства
28530000,муниципальный округ Конаковский,2,высокая rs_отгружено_доля_Раздел C Обрабатывающие производства; высокая rs_работники_доля_Раздел C Обрабатывающие производства
46529000,городской округ Зарайск,3,высокая rs_отгружено_доля_нераскрыто; низкая rs_зарплата_крупные
28504000,муниципальный округ Бежецкий,3,высокая rs_отгружено_доля_нераскрыто; низкая rs_зарплата_крупные
58518000,муниципальный округ Локнянский,3,высокая rs_отгружено_доля_нераскрыто; низкая rs_зарплата_крупные
53502000,городской округ Абдулинский,3,высокая rs_отгружено_доля_нераскрыто; низкая rs_зарплата_крупные
50613000,Здвинский муниципальный район,3,высокая rs_отгружено_доля_нераскрыто; низкая rs_зарплата_крупные
46718000,городской округ Дубна,2,высокая rs_отгружено_доля_Раздел C Обрабатывающие производства; высокая rs_работники_доля_Раздел C Обрабатывающие производства
36642000,Сызранский муниципальный район,3,высокая rs_отгружено_доля_нераскрыто; низкая rs_зарплата_крупные
68503000,Гавриловский муниципальный округ,3,высокая rs_отгружено_доля_нераскрыто; низкая rs_зарплата_крупные
25616000,Катангский муниципальный район,0,высокая rs_отгружено_доля_Раздел В Добыча полезных ископаемых; высокая geo_dist_to_city_500k_km
80627000,Зилаирский муниципальный район,3,высокая rs_отгружено_доля_нераскрыто; низкая rs_зарплата_крупные
49524000,муниципальный округ Мошенской,3,высокая rs_отгружено_доля_нераскрыто; низкая rs_зарплата_крупные
07727000,городской округ город-курорт Пятигорск,2,высокая rs_отгружено_доля_Раздел C Обрабатывающие производства; высокая rs_работники_доля_Раздел C Обрабатывающие производства
24614000,Лежневский муниципальный район,3,высокая rs_отгружено_доля_нераскрыто; низкая rs_зарплата_крупные
32516000,Мариинский муниципальный округ,3,высокая rs_отгружено_доля_нераскрыто; низкая rs_зарплата_крупные
92626000,Елабужский муниципальный район,2,высокая rs_отгружено_доля_Раздел C Обрабатывающие производства; высокая rs_работники_доля_Раздел C Обрабатывающие производства
36646000,Челно-Вершинский муниципальный район,3,высокая rs_отгружено_доля_нераскрыто; низкая rs_зарплата_крупные
40373000,внутригородская территория города федерального значения муниципальный округ Московская застава,1,низкая geo_dist_to_city_100k_km; высокая geo_market_potential
76530000,Нерчинско-Заводский муниципальный округ,0,высокая rs_отгружено_доля_Раздел В Добыча полезных ископаемых; высокая geo_dist_to_city_500k_km
69640000,Молчановский муниципальный район,3,высокая rs_отгружено_доля_нераскрыто; низкая rs_зарплата_крупные
68504000,Жердевский муниципальный округ,3,высокая rs_отгружено_доля_нераскрыто; низкая rs_зарплата_крупные
40359000,внутригородская территория города федерального значения муниципальный округ Горелово,2,высокая rs_отгружено_доля_Раздел C Обрабатывающие производства; высокая rs_работники_доля_Раздел C Обрабатывающие производства
40375000,внутригородская территория города федерального значения муниципальный округ Новоизмайловское,1,низкая geo_dist_to_city_100k_km; высокая geo_market_potential
68710000,городской округ город Котовск,2,высокая rs_отгружено_доля_Раздел C Обрабатывающие производства; высокая rs_работники_доля_Раздел C Обрабатывающие производства
40378000,внутригородская территория города федерального значения муниципальный округ Невская застава,1,низкая geo_dist_to_city_100k_km; высокая geo_market_potential
81606000,Баунтовский эвенкийский муниципальный район,0,высокая rs_отгружено_доля_Раздел В Добыча полезных ископаемых; высокая geo_dist_to_city_500k_km
90610000,Ардонский муниципальный район,3,высокая rs_отгружено_доля_нераскрыто; низкая rs_зарплата_крупные
76640000,Сретенский муниципальный район,3,высокая rs_отгружено_доля_нераскрыто; низкая rs_зарплата_крупные
27514000,муниципальный округ Неманский,3,высокая rs_отгружено_доля_нераскрыто; низкая rs_зарплата_крупные
26706000,городской округ город Назрань,3,высокая rs_отгружено_доля_нераскрыто; низкая rs_зарплата_крупные
63624000,Краснопартизанский муниципальный район,3,высокая rs_отгружено_доля_нераскрыто; низкая rs_зарплата_крупные
68520000,Никифоровский муниципальный округ,3,высокая rs_отгружено_доля_нераскрыто; низкая rs_зарплата_крупные
46739000,городской округ Котельники,1,низкая geo_dist_to_city_100k_km; высокая geo_market_potential
08534000,Охотский муниципальный округ,0,высокая rs_отгружено_доля_Раздел В Добыча полезных ископаемых; высокая geo_dist_to_city_500k_km
22701000,городской округ город Нижний Новгород,2,высокая rs_отгружено_доля_Раздел C Обрабатывающие производства; высокая rs_работники_доля_Раздел C Обрабатывающие производства
73607000,Вешкаймский муниципальный район,3,высокая rs_отгружено_доля_нераскрыто; низкая rs_зарплата_крупные
46764000,городской округ Реутов,1,низкая geo_dist_to_city_100k_km; высокая geo_market_potential
33637000,Сунский муниципальный район,3,высокая rs_отгружено_доля_нераскрыто; низкая rs_зарплата_крупные
28557000,муниципальный округ Фировский,3,высокая rs_отгружено_доля_нераскрыто; низкая rs_зарплата_крупные
40305000,внутригородская территория города федерального значения муниципальный округ Измайловское,1,низкая geo_dist_to_city_100k_km; высокая geo_market_potential
80723000,городской округ город Кумертау,2,высокая rs_отгружено_доля_Раздел C Обрабатывающие производства; высокая rs_работники_доля_Раздел C Обрабатывающие производства
08628000,Нанайский муниципальный район,0,высокая rs_отгружено_доля_Раздел В Добыча полезных ископаемых; высокая geo_dist_to_city_500k_km
63701000,городской округ город Саратов,2,высокая rs_отгружено_доля_Раздел C Обрабатывающие производства; высокая rs_работники_доля_Раздел C Обрабатывающие производства
70702000,городской округ рабочий поселок Новогуровский,3,высокая rs_отгружено_доля_нераскрыто; низкая rs_зарплата_крупные
07528000,Кочубеевский муниципальный округ,3,высокая rs_отгружено_доля_нераскрыто; низкая rs_зарплата_крупные
28532000,муниципальный округ Краснохолмский,3,высокая rs_отгружено_доля_нераскрыто; низкая rs_зарплата_крупные
57512000,городской округ Верещагинский,3,высокая rs_отгружено_доля_нераскрыто; низкая rs_зарплата_крупные
80606000,Баймакский муниципальный район,3,высокая rs_отгружено_доля_нераскрыто; низкая rs_зарплата_крупные
54604000,Болховский муниципальный район,3,высокая rs_отгружено_доля_нераскрыто; низкая rs_зарплата_крупные
57556000,городской округ Чердынский,3,высокая rs_отгружено_доля_нераскрыто; низкая rs_зарплата_крупные
28550000,муниципальный округ Селижаровский,3,высокая rs_отгружено_доля_нераскрыто; низкая rs_зарплата_крупные
45907000,внутригородская территория города федерального значения муниципальный округ Теплый Стан,1,низкая geo_dist_to_city_100k_km; высокая geo_market_potential
91630000,Урупский муниципальный район,3,высокая rs_отгружено_доля_нераскрыто; низкая rs_зарплата_крупные
75728000,городской округ Копейский,2,высокая rs_отгружено_доля_Раздел C Обрабатывающие производства; высокая rs_работники_доля_Раздел C Обрабатывающие производства
45389000,внутригородская территория города федерального значения муниципальный округ Люблино,1,низкая geo_dist_to_city_100k_km; высокая geo_market_potential
46771000,городской округ Солнечногорск,2,высокая rs_отгружено_доля_Раздел C Обрабатывающие производства; высокая rs_работники_доля_Раздел C Обрабатывающие производства
33507000,муниципальный округ Верхнекамский,3,высокая rs_отгружено_доля_нераскрыто; низкая rs_зарплата_крупные
28750000,городской округ город Торжок,2,высокая rs_отгружено_доля_Раздел C Обрабатывающие производства; высокая rs_работники_доля_Раздел C Обрабатывающие производства
83618000,Лескенский муниципальный район,3,высокая rs_отгружено_доля_нераскрыто; низкая rs_зарплата_крупные
56647000,Наровчатский муниципальный район,3,высокая rs_отгружено_доля_нераскрыто; низкая rs_зарплата_крупные
33628000,Омутнинский муниципальный район,2,высокая rs_отгружено_доля_Раздел C Обрабатывающие производства; высокая rs_работники_доля_Раздел C Обрабатывающие производства
82738000,городской округ город Южно-Сухокумск,3,высокая rs_отгружено_доля_нераскрыто; низкая rs_зарплата_крупные
07701000,городской округ город Ставрополь,2,высокая rs_отгружено_доля_Раздел C Обрабатывающие производства; высокая rs_работники_доля_Раздел C Обрабатывающие производства
27527000,муниципальный округ Славский,3,высокая rs_отгружено_доля_нераскрыто; низкая rs_зарплата_крупные
81645000,Северо-Байкальский муниципальный район,0,высокая rs_отгружено_доля_Раздел В Добыча полезных ископаемых; высокая geo_dist_to_city_500k_km
98641000,Олекминский муниципальный район,0,высокая rs_отгружено_доля_Раздел В Добыча полезных ископаемых; высокая geo_dist_to_city_500k_km
50619000,Каргатский муниципальный район,3,высокая rs_отгружено_доля_нераскрыто; низкая rs_зарплата_крупные
34534000,Парфеньевский муниципальный округ,3,высокая rs_отгружено_доля_нераскрыто; низкая rs_зарплата_крупные
40397000,внутригородская территория города федерального значения город Пушкин,2,высокая rs_отгружено_доля_Раздел C Обрабатывающие производства; высокая rs_работники_доля_Раздел C Обрабатывающие производства
50606000,Болотнинский муниципальный район,3,высокая rs_отгружено_доля_нераскрыто; низкая rs_зарплата_крупные
80619000,Бурзянский муниципальный район,3,высокая rs_отгружено_доля_нераскрыто; низкая rs_зарплата_крупные
40349000,внутригородская территория города федерального значения муниципальный округ Большая Охта,1,низкая geo_dist_to_city_100k_km; высокая geo_market_potential
22715000,городской округ город Выкса,2,высокая rs_отгружено_доля_Раздел C Обрабатывающие производства; высокая rs_работники_доля_Раздел C Обрабатывающие производства
32504000,Ижморский муниципальный округ,3,высокая rs_отгружено_доля_нераскрыто; низкая rs_зарплата_крупные
65541000,городской округ Невьянский,2,высокая rs_отгружено_доля_Раздел C Обрабатывающие производства; высокая rs_работники_доля_Раздел C Обрабатывающие производства
88701000,городской округ город Йошкар-Ола,2,высокая rs_отгружено_доля_Раздел C Обрабатывающие производства; высокая rs_работники_доля_Раздел C Обрабатывающие производства
80653000,Учалинский муниципальный район,0,высокая rs_отгружено_доля_Раздел В Добыча полезных ископаемых; высокая geo_dist_to_city_500k_km
18715000,городской округ город Камышин,2,высокая rs_отгружено_доля_Раздел C Обрабатывающие производства; высокая rs_работники_доля_Раздел C Обрабатывающие производства
27712000,городской округ Мамоновский,3,высокая rs_отгружено_доля_нераскрыто; низкая rs_зарплата_крупные
57552000,муниципальный округ Уинский,3,высокая rs_отгружено_доля_нераскрыто; низкая rs_зарплата_крупные
11556000,Холмогорский муниципальный округ,3,высокая rs_отгружено_доля_нераскрыто; низкая rs_зарплата_крупные
80624000,Дюртюлинский муниципальный район,3,высокая rs_отгружено_доля_нераскрыто; низкая rs_зарплата_крупные
66523000,Кардымовский муниципальный район,2,высокая rs_отгружено_доля_Раздел C Обрабатывающие производства; высокая rs_работники_доля_Раздел C Обрабатывающие производства
53631000,Новосергиевский муниципальный район,2,высокая rs_отгружено_доля_Раздел C Обрабатывающие производства; высокая rs_работники_доля_Раздел C Обрабатывающие производства
69608000,Асиновский муниципальный район,3,высокая rs_отгружено_доля_нераскрыто; низкая rs_зарплата_крупные
57550000,городской округ Соликамский,2,высокая rs_отгружено_доля_Раздел C Обрабатывающие производства; высокая rs_работники_доля_Раздел C Обрабатывающие производства
65511000,городской округ Гаринский,0,высокая rs_отгружено_доля_Раздел В Добыча полезных ископаемых; высокая geo_dist_to_city_500k_km
57518000,муниципальный округ Еловский,3,высокая rs_отгружено_доля_нераскрыто; низкая rs_зарплата_крупные
40904000,внутригородская территория города федерального значения муниципальный округ Купчино,1,низкая geo_dist_to_city_100k_km; высокая geo_market_potential
36632000,Пестравский муниципальный район,3,высокая rs_отгружено_доля_нераскрыто; низкая rs_зарплата_крупные
63634000,Перелюбский муниципальный район,3,высокая rs_отгружено_доля_нераскрыто; низкая rs_зарплата_крупные
98635000,Намский муниципальный район,3,высокая rs_отгружено_доля_нераскрыто; низкая rs_зарплата_крупные
45314000,внутригородская территория города федерального значения муниципальный округ Соколиная гора,1,низкая geo_dist_to_city_100k_km; высокая geo_market_potential
88644000,Параньгинский муниципальный район,3,высокая rs_отгружено_доля_нераскрыто; низкая rs_зарплата_крупные
65729000,городской округ Арамильский,2,высокая rs_отгружено_доля_Раздел C Обрабатывающие производства; высокая rs_работники_доля_Раздел C Обрабатывающие производства
45308000,внутригородская территория города федерального значения муниципальный округ Косино-Ухтомский,1,низкая geo_dist_to_city_100k_km; высокая geo_market_potential
45355000,внутригородская территория города федерального значения муниципальный округ Лосиноостровский,1,низкая geo_dist_to_city_100k_km; высокая geo_market_potential
89607000,Атяшевский муниципальный район,3,высокая rs_отгружено_доля_нераскрыто; низкая rs_зарплата_крупные
37502000,Альменевский муниципальный округ,3,высокая rs_отгружено_доля_нераскрыто; низкая rs_зарплата_крупные
88715000,городской округ город Козьмодемьянск,2,высокая rs_отгружено_доля_Раздел C Обрабатывающие производства; высокая rs_работники_доля_Раздел C Обрабатывающие производства
18612000,Жирновский муниципальный район,3,высокая rs_отгружено_доля_нераскрыто; низкая rs_зарплата_крупные
63617000,Ершовский муниципальный район,3,высокая rs_отгружено_доля_нераскрыто; низкая rs_зарплата_крупные
25701000,городской округ город Иркутск,2,высокая rs_отгружено_доля_Раздел C Обрабатывающие производства; высокая rs_работники_доля_Раздел C Обрабатывающие производства
53604000,Адамовский муниципальный район,3,высокая rs_отгружено_доля_нераскрыто; низкая rs_зарплата_крупные
85628000,Приютненский муниципальный район,3,высокая rs_отгружено_доля_нераскрыто; низкая rs_зарплата_крупные
71879000,городской округ город Нягань,0,высокая rs_отгружено_доля_Раздел В Добыча полезных ископаемых; высокая geo_dist_to_city_500k_km
40354000,внутригородская территория города федерального значения муниципальный округ Юго-Запад,1,низкая geo_dist_to_city_100k_km; высокая geo_market_potential
36630000,Нефтегорский муниципальный район,2,высокая rs_отгружено_доля_Раздел C Обрабатывающие производства; высокая rs_работники_доля_Раздел C Обрабатывающие производства
63647000,Турковский муниципальный район,3,высокая rs_отгружено_доля_нераскрыто; низкая rs_зарплата_крупные
37510000,Каргапольский муниципальный округ,3,высокая rs_отгружено_доля_нераскрыто; низкая rs_зарплата_крупные
86510000,Сортавальский муниципальный район,3,высокая rs_отгружено_доля_нераскрыто; низкая rs_зарплата_крупные
36708000,городской округ Кинель,2,высокая rs_отгружено_доля_Раздел C Обрабатывающие производства; высокая rs_работники_доля_Раздел C Обрабатывающие производства
65526000,городской округ Среднеуральск,2,высокая rs_отгружено_доля_Раздел C Обрабатывающие производства; высокая rs_работники_доля_Раздел C Обрабатывающие производства
94526000,муниципальный округ Кизнерский район,3,высокая rs_отгружено_доля_нераскрыто; низкая rs_зарплата_крупные
45380000,внутригородская территория города федерального значения муниципальный округ Пресненский,1,низкая geo_dist_to_city_100k_km; высокая geo_market_potential
45347000,внутригородская территория города федерального значения муниципальный округ Ховрино,1,низкая geo_dist_to_city_100k_km; высокая geo_market_potential
46568000,городской округ Раменский,2,высокая rs_отгружено_доля_Раздел C Обрабатывающие производства; высокая rs_работники_доля_Раздел C Обрабатывающие производства
40309000,внутригородская территория города федерального значения муниципальный округ Гавань,1,низкая geo_dist_to_city_100k_km; высокая geo_market_potential
24623000,Родниковский муниципальный район,2,высокая rs_отгружено_доля_Раздел C Обрабатывающие производства; высокая rs_работники_доля_Раздел C Обрабатывающие производства
66511000,Демидовский муниципальный район,3,высокая rs_отгружено_доля_нераскрыто; низкая rs_зарплата_крупные
08642000,Советско-Гаванский муниципальный район,3,высокая rs_отгружено_доля_нераскрыто; низкая rs_зарплата_крупные
65527000,городской округ Староуткинск,3,высокая rs_отгружено_доля_нераскрыто; низкая rs_зарплата_крупные
34730000,городской округ город Шарья,3,высокая rs_отгружено_доля_нераскрыто; низкая rs_зарплата_крупные
76701000,городской округ город Чита,2,высокая rs_отгружено_доля_Раздел C Обрабатывающие производства; высокая rs_работники_доля_Раздел C Обрабатывающие производства
63613000,Дергачевский муниципальный район,3,высокая rs_отгружено_доля_нераскрыто; низкая rs_зарплата_крупные
40389000,внутригородская территория города федерального значения муниципальный округ Введенский,1,низкая geo_dist_to_city_100k_km; высокая geo_market_potential
63746000,городской округ город Шиханы,3,высокая rs_отгружено_доля_нераскрыто; низкая rs_зарплата_крупные
89621000,Зубово-Полянский муниципальный район,3,высокая rs_отгружено_доля_нераскрыто; низкая rs_зарплата_крупные
76504000,Александрово-Заводский муниципальный округ,3,высокая rs_отгружено_доля_нераскрыто; низкая rs_зарплата_крупные
24707000,городской округ Тейково,2,высокая rs_отгружено_доля_Раздел C Обрабатывающие производства; высокая rs_работники_доля_Раздел C Обрабатывающие производства
36606000,Богатовский муниципальный район,3,высокая rs_отгружено_доля_нераскрыто; низкая rs_зарплата_крупные
01609000,Егорьевский муниципальный район,3,высокая rs_отгружено_доля_нераскрыто; низкая rs_зарплата_крупные
45333000,внутригородская территория города федерального значения муниципальный округ Аэропорт,1,низкая geo_dist_to_city_100k_km; высокая geo_market_potential
88640000,Оршанский муниципальный район,3,высокая rs_отгружено_доля_нераскрыто; низкая rs_зарплата_крупные
45345000,внутригородская территория города федерального значения муниципальный округ Сокол,1,низкая geo_dist_to_city_100k_km; высокая geo_market_potential
97710000,городской округ город Новочебоксарск,2,высокая rs_отгружено_доля_Раздел C Обрабатывающие производства; высокая rs_работники_доля_Раздел C Обрабатывающие производства
80647000,Салаватский муниципальный район,3,высокая rs_отгружено_доля_нераскрыто; низкая rs_зарплата_крупные
80645000,Нуримановский муниципальный район,3,высокая rs_отгружено_доля_нераскрыто; низкая rs_зарплата_крупные
17701000,городской округ город Владимир,2,высокая rs_отгружено_доля_Раздел C Обрабатывающие производства; высокая rs_работники_доля_Раздел C Обрабатывающие производства
95630000,Усть-Абаканский муниципальный район,3,высокая rs_отгружено_доля_нераскрыто; низкая rs_зарплата_крупные
98637000,Нижнеколымский муниципальный район,3,высокая rs_отгружено_доля_нераскрыто; низкая rs_зарплата_крупные
77515000,городской округ Эгвекинот,0,высокая rs_отгружено_доля_Раздел В Добыча полезных ископаемых; высокая geo_dist_to_city_500k_km
28508000,муниципальный округ Бологовский,3,высокая rs_отгружено_доля_нераскрыто; низкая rs_зарплата_крупные
86639000,Пряжинский муниципальный район,3,высокая rs_отгружено_доля_нераскрыто; низкая rs_зарплата_крупные
33618000,Кирово-Чепецкий муниципальный район,2,высокая rs_отгружено_доля_Раздел C Обрабатывающие производства; высокая rs_работники_доля_Раздел C Обрабатывающие производства
34502000,Антроповский муниципальный район,3,высокая rs_отгружено_доля_нераскрыто; низкая rs_зарплата_крупные
01659000,Шипуновский муниципальный район,3,высокая rs_отгружено_доля_нераскрыто; низкая rs_зарплата_крупные
71946000,муниципальный округ Шурышкарский район,3,высокая rs_отгружено_доля_нераскрыто; низкая rs_зарплата_крупные
83710000,городской округ Прохладный,2,высокая rs_отгружено_доля_Раздел C Обрабатывающие производства; высокая rs_работники_доля_Раздел C Обрабатывающие производства
45322000,внутригородская территория города федерального значения муниципальный округ Ново-Переделкино,1,низкая geo_dist_to_city_100k_km; высокая geo_market_potential
98614000,Верхневилюйский муниципальный район,3,высокая rs_отгружено_доля_нераскрыто; низкая rs_зарплата_крупные
75712000,городской округ Златоустовский,2,высокая rs_отгружено_доля_Раздел C Обрабатывающие производства; высокая rs_работники_доля_Раздел C Обрабатывающие производства
40350000,внутригородская территория города федерального значения муниципальный округ Малая Охта,1,низкая geo_dist_to_city_100k_km; высокая geo_market_potential
45313000,внутригородская территория города федерального значения муниципальный округ Северное Измайлово,1,низкая geo_dist_to_city_100k_km; высокая geo_market_potential
80638000,Кугарчинский муниципальный район,3,высокая rs_отгружено_доля_нераскрыто; низкая rs_зарплата_крупные
53653000,Тюльганский муниципальный район,3,высокая rs_отгружено_доля_нераскрыто; низкая rs_зарплата_крупные
46584000,городской округ Чехов,2,высокая rs_отгружено_доля_Раздел C Обрабатывающие производства; высокая rs_работники_доля_Раздел C Обрабатывающие производства
36718000,городской округ Октябрьск,3,высокая rs_отгружено_доля_нераскрыто; низкая rs_зарплата_крупные
80648000,Стерлибашевский муниципальный район,3,высокая rs_отгружено_доля_нераскрыто; низкая rs_зарплата_крупные
45917000,внутригородская территория города федерального значения муниципальный округ Москворечье-Сабурово,1,низкая geo_dist_to_city_100k_km; высокая geo_market_potential
19505000,Бабаевский муниципальный округ,0,высокая rs_отгружено_доля_Раздел В Добыча полезных ископаемых; высокая geo_dist_to_city_500k_km
56651000,Нижнеломовский муниципальный район,2,высокая rs_отгружено_доля_Раздел C Обрабатывающие производства; высокая rs_работники_доля_Раздел C Обрабатывающие производства
28549000,муниципальный округ Сандовский,3,высокая rs_отгружено_доля_нераскрыто; низкая rs_зарплата_крупные
46586000,городской округ Шатура,2,высокая rs_отгружено_доля_Раздел C Обрабатывающие производства; высокая rs_работники_доля_Раздел C Обрабатывающие производства
66558000,Ярцевский муниципальный район,2,высокая rs_отгружено_доля_Раздел C Обрабатывающие производства; высокая rs_работники_доля_Раздел C Обрабатывающие производства
69710000,городской округ город Стрежевой,0,высокая rs_отгружено_доля_Раздел В Добыча полезных ископаемых; высокая geo_dist_to_city_500k_km
88516000,Килемарский муниципальный район,3,высокая rs_отгружено_доля_нераскрыто; низкая rs_зарплата_крупные
80745000,городской округ город Стерлитамак,2,высокая rs_отгружено_доля_Раздел C Обрабатывающие производства; высокая rs_работники_доля_Раздел C Обрабатывающие производства
56649000,Неверкинский муниципальный район,3,высокая rs_отгружено_доля_нераскрыто; низкая rs_зарплата_крупные
97550000,Шумерлинский муниципальный округ,2,высокая rs_отгружено_доля_Раздел C Обрабатывающие производства; высокая rs_работники_доля_Раздел C Обрабатывающие производства
56633000,Колышлейский муниципальный район,3,высокая rs_отгружено_доля_нераскрыто; низкая rs_зарплата_крупные
01625000,Локтевский муниципальный район,3,высокая rs_отгружено_доля_нераскрыто; низкая rs_зарплата_крупные
54701000,городской округ город Орёл,2,высокая rs_отгружено_доля_Раздел C Обрабатывающие производства; высокая rs_работники_доля_Раздел C Обрабатывающие производства
84650000,Шебалинский муниципальный район,3,высокая rs_отгружено_доля_нераскрыто; низкая rs_зарплата_крупные
25655000,Шелеховский муниципальный район,2,высокая rs_отгружено_доля_Раздел C Обрабатывающие производства; высокая rs_работники_доля_Раздел C Обрабатывающие производства
05532000,Пограничный муниципальный округ,3,высокая rs_отгружено_доля_нераскрыто; низкая rs_зарплата_крупные
45909000,внутригородская территория города федерального значения муниципальный округ Южное Бутово,1,низкая geo_dist_to_city_100k_km; высокая geo_market_potential
49514000,муниципальный округ Крестецкий,3,высокая rs_отгружено_доля_нераскрыто; низкая rs_зарплата_крупные
25614000,Казачинско-Ленский муниципальный район,0,высокая rs_отгружено_доля_Раздел В Добыча полезных ископаемых; высокая geo_dist_to_city_500k_km
25550000,Чунский муниципальный район,3,высокая rs_отгружено_доля_нераскрыто; низкая rs_зарплата_крупные
76510000,Газимуро-Заводский муниципальный округ,0,высокая rs_отгружено_доля_Раздел В Добыча полезных ископаемых; высокая geo_dist_to_city_500k_km
80623000,Дуванский муниципальный район,3,высокая rs_отгружено_доля_нераскрыто; низкая rs_зарплата_крупные
93654000,Улуг-Хемский муниципальный район,3,высокая rs_отгружено_доля_нераскрыто; низкая rs_зарплата_крупные
65521000,городской округ Красноуральск,3,высокая rs_отгружено_доля_нераскрыто; низкая rs_зарплата_крупные
98608000,Амгинский муниципальный район,3,высокая rs_отгружено_доля_нераскрыто; низкая rs_зарплата_крупные
66503000,Велижский муниципальный район,3,высокая rs_отгружено_доля_нераскрыто; низкая rs_зарплата_крупные
66521000,Ершичский муниципальный район,3,высокая rs_отгружено_доля_нераскрыто; низкая rs_зарплата_крупные
22533000,Княгининский муниципальный округ,3,высокая rs_отгружено_доля_нераскрыто; низкая rs_зарплата_крупные
40315000,внутригородская территория города федерального значения муниципальный округ Светлановское,1,низкая geo_dist_to_city_100k_km; высокая geo_market_potential
46740000,городской округ Лобня,2,высокая rs_отгружено_доля_Раздел C Обрабатывающие производства; высокая rs_работники_доля_Раздел C Обрабатывающие производства
28502000,муниципальный округ Андреапольский,3,высокая rs_отгружено_доля_нераскрыто; низкая rs_зарплата_крупные
40355000,внутригородская территория города федерального значения муниципальный округ Южно-Приморский,1,низкая geo_dist_to_city_100k_km; высокая geo_market_potential
53656000,Шарлыкский муниципальный район,3,высокая rs_отгружено_доля_нераскрыто; низкая rs_зарплата_крупные
65513000,городской округ город Нижний Тагил,2,высокая rs_отгружено_доля_Раздел C Обрабатывающие производства; высокая rs_работники_доля_Раздел C Обрабатывающие производства
57532000,городской округ Лысьвенский,2,высокая rs_отгружено_доля_Раздел C Обрабатывающие производства; высокая rs_работники_доля_Раздел C Обрабатывающие производства
24615000,Лухский муниципальный район,3,высокая rs_отгружено_доля_нераскрыто; низкая rs_зарплата_крупные
68536000,Староюрьевский муниципальный округ,3,высокая rs_отгружено_доля_нераскрыто; низкая rs_зарплата_крупные
68544000,Уваровский муниципальный округ,3,высокая rs_отгружено_доля_нераскрыто; низкая rs_зарплата_крупные
40339000,внутригородская территория города федерального значения муниципальный округ Нарвский округ,1,низкая geo_dist_to_city_100k_km; высокая geo_market_potential
89651000,Теньгушевский муниципальный район,3,высокая rs_отгружено_доля_нераскрыто; низкая rs_зарплата_крупные
34510000,Кадыйский муниципальный район,3,высокая rs_отгружено_доля_нераскрыто; низкая rs_зарплата_крупные
05701000,городской округ Владивостокский,2,высокая rs_отгружено_доля_Раздел C Обрабатывающие производства; высокая rs_работники_доля_Раздел C Обрабатывающие производства
92634000,Лаишевский муниципальный район,2,высокая rs_отгружено_доля_Раздел C Обрабатывающие производства; высокая rs_работники_доля_Раздел C Обрабатывающие производства
80655000,Хайбуллинский муниципальный район,0,высокая rs_отгружено_доля_Раздел В Добыча полезных ископаемых; высокая geo_dist_to_city_500k_km
88612000,Звениговский муниципальный район,2,высокая rs_отгружено_доля_Раздел C Обрабатывающие производства; высокая rs_работники_доля_Раздел C Обрабатывающие производства
85646000,Юстинский муниципальный район,3,высокая rs_отгружено_доля_нераскрыто; низкая rs_зарплата_крупные
89605000,Атюрьевский муниципальный район,3,высокая rs_отгружено_доля_нераскрыто; низкая rs_зарплата_крупные
64546000,городской округ Смирныховский,3,высокая rs_отгружено_доля_нераскрыто; низкая rs_зарплата_крупные
01644000,Солтонский муниципальный район,3,высокая rs_отгружено_доля_нераскрыто; низкая rs_зарплата_крупные
94537000,муниципальный округ Сарапульский район,3,высокая rs_отгружено_доля_нераскрыто; низкая rs_зарплата_крупные
54655000,Урицкий муниципальный район,3,высокая rs_отгружено_доля_нераскрыто; низкая rs_зарплата_крупные
47528000,муниципальный округ город Полярные Зори,0,высокая rs_отгружено_доля_Раздел В Добыча полезных ископаемых; высокая geo_dist_to_city_500k_km
07718000,городской округ город Лермонтов,3,высокая rs_отгружено_доля_нераскрыто; низкая rs_зарплата_крупные
98629000,Мегино-Кангаласский муниципальный район,3,высокая rs_отгружено_доля_нераскрыто; низкая rs_зарплата_крупные
18649000,Светлоярский муниципальный район,2,высокая rs_отгружено_доля_Раздел C Обрабатывающие производства; высокая rs_работники_доля_Раздел C Обрабатывающие производства
81633000,Кяхтинский муниципальный район,3,высокая rs_отгружено_доля_нераскрыто; низкая rs_зарплата_крупные
40313000,внутригородская территория города федерального значения поселок Парголово,1,низкая geo_dist_to_city_100k_km; высокая geo_market_potential
36634000,Похвистневский муниципальный район,3,высокая rs_отгружено_доля_нераскрыто; низкая rs_зарплата_крупные
28506000,муниципальный округ Бельский,3,высокая rs_отгружено_доля_нераскрыто; низкая rs_зарплата_крупные
32510000,Крапивинский муниципальный округ,3,высокая rs_отгружено_доля_нераскрыто; низкая rs_зарплата_крупные
63604000,Аткарский муниципальный район,3,высокая rs_отгружено_доля_нераскрыто; низкая rs_зарплата_крупные
58710000,городской округ город Великие Луки,2,высокая rs_отгружено_доля_Раздел C Обрабатывающие производства; высокая rs_работники_доля_Раздел C Обрабатывающие производства
27506000,муниципальный округ Гвардейский,3,высокая rs_отгружено_доля_нераскрыто; низкая rs_зарплата_крупные
97547000,Шемуршинский муниципальный округ,3,высокая rs_отгружено_доля_нераскрыто; низкая rs_зарплата_крупные
19550000,Устюженский муниципальный округ,3,высокая rs_отгружено_доля_нераскрыто; низкая rs_зарплата_крупные
50657000,Черепановский муниципальный район,3,высокая rs_отгружено_доля_нераскрыто; низкая rs_зарплата_крупные
63606000,Базарно-Карабулакский муниципальный район,3,высокая rs_отгружено_доля_нераскрыто; низкая rs_зарплата_крупные
79703000,городской округ город Адыгейск,3,высокая rs_отгружено_доля_нераскрыто; низкая rs_зарплата_крупные
50627000,Краснозерский муниципальный район,3,высокая rs_отгружено_доля_нераскрыто; низкая rs_зарплата_крупные
86533000,Питкярантский муниципальный округ,3,высокая rs_отгружено_доля_нераскрыто; низкая rs_зарплата_крупные
19552000,Харовский муниципальный округ,3,высокая rs_отгружено_доля_нераскрыто; низкая rs_зарплата_крупные
61542000,Сасовский муниципальный округ,2,высокая rs_отгружено_доля_Раздел C Обрабатывающие производства; высокая rs_работники_доля_Раздел C Обрабатывающие производства
68715000,городской округ город Мичуринск,2,высокая rs_отгружено_доля_Раздел C Обрабатывающие производства; высокая rs_работники_доля_Раздел C Обрабатывающие производства
50655000,Усть-Таркский муниципальный район,3,высокая rs_отгружено_доля_нераскрыто; низкая rs_зарплата_крупные
69632000,Колпашевский муниципальный район,3,высокая rs_отгружено_доля_нераскрыто; низкая rs_зарплата_крупные
65747000,городской округ Красноуфимск,0,высокая rs_отгружено_доля_Раздел В Добыча полезных ископаемых; высокая geo_dist_to_city_500k_km
45919000,внутригородская территория города федерального значения муниципальный округ Нагатинский затон,1,низкая geo_dist_to_city_100k_km; высокая geo_market_potential
19518000,Вожегодский муниципальный округ,3,высокая rs_отгружено_доля_нераскрыто; низкая rs_зарплата_крупные
46781000,городской округ Черноголовка,1,низкая geo_dist_to_city_100k_km; высокая geo_market_potential
68720000,городской округ город Моршанск,3,высокая rs_отгружено_доля_нераскрыто; низкая rs_зарплата_крупные
32531000,Топкинский муниципальный округ,2,высокая rs_отгружено_доля_Раздел C Обрабатывающие производства; высокая rs_работники_доля_Раздел C Обрабатывающие производства
34706000,городской округ город Волгореченск,0,высокая rs_отгружено_доля_Раздел В Добыча полезных ископаемых; высокая geo_dist_to_city_500k_km
41518000,Гатчинский муниципальный район,2,высокая rs_отгружено_доля_Раздел C Обрабатывающие производства; высокая rs_работники_доля_Раздел C Обрабатывающие производства
27740000,городской округ Янтарный,3,высокая rs_отгружено_доля_нераскрыто; низкая rs_зарплата_крупные
54705000,городской округ город Ливны,2,высокая rs_отгружено_доля_Раздел C Обрабатывающие производства; высокая rs_работники_доля_Раздел C Обрабатывающие производства
63609000,Балтайский муниципальный район,3,высокая rs_отгружено_доля_нераскрыто; низкая rs_зарплата_крупные
45912000,внутригородская территория города федерального значения муниципальный округ Бирюлево Западное,1,низкая geo_dist_to_city_100k_km; высокая geo_market_potential
53506000,городской округ Сорочинский,3,высокая rs_отгружено_доля_нераскрыто; низкая rs_зарплата_крупные
40912000,внутригородская территория города федерального значения муниципальный округ Лиговка-Ямская,1,низкая geo_dist_to_city_100k_km; высокая geo_market_potential
87508000,Княжпогостский муниципальный район,0,высокая rs_отгружено_доля_Раздел В Добыча полезных ископаемых; высокая geo_dist_to_city_500k_km
32715000,городской округ Калтанский,0,высокая rs_отгружено_доля_Раздел В Добыча полезных ископаемых; высокая geo_dist_to_city_500k_km
63625000,Лысогорский муниципальный район,3,высокая rs_отгружено_доля_нераскрыто; низкая rs_зарплата_крупные
87604000,Ижемский муниципальный район,3,высокая rs_отгружено_доля_нераскрыто; низкая rs_зарплата_крупные
01701000,городской округ город Барнаул,2,высокая rs_отгружено_доля_Раздел C Обрабатывающие производства; высокая rs_работники_доля_Раздел C Обрабатывающие производства
76702000,городской округ поселок Агинское,3,высокая rs_отгружено_доля_нераскрыто; низкая rs_зарплата_крупные
69654000,Томский муниципальный район,2,высокая rs_отгружено_доля_Раздел C Обрабатывающие производства; высокая rs_работники_доля_Раздел C Обрабатывающие производства
40326000,внутригородская территория города федерального значения муниципальный округ Юнтолово,1,низкая geo_dist_to_city_100k_km; высокая geo_market_potential
18634000,Нехаевский муниципальный район,3,высокая rs_отгружено_доля_нераскрыто; низкая rs_зарплата_крупные
80658000,Шаранский муниципальный район,3,высокая rs_отгружено_доля_нераскрыто; низкая rs_зарплата_крупные
65525000,городской округ Ревда,2,высокая rs_отгружено_доля_Раздел C Обрабатывающие производства; высокая rs_работники_доля_Раздел C Обрабатывающие производства
36610000,Большечерниговский муниципальный район,0,высокая rs_отгружено_доля_Раздел В Добыча полезных ископаемых; высокая geo_dist_to_city_500k_km
10712000,городской округ город Зея,0,высокая rs_отгружено_доля_Раздел В Добыча полезных ископаемых; высокая geo_dist_to_city_500k_km
87640000,Удорский муниципальный район,3,высокая rs_отгружено_доля_нераскрыто; низкая rs_зарплата_крупные
24629000,Тейковский муниципальный район,3,высокая rs_отгружено_доля_нераскрыто; низкая rs_зарплата_крупные
30829000,Пенжинский муниципальный район,0,высокая rs_отгружено_доля_Раздел В Добыча полезных ископаемых; высокая geo_dist_to_city_500k_km
66546000,Сычевский муниципальный район,3,высокая rs_отгружено_доля_нераскрыто; низкая rs_зарплата_крупные
37538000,Шадринский муниципальный округ,3,высокая rs_отгружено_доля_нераскрыто; низкая rs_зарплата_крупные
94544000,муниципальный округ Увинский район,2,высокая rs_отгружено_доля_Раздел C Обрабатывающие производства; высокая rs_работники_доля_Раздел C Обрабатывающие производства
45366000,внутригородская территория города федерального значения муниципальный округ Куркино,1,низкая geo_dist_to_city_100k_km; высокая geo_market_potential
63611000,Вольский муниципальный район,2,высокая rs_отгружено_доля_Раздел C Обрабатывающие производства; высокая rs_работники_доля_Раздел C Обрабатывающие производства
79640000,Шовгеновский муниципальный район,3,высокая rs_отгружено_доля_нераскрыто; низкая rs_зарплата_крупные
46790000,городской округ Электросталь,2,высокая rs_отгружено_доля_Раздел C Обрабатывающие производства; высокая rs_работники_доля_Раздел C Обрабатывающие производства
92730000,городской округ город Набережные Челны,2,высокая rs_отгружено_доля_Раздел C Обрабатывающие производства; высокая rs_работники_доля_Раздел C Обрабатывающие производства
87652000,Усть-Цилемский муниципальный район,3,высокая rs_отгружено_доля_нераскрыто; низкая rs_зарплата_крупные
91640000,Хабезский муниципальный район,3,высокая rs_отгружено_доля_нераскрыто; низкая rs_зарплата_крупные
45307000,внутригородская территория города федерального значения муниципальный округ Измайлово,1,низкая geo_dist_to_city_100k_km; высокая geo_market_potential
01610000,Ельцовский муниципальный район,3,высокая rs_отгружено_доля_нераскрыто; низкая rs_зарплата_крупные
25634000,Слюдянский муниципальный район,0,высокая rs_отгружено_доля_Раздел В Добыча полезных ископаемых; высокая geo_dist_to_city_500k_km
94533000,муниципальный округ Малопургинский район,3,высокая rs_отгружено_доля_нераскрыто; низкая rs_зарплата_крупные
05706000,городской округ Большой Камень,2,высокая rs_отгружено_доля_Раздел C Обрабатывающие производства; высокая rs_работники_доля_Раздел C Обрабатывающие производства
81636000,Мухоршибирский муниципальный район,3,высокая rs_отгружено_доля_нераскрыто; низкая rs_зарплата_крупные
65524000,городской округ Первоуральск,2,высокая rs_отгружено_доля_Раздел C Обрабатывающие производства; высокая rs_работники_доля_Раздел C Обрабатывающие производства
45326000,внутригородская территория города федерального значения муниципальный округ Солнцево,1,низкая geo_dist_to_city_100k_km; высокая geo_market_potential
45391000,внутригородская территория города федерального значения муниципальный округ Некрасовка,1,низкая geo_dist_to_city_100k_km; высокая geo_market_potential
34532000,Павинский муниципальный округ,3,высокая rs_отгружено_доля_нераскрыто; низкая rs_зарплата_крупные
56626000,Иссинский муниципальный район,3,высокая rs_отгружено_доля_нераскрыто; низкая rs_зарплата_крупные
65508000,городской округ Бисертский,3,высокая rs_отгружено_доля_нераскрыто; низкая rs_зарплата_крупные
40372000,внутригородская территория города федерального значения город Ломоносов,2,высокая rs_отгружено_доля_Раздел C Обрабатывающие производства; высокая rs_работники_доля_Раздел C Обрабатывающие производства
56612000,Белинский муниципальный район,3,высокая rs_отгружено_доля_нераскрыто; низкая rs_зарплата_крупные
89626000,Ичалковский муниципальный район,3,высокая rs_отгружено_доля_нераскрыто; низкая rs_зарплата_крупные
92622000,Высокогорский муниципальный район,2,высокая rs_отгружено_доля_Раздел C Обрабатывающие производства; высокая rs_работники_доля_Раздел C Обрабатывающие производства
78701000,городской округ город Ярославль,2,высокая rs_отгружено_доля_Раздел C Обрабатывающие производства; высокая rs_работники_доля_Раздел C Обрабатывающие производства
44513000,муниципальный округ Сусуманский,0,высокая rs_отгружено_доля_Раздел В Добыча полезных ископаемых; высокая geo_dist_to_city_500k_km
01558000,муниципальный округ Чарышский район,3,высокая rs_отгружено_доля_нераскрыто; низкая rs_зарплата_крупные
40344000,внутригородская территория города федерального значения поселок Петро-Славянка,1,низкая geo_dist_to_city_100k_km; высокая geo_market_potential
98616000,Верхоянский муниципальный район,0,высокая rs_отгружено_доля_Раздел В Добыча полезных ископаемых; высокая geo_dist_to_city_500k_km
45354000,внутригородская территория города федерального значения муниципальный округ Лианозово,1,низкая geo_dist_to_city_100k_km; высокая geo_market_potential
24605000,Заволжский муниципальный район,3,высокая rs_отгружено_доля_нераскрыто; низкая rs_зарплата_крупные
01635000,Ребрихинский муниципальный район,3,высокая rs_отгружено_доля_нераскрыто; низкая rs_зарплата_крупные
98622000,Жиганский муниципальный район,0,высокая rs_отгружено_доля_Раздел В Добыча полезных ископаемых; высокая geo_dist_to_city_500k_km
49512000,муниципальный округ Демянский,3,высокая rs_отгружено_доля_нераскрыто; низкая rs_зарплата_крупные
87616000,Корткеросский муниципальный район,3,высокая rs_отгружено_доля_нераскрыто; низкая rs_зарплата_крупные
36713000,городской округ Новокуйбышевск,2,высокая rs_отгружено_доля_Раздел C Обрабатывающие производства; высокая rs_работники_доля_Раздел C Обрабатывающие производства
65535000,городской округ Малышевский,3,высокая rs_отгружено_доля_нераскрыто; низкая rs_зарплата_крупные
70724000,городской округ город Новомосковск,2,высокая rs_отгружено_доля_Раздел C Обрабатывающие производства; высокая rs_работники_доля_Раздел C Обрабатывающие производства
81648000,Селенгинский муниципальный район,0,высокая rs_отгружено_доля_Раздел В Добыча полезных ископаемых; высокая geo_dist_to_city_500k_km
25726000,городской округ город Саянск,2,высокая rs_отгружено_доля_Раздел C Обрабатывающие производства; высокая rs_работники_доля_Раздел C Обрабатывающие производства
46744000,городской округ Красногорск,1,низкая geo_dist_to_city_100k_km; высокая geo_market_potential
65739000,городской округ город Ирбит,2,высокая rs_отгружено_доля_Раздел C Обрабатывающие производства; высокая rs_работники_доля_Раздел C Обрабатывающие производства
94508000,муниципальный округ Воткинский район,3,высокая rs_отгружено_доля_нераскрыто; низкая rs_зарплата_крупные
70706000,городской округ город Алексин,2,высокая rs_отгружено_доля_Раздел C Обрабатывающие производства; высокая rs_работники_доля_Раздел C Обрабатывающие производства
76506000,Балейский муниципальный район,0,высокая rs_отгружено_доля_Раздел В Добыча полезных ископаемых; высокая geo_dist_to_city_500k_km
80608000,Балтачевский муниципальный район,3,высокая rs_отгружено_доля_нераскрыто; низкая rs_зарплата_крупные
80633000,Калтасинский муниципальный район,3,высокая rs_отгружено_доля_нераскрыто; низкая rs_зарплата_крупные
25622000,Куйтунский муниципальный район,3,высокая rs_отгружено_доля_нераскрыто; низкая rs_зарплата_крупные
75764000,городской округ Южноуральский,2,высокая rs_отгружено_доля_Раздел C Обрабатывающие производства; высокая rs_работники_доля_Раздел C Обрабатывающие производства
83640000,Урванский муниципальный район,3,высокая rs_отгружено_доля_нераскрыто; низкая rs_зарплата_крупные
57517000,городской округ Добрянский,0,высокая rs_отгружено_доля_Раздел В Добыча полезных ископаемых; высокая geo_dist_to_city_500k_km
64524000,городской округ Макаровский,3,высокая rs_отгружено_доля_нераскрыто; низкая rs_зарплата_крупные
64556000,городской округ Южно-Курильский,0,высокая rs_отгружено_доля_Раздел В Добыча полезных ископаемых; высокая geo_dist_to_city_500k_km
17654000,Суздальский муниципальный район,2,высокая rs_отгружено_доля_Раздел C Обрабатывающие производства; высокая rs_работники_доля_Раздел C Обрабатывающие производства
46547000,городской округ Луховицы,2,высокая rs_отгружено_доля_Раздел C Обрабатывающие производства; высокая rs_работники_доля_Раздел C Обрабатывающие производства
45371000,внутригородская территория города федерального значения муниципальный округ Хорошево-Мневники,1,низкая geo_dist_to_city_100k_km; высокая geo_market_potential
80601000,Абзелиловский муниципальный район,2,высокая rs_отгружено_доля_Раздел C Обрабатывающие производства; высокая rs_работники_доля_Раздел C Обрабатывающие производства
01613000,Заринский муниципальный район,3,высокая rs_отгружено_доля_нераскрыто; низкая rs_зарплата_крупные
68528000,Рассказовский муниципальный округ,3,высокая rs_отгружено_доля_нераскрыто; низкая rs_зарплата_крупные
65510000,городской округ Волчанский,3,высокая rs_отгружено_доля_нераскрыто; низкая rs_зарплата_крупные
58514000,муниципальный округ Красногородский,3,высокая rs_отгружено_доля_нераскрыто; низкая rs_зарплата_крупные
71871000,городской округ город Ханты-Мансийск,0,высокая rs_отгружено_доля_Раздел В Добыча полезных ископаемых; высокая geo_dist_to_city_500k_km
10740000,городской округ город Шимановск,0,высокая rs_отгружено_доля_Раздел В Добыча полезных ископаемых; высокая geo_dist_to_city_500k_km
10531000,Магдагачинский муниципальный район,0,высокая rs_отгружено_доля_Раздел В Добыча полезных ископаемых; высокая geo_dist_to_city_500k_km
12645000,Харабалинский муниципальный район,3,высокая rs_отгружено_доля_нераскрыто; низкая rs_зарплата_крупные
46770000,городской округ Серпухов,2,высокая rs_отгружено_доля_Раздел C Обрабатывающие производства; высокая rs_работники_доля_Раздел C Обрабатывающие производства
53638000,Пономарёвский муниципальный район,3,высокая rs_отгружено_доля_нераскрыто; низкая rs_зарплата_крупные
24621000,Пучежский муниципальный район,3,высокая rs_отгружено_доля_нераскрыто; низкая rs_зарплата_крупные
65645000,Таборинский муниципальный район,3,высокая rs_отгружено_доля_нераскрыто; низкая rs_зарплата_крупные
01601000,Алейский муниципальный район,3,высокая rs_отгружено_доля_нераскрыто; низкая rs_зарплата_крупные
94720000,городской округ город Глазов,2,высокая rs_отгружено_доля_Раздел C Обрабатывающие производства; высокая rs_работники_доля_Раздел C Обрабатывающие производства
40391000,внутригородская территория города федерального значения муниципальный округ Посадский,1,низкая geo_dist_to_city_100k_km; высокая geo_market_potential
40329000,внутригородская территория города федерального значения муниципальный округ Академическое,3,высокая rs_отгружено_доля_нераскрыто; низкая rs_зарплата_крупные
76534000,Ононский муниципальный округ,3,высокая rs_отгружено_доля_нераскрыто; низкая rs_зарплата_крупные
07552000,Степновский муниципальный округ,3,высокая rs_отгружено_доля_нераскрыто; низкая rs_зарплата_крупные
34522000,Межевской муниципальный округ,3,высокая rs_отгружено_доля_нераскрыто; низкая rs_зарплата_крупные
07558000,Шпаковский муниципальный округ,2,высокая rs_отгружено_доля_Раздел C Обрабатывающие производства; высокая rs_работники_доля_Раздел C Обрабатывающие производства
73627000,Новомалыклинский муниципальный район,3,высокая rs_отгружено_доля_нераскрыто; низкая rs_зарплата_крупные
47524000,муниципальный округ город Мончегорск,0,высокая rs_отгружено_доля_Раздел В Добыча полезных ископаемых; высокая geo_dist_to_city_500k_km
50717000,городской округ город Обь,2,высокая rs_отгружено_доля_Раздел C Обрабатывающие производства; высокая rs_работники_доля_Раздел C Обрабатывающие производства
37546000,Юргамышский муниципальный округ,3,высокая rs_отгружено_доля_нераскрыто; низкая rs_зарплата_крупные
40312000,внутригородская территория города федерального значения поселок Левашово,2,высокая rs_отгружено_доля_Раздел C Обрабатывающие производства; высокая rs_работники_доля_Раздел C Обрабатывающие производства
40357000,внутригородская территория города федерального значения муниципальный округ Урицк,3,высокая rs_отгружено_доля_нераскрыто; низкая rs_зарплата_крупные
64552000,городской округ Углегорский,0,высокая rs_отгружено_доля_Раздел В Добыча полезных ископаемых; высокая geo_dist_to_city_500k_km
50632000,Купинский муниципальный район,3,высокая rs_отгружено_доля_нераскрыто; низкая rs_зарплата_крупные
46783000,городской округ Химки,1,низкая geo_dist_to_city_100k_km; высокая geo_market_potential
54643000,Новосильский муниципальный район,3,высокая rs_отгружено_доля_нераскрыто; низкая rs_зарплата_крупные
71874000,городской округ город Нефтеюганск,0,высокая rs_отгружено_доля_Раздел В Добыча полезных ископаемых; высокая geo_dist_to_city_500k_km
17735000,городской округ округ Муром,2,высокая rs_отгружено_доля_Раздел C Обрабатывающие производства; высокая rs_работники_доля_Раздел C Обрабатывающие производства
40366000,внутригородская территория города федерального значения поселок Песочный,3,высокая rs_отгружено_доля_нераскрыто; низкая rs_зарплата_крупные
33608000,Верхошижемский муниципальный район,3,высокая rs_отгружено_доля_нераскрыто; низкая rs_зарплата_крупные
69620000,Зырянский муниципальный район,3,высокая rs_отгружено_доля_нераскрыто; низкая rs_зарплата_крупные
95615000,Боградский муниципальный район,3,высокая rs_отгружено_доля_нераскрыто; низкая rs_зарплата_крупные
58504000,Бежаницкий муниципальный район,3,высокая rs_отгружено_доля_нераскрыто; низкая rs_зарплата_крупные
34701000,городской округ город Кострома,2,высокая rs_отгружено_доля_Раздел C Обрабатывающие производства; высокая rs_работники_доля_Раздел C Обрабатывающие производства
24611000,Кинешемский муниципальный район,2,высокая rs_отгружено_доля_Раздел C Обрабатывающие производства; высокая rs_работники_доля_Раздел C Обрабатывающие производства
40901000,внутригородская территория города федерального значения поселок Шушары,1,низкая geo_dist_to_city_100k_km; высокая geo_market_potential
56644000,Малосердобинский муниципальный район,3,высокая rs_отгружено_доля_нераскрыто; низкая rs_зарплата_крупные
04558000,Шарыповский муниципальный округ,0,высокая rs_отгружено_доля_Раздел В Добыча полезных ископаемых; высокая geo_dist_to_city_500k_km
32543000,Яйский муниципальный округ,3,высокая rs_отгружено_доля_нераскрыто; низкая rs_зарплата_крупные
07724000,городской округ город Невинномысск,2,высокая rs_отгружено_доля_Раздел C Обрабатывающие производства; высокая rs_работники_доля_Раздел C Обрабатывающие производства
88608000,Горномарийский муниципальный район,3,высокая rs_отгружено_доля_нераскрыто; низкая rs_зарплата_крупные
57529000,муниципальный округ Куединский,2,высокая rs_отгружено_доля_Раздел C Обрабатывающие производства; высокая rs_работники_доля_Раздел C Обрабатывающие производства
80611000,Белорецкий муниципальный район,2,высокая rs_отгружено_доля_Раздел C Обрабатывающие производства; высокая rs_работники_доля_Раздел C Обрабатывающие производства
56654000,Пачелмский муниципальный район,3,высокая rs_отгружено_доля_нераскрыто; низкая rs_зарплата_крупные
45309000,внутригородская территория города федерального значения муниципальный округ Новогиреево,1,низкая geo_dist_to_city_100k_km; высокая geo_market_potential
22514000,Вадский муниципальный округ,3,высокая rs_отгружено_доля_нераскрыто; низкая rs_зарплата_крупные
45901000,внутригородская территория города федерального значения муниципальный округ Зюзино,1,низкая geo_dist_to_city_100k_km; высокая geo_market_potential
36650000,Шигонский муниципальный район,3,высокая rs_отгружено_доля_нераскрыто; низкая rs_зарплата_крупные
40343000,внутригородская территория города федерального значения поселок Металлострой,2,высокая rs_отгружено_доля_Раздел C Обрабатывающие производства; высокая rs_работники_доля_Раздел C Обрабатывающие производства
92607000,Алькеевский муниципальный район,3,высокая rs_отгружено_доля_нераскрыто; низкая rs_зарплата_крупные
01703000,городской округ город Алейск,3,высокая rs_отгружено_доля_нераскрыто; низкая rs_зарплата_крупные
12550000,Черноярский муниципальный район,0,высокая rs_отгружено_доля_Раздел В Добыча полезных ископаемых; высокая geo_dist_to_city_500k_km
40396000,внутригородская территория города федерального значения поселок Стрельна,2,высокая rs_отгружено_доля_Раздел C Обрабатывающие производства; высокая rs_работники_доля_Раздел C Обрабатывающие производства
19554000,Чагодощенский муниципальный округ,3,высокая rs_отгружено_доля_нераскрыто; низкая rs_зарплата_крупные
65515000,городской округ Верхний Тагил,3,высокая rs_отгружено_доля_нераскрыто; низкая rs_зарплата_крупные
65555000,городской округ Тугулымский,3,высокая rs_отгружено_доля_нераскрыто; низкая rs_зарплата_крупные
45918000,внутригородская территория города федерального значения муниципальный округ Нагатино-Садовники,1,низкая geo_dist_to_city_100k_km; высокая geo_market_potential
65517000,городской округ Дегтярск,3,высокая rs_отгружено_доля_нераскрыто; низкая rs_зарплата_крупные
04729000,городской округ город Норильск,0,высокая rs_отгружено_доля_Раздел В Добыча полезных ископаемых; высокая geo_dist_to_city_500k_km
45393000,внутригородская территория города федерального значения муниципальный округ Печатники,1,низкая geo_dist_to_city_100k_km; высокая geo_market_potential
37514000,Кетовский муниципальный округ,2,высокая rs_отгружено_доля_Раздел C Обрабатывающие производства; высокая rs_работники_доля_Раздел C Обрабатывающие производства
30827000,Олюторский муниципальный район,0,высокая rs_отгружено_доля_Раздел В Добыча полезных ископаемых; высокая geo_dist_to_city_500k_km
54618000,Залегощенский муниципальный район,3,высокая rs_отгружено_доля_нераскрыто; низкая rs_зарплата_крупные
22528000,Городецкий муниципальный округ,2,высокая rs_отгружено_доля_Раздел C Обрабатывающие производства; высокая rs_работники_доля_Раздел C Обрабатывающие производства
40380000,внутригородская территория города федерального значения муниципальный округ Обуховский,2,высокая rs_отгружено_доля_Раздел C Обрабатывающие производства; высокая rs_работники_доля_Раздел C Обрабатывающие производства
68502000,Бондарский муниципальный округ,3,высокая rs_отгружено_доля_нераскрыто; низкая rs_зарплата_крупные
01656000,Хабарский муниципальный район,3,высокая rs_отгружено_доля_нераскрыто; низкая rs_зарплата_крупные
28552000,муниципальный округ Спировский,3,высокая rs_отгружено_доля_нераскрыто; низкая rs_зарплата_крупные
80659000,Янаульский муниципальный район,2,высокая rs_отгружено_доля_Раздел C Обрабатывающие производства; высокая rs_работники_доля_Раздел C Обрабатывающие производства
71705000,городской округ город Ишим,2,высокая rs_отгружено_доля_Раздел C Обрабатывающие производства; высокая rs_работники_доля_Раздел C Обрабатывающие производства
65734000,городской округ Верхняя Тура,3,высокая rs_отгружено_доля_нераскрыто; низкая rs_зарплата_крупные
01648000,Тогульский муниципальный район,3,высокая rs_отгружено_доля_нераскрыто; низкая rs_зарплата_крупные
92624000,Дрожжановский муниципальный район,3,высокая rs_отгружено_доля_нераскрыто; низкая rs_зарплата_крупные
46710000,городской округ Воскресенск,2,высокая rs_отгружено_доля_Раздел C Обрабатывающие производства; высокая rs_работники_доля_Раздел C Обрабатывающие производства
69656000,Чаинский муниципальный район,3,высокая rs_отгружено_доля_нераскрыто; низкая rs_зарплата_крупные
93615000,Дзун-Хемчикский муниципальный район,3,высокая rs_отгружено_доля_нераскрыто; низкая rs_зарплата_крупные
80636000,Кигинский муниципальный район,3,высокая rs_отгружено_доля_нераскрыто; низкая rs_зарплата_крупные
40321000,внутригородская территория города федерального значения муниципальный округ Лахта-Ольгино,1,низкая geo_dist_to_city_100k_km; высокая geo_market_potential
33543000,муниципальный округ Фаленский,3,высокая rs_отгружено_доля_нераскрыто; низкая rs_зарплата_крупные
36704000,городской округ Жигулевск,2,высокая rs_отгружено_доля_Раздел C Обрабатывающие производства; высокая rs_работники_доля_Раздел C Обрабатывающие производства
01704000,городской округ город Белокуриха,3,высокая rs_отгружено_доля_нераскрыто; низкая rs_зарплата_крупные
11514000,Виноградовский муниципальный округ,3,высокая rs_отгружено_доля_нераскрыто; низкая rs_зарплата_крупные
07520000,Изобильненский муниципальный округ,2,высокая rs_отгружено_доля_Раздел C Обрабатывающие производства; высокая rs_работники_доля_Раздел C Обрабатывающие производства
41648000,Тосненский муниципальный район,2,высокая rs_отгружено_доля_Раздел C Обрабатывающие производства; высокая rs_работники_доля_Раздел C Обрабатывающие производства
24711000,городской округ Шуя,2,высокая rs_отгружено_доля_Раздел C Обрабатывающие производства; высокая rs_работники_доля_Раздел C Обрабатывающие производства
80607000,Бакалинский муниципальный район,3,высокая rs_отгружено_доля_нераскрыто; низкая rs_зарплата_крупные
17635000,Ковровский муниципальный район,2,высокая rs_отгружено_доля_Раздел C Обрабатывающие производства; высокая rs_работники_доля_Раздел C Обрабатывающие производства
80612000,Бижбулякский муниципальный район,3,высокая rs_отгружено_доля_нераскрыто; низкая rs_зарплата_крупные
65504000,городской округ Асбестовский,3,высокая rs_отгружено_доля_нераскрыто; низкая rs_зарплата_крупные
71710000,городской округ город Тобольск,2,высокая rs_отгружено_доля_Раздел C Обрабатывающие производства; высокая rs_работники_доля_Раздел C Обрабатывающие производства
65543000,городской округ Нижнетуринский,3,высокая rs_отгружено_доля_нераскрыто; низкая rs_зарплата_крупные
22510000,Большемурашкинский муниципальный округ,3,высокая rs_отгружено_доля_нераскрыто; низкая rs_зарплата_крупные
80652000,Уфимский муниципальный район,2,высокая rs_отгружено_доля_Раздел C Обрабатывающие производства; высокая rs_работники_доля_Раздел C Обрабатывающие производства
63626000,Марксовский муниципальный район,3,высокая rs_отгружено_доля_нераскрыто; низкая rs_зарплата_крупные
52650000,Русско-Полянский муниципальный район,3,высокая rs_отгружено_доля_нераскрыто; низкая rs_зарплата_крупные
54623000,Колпнянский муниципальный район,3,высокая rs_отгружено_доля_нераскрыто; низкая rs_зарплата_крупные
71715000,городской округ город Ялуторовск,2,высокая rs_отгружено_доля_Раздел C Обрабатывающие производства; высокая rs_работники_доля_Раздел C Обрабатывающие производства
36644000,Хворостянский муниципальный район,3,высокая rs_отгружено_доля_нераскрыто; низкая rs_зарплата_крупные
65523000,городской округ Пелым,0,высокая rs_отгружено_доля_Раздел В Добыча полезных ископаемых; высокая geo_dist_to_city_500k_km
73639000,Старокулаткинский муниципальный район,3,высокая rs_отгружено_доля_нераскрыто; низкая rs_зарплата_крупные
83648000,Эльбрусский муниципальный район,3,высокая rs_отгружено_доля_нераскрыто; низкая rs_зарплата_крупные
80625000,Ермекеевский муниципальный район,3,высокая rs_отгружено_доля_нераскрыто; низкая rs_зарплата_крупные
46587000,городской округ Шаховская,3,высокая rs_отгружено_доля_нераскрыто; низкая rs_зарплата_крупные
45382000,внутригородская территория города федерального значения муниципальный округ Тверской,1,низкая geo_dist_to_city_100k_km; высокая geo_market_potential
41642000,Сланцевский муниципальный район,2,высокая rs_отгружено_доля_Раздел C Обрабатывающие производства; высокая rs_работники_доля_Раздел C Обрабатывающие производства
46760000,городской округ Подольск,2,высокая rs_отгружено_доля_Раздел C Обрабатывающие производства; высокая rs_работники_доля_Раздел C Обрабатывающие производства
01705000,городской округ город Бийск,2,высокая rs_отгружено_доля_Раздел C Обрабатывающие производства; высокая rs_работники_доля_Раздел C Обрабатывающие производства
53701000,городской округ город Оренбург,2,высокая rs_отгружено_доля_Раздел C Обрабатывающие производства; высокая rs_работники_доля_Раздел C Обрабатывающие производства
79701000,городской округ город Майкоп,2,высокая rs_отгружено_доля_Раздел C Обрабатывающие производства; высокая rs_работники_доля_Раздел C Обрабатывающие производства
84610000,Кош-Агачский муниципальный район,3,высокая rs_отгружено_доля_нераскрыто; низкая rs_зарплата_крупные
45303000,внутригородская территория города федерального значения муниципальный округ Восточное Измайлово,1,низкая geo_dist_to_city_100k_km; высокая geo_market_potential
36622000,Клявлинский муниципальный район,3,высокая rs_отгружено_доля_нераскрыто; низкая rs_зарплата_крупные
92627000,Заинский муниципальный район,2,высокая rs_отгружено_доля_Раздел C Обрабатывающие производства; высокая rs_работники_доля_Раздел C Обрабатывающие производства
36640000,Ставропольский муниципальный район,2,высокая rs_отгружено_доля_Раздел C Обрабатывающие производства; высокая rs_работники_доля_Раздел C Обрабатывающие производства
94528000,муниципальный округ Киясовский район,3,высокая rs_отгружено_доля_нераскрыто; низкая rs_зарплата_крупные
94504000,муниципальный округ Балезинский район,3,высокая rs_отгружено_доля_нераскрыто; низкая rs_зарплата_крупные
89624000,Инсарский муниципальный район,3,высокая rs_отгружено_доля_нераскрыто; низкая rs_зарплата_крупные
92615000,Балтасинский муниципальный район,3,высокая rs_отгружено_доля_нераскрыто; низкая rs_зарплата_крупные
52701000,городской округ город Омск,2,высокая rs_отгружено_доля_Раздел C Обрабатывающие производства; высокая rs_работники_доля_Раздел C Обрабатывающие производства
27519000,муниципальный округ Правдинский,3,высокая rs_отгружено_доля_нераскрыто; низкая rs_зарплата_крупные
61658000,Шиловский муниципальный район,3,высокая rs_отгружено_доля_нераскрыто; низкая rs_зарплата_крупные
71956000,городской округ город Новый Уренгой,0,высокая rs_отгружено_доля_Раздел В Добыча полезных ископаемых; высокая geo_dist_to_city_500k_km
57528000,муниципальный округ Кудымкарский,3,высокая rs_отгружено_доля_нераскрыто; низкая rs_зарплата_крупные
18650000,Серафимовичский муниципальный район,3,высокая rs_отгружено_доля_нераскрыто; низкая rs_зарплата_крупные
50621000,Колыванский муниципальный район,3,высокая rs_отгружено_доля_нераскрыто; низкая rs_зарплата_крупные
93625000,Монгун-Тайгинский муниципальный район,3,высокая rs_отгружено_доля_нераскрыто; низкая rs_зарплата_крупные
45356000,внутригородская территория города федерального значения муниципальный округ Марфино,1,низкая geo_dist_to_city_100k_km; высокая geo_market_potential
40392000,внутригородская территория города федерального значения муниципальный округ Аптекарский остров,1,низкая geo_dist_to_city_100k_km; высокая geo_market_potential
22553000,Тоншаевский муниципальный округ,3,высокая rs_отгружено_доля_нераскрыто; низкая rs_зарплата_крупные
98624000,Кобяйский муниципальный район,0,высокая rs_отгружено_доля_Раздел В Добыча полезных ископаемых; высокая geo_dist_to_city_500k_km
46758000,городской округ Пушкинский,2,высокая rs_отгружено_доля_Раздел C Обрабатывающие производства; высокая rs_работники_доля_Раздел C Обрабатывающие производства
98701000,городской округ город Якутск,0,высокая rs_отгружено_доля_Раздел В Добыча полезных ископаемых; высокая geo_dist_to_city_500k_km
45336000,внутригородская территория города федерального значения муниципальный округ Войковский,1,низкая geo_dist_to_city_100k_km; высокая geo_market_potential
92657000,Тукаевский муниципальный район,2,высокая rs_отгружено_доля_Раздел C Обрабатывающие производства; высокая rs_работники_доля_Раздел C Обрабатывающие производства
40374000,внутригородская территория города федерального значения муниципальный округ Гагаринское,1,низкая geo_dist_to_city_100k_km; высокая geo_market_potential
37526000,Петуховский муниципальный округ,3,высокая rs_отгружено_доля_нераскрыто; низкая rs_зарплата_крупные
11851000,городской округ город Нарьян-Мар,0,высокая rs_отгружено_доля_Раздел В Добыча полезных ископаемых; высокая geo_dist_to_city_500k_km
57544000,городской округ Очерский,3,высокая rs_отгружено_доля_нераскрыто; низкая rs_зарплата_крупные
65740000,городской округ город Каменск-Уральский,2,высокая rs_отгружено_доля_Раздел C Обрабатывающие производства; высокая rs_работники_доля_Раздел C Обрабатывающие производства
45386000,внутригородская территория города федерального значения муниципальный округ Капотня,1,низкая geo_dist_to_city_100k_km; высокая geo_market_potential
95715000,городской округ город Черногорск,2,высокая rs_отгружено_доля_Раздел C Обрабатывающие производства; высокая rs_работники_доля_Раздел C Обрабатывающие производства
71883000,городской округ город Когалым,0,высокая rs_отгружено_доля_Раздел В Добыча полезных ископаемых; высокая geo_dist_to_city_500k_km
22545000,Пильнинский муниципальный округ,3,высокая rs_отгружено_доля_нераскрыто; низкая rs_зарплата_крупные
49545000,муниципальный округ Хвойнинский,3,высокая rs_отгружено_доля_нераскрыто; низкая rs_зарплата_крупные
50659000,Чулымский муниципальный район,3,высокая rs_отгружено_доля_нераскрыто; низкая rs_зарплата_крупные
82705000,городской округ город Буйнакск,3,высокая rs_отгружено_доля_нераскрыто; низкая rs_зарплата_крупные
04701000,городской округ город Красноярск,2,высокая rs_отгружено_доля_Раздел C Обрабатывающие производства; высокая rs_работники_доля_Раздел C Обрабатывающие производства
08637000,муниципальный район имени Полины Осипенко,0,высокая rs_отгружено_доля_Раздел В Добыча полезных ископаемых; высокая geo_dist_to_city_500k_km
76544000,Тунгокоченский муниципальный округ,3,высокая rs_отгружено_доля_нераскрыто; низкая rs_зарплата_крупные
98618000,Вилюйский муниципальный район,0,высокая rs_отгружено_доля_Раздел В Добыча полезных ископаемых; высокая geo_dist_to_city_500k_km
33522000,муниципальный округ Лузский,3,высокая rs_отгружено_доля_нераскрыто; низкая rs_зарплата_крупные
19524000,Грязовецкий муниципальный округ,2,высокая rs_отгружено_доля_Раздел C Обрабатывающие производства; высокая rs_работники_доля_Раздел C Обрабатывающие производства
79622000,Майкопский муниципальный район,3,высокая rs_отгружено_доля_нераскрыто; низкая rs_зарплата_крупные
33614000,Зуевский муниципальный район,3,высокая rs_отгружено_доля_нераскрыто; низкая rs_зарплата_крупные
80703000,городской округ город Агидель,3,высокая rs_отгружено_доля_нераскрыто; низкая rs_зарплата_крупные
44510000,муниципальный округ Среднеканский,0,высокая rs_отгружено_доля_Раздел В Добыча полезных ископаемых; высокая geo_dist_to_city_500k_km
22518000,Ветлужский муниципальный округ,3,высокая rs_отгружено_доля_нераскрыто; низкая rs_зарплата_крупные
54629000,Ливенский муниципальный район,3,высокая rs_отгружено_доля_нераскрыто; низкая rs_зарплата_крупные
22505000,Балахнинский муниципальный округ,2,высокая rs_отгружено_доля_Раздел C Обрабатывающие производства; высокая rs_работники_доля_Раздел C Обрабатывающие производства
58512000,Дновский муниципальный район,2,высокая rs_отгружено_доля_Раздел C Обрабатывающие производства; высокая rs_работники_доля_Раздел C Обрабатывающие производства
57542000,городской округ Оханский,3,высокая rs_отгружено_доля_нераскрыто; низкая rs_зарплата_крупные
33632000,Подосиновский муниципальный район,3,высокая rs_отгружено_доля_нераскрыто; низкая rs_зарплата_крупные
89618000,Ельниковский муниципальный район,3,высокая rs_отгружено_доля_нераскрыто; низкая rs_зарплата_крупные
45379000,внутригородская территория города федерального значения муниципальный округ Мещанский,1,низкая geo_dist_to_city_100k_km; высокая geo_market_potential
01706000,городской округ город Заринск,2,высокая rs_отгружено_доля_Раздел C Обрабатывающие производства; высокая rs_работники_доля_Раздел C Обрабатывающие производства
41606000,Волосовский муниципальный район,2,высокая rs_отгружено_доля_Раздел C Обрабатывающие производства; высокая rs_работники_доля_Раздел C Обрабатывающие производства
37542000,муниципальный округ Шумихинский,3,высокая rs_отгружено_доля_нераскрыто; низкая rs_зарплата_крупные
25609000,Боханский муниципальный район,3,высокая rs_отгружено_доля_нераскрыто; низкая rs_зарплата_крупные
68725000,городской округ город Рассказово,2,высокая rs_отгружено_доля_Раздел C Обрабатывающие производства; высокая rs_работники_доля_Раздел C Обрабатывающие производства
80640000,Кушнаренковский муниципальный район,3,высокая rs_отгружено_доля_нераскрыто; низкая rs_зарплата_крупные
77510000,городской округ Провиденский,0,высокая rs_отгружено_доля_Раздел В Добыча полезных ископаемых; высокая geo_dist_to_city_500k_km
34536000,Поназыревский муниципальный округ,3,высокая rs_отгружено_доля_нераскрыто; низкая rs_зарплата_крупные
53651000,Ташлинский муниципальный район,3,высокая rs_отгружено_доля_нераскрыто; низкая rs_зарплата_крупные
82639000,Новолакский муниципальный район,3,высокая rs_отгружено_доля_нераскрыто; низкая rs_зарплата_крупные
65539000,городской округ Красноуфимский округ,3,высокая rs_отгружено_доля_нераскрыто; низкая rs_зарплата_крупные
83701000,городской округ Нальчик,2,высокая rs_отгружено_доля_Раздел C Обрабатывающие производства; высокая rs_работники_доля_Раздел C Обрабатывающие производства
98659000,Эвено-Бытантайский национальный муниципальный район,3,высокая rs_отгружено_доля_нераскрыто; низкая rs_зарплата_крупные
33647000,Шабалинский муниципальный район,3,высокая rs_отгружено_доля_нераскрыто; низкая rs_зарплата_крупные
56643000,Лунинский муниципальный район,3,высокая rs_отгружено_доля_нераскрыто; низкая rs_зарплата_крупные
37701000,городской округ город Курган,2,высокая rs_отгружено_доля_Раздел C Обрабатывающие производства; высокая rs_работники_доля_Раздел C Обрабатывающие производства
92653000,Сармановский муниципальный район,3,высокая rs_отгружено_доля_нераскрыто; низкая rs_зарплата_крупные
33619000,Котельничский муниципальный район,3,высокая rs_отгружено_доля_нераскрыто; низкая rs_зарплата_крупные
57504000,городской округ город Березники,2,высокая rs_отгружено_доля_Раздел C Обрабатывающие производства; высокая rs_работники_доля_Раздел C Обрабатывающие производства
53712000,городской округ город Бузулук,0,высокая rs_отгружено_доля_Раздел В Добыча полезных ископаемых; высокая geo_dist_to_city_500k_km
07715000,городской округ город-курорт Кисловодск,2,высокая rs_отгружено_доля_Раздел C Обрабатывающие производства; высокая rs_работники_доля_Раздел C Обрабатывающие производства
71819000,Нижневартовский муниципальный район,0,высокая rs_отгружено_доля_Раздел В Добыча полезных ископаемых; высокая geo_dist_to_city_500k_km
73644000,Сурский муниципальный район,3,высокая rs_отгружено_доля_нераскрыто; низкая rs_зарплата_крупные
08612000,Ванинский муниципальный район,0,высокая rs_отгружено_доля_Раздел В Добыча полезных ископаемых; высокая geo_dist_to_city_500k_km
28534000,муниципальный округ Кувшиновский,3,высокая rs_отгружено_доля_нераскрыто; низкая rs_зарплата_крупные
11542000,Мезенский муниципальный округ,3,высокая rs_отгружено_доля_нераскрыто; низкая rs_зарплата_крупные
46566000,городской округ Рузский,2,высокая rs_отгружено_доля_Раздел C Обрабатывающие производства; высокая rs_работники_доля_Раздел C Обрабатывающие производства
45926000,внутригородская территория города федерального значения муниципальный округ Чертаново Южное,1,низкая geo_dist_to_city_100k_km; высокая geo_market_potential
94514000,муниципальный округ Дебёсский район,3,высокая rs_отгружено_доля_нераскрыто; низкая rs_зарплата_крупные
65503000,городской округ Артинский,3,высокая rs_отгружено_доля_нераскрыто; низкая rs_зарплата_крупные
70701000,городской округ город Тула,2,высокая rs_отгружено_доля_Раздел C Обрабатывающие производства; высокая rs_работники_доля_Раздел C Обрабатывающие производства
11527000,Котласский муниципальный округ,0,высокая rs_отгружено_доля_Раздел В Добыча полезных ископаемых; высокая geo_dist_to_city_500k_km
46750000,городской округ Наро-Фоминский,2,высокая rs_отгружено_доля_Раздел C Обрабатывающие производства; высокая rs_работники_доля_Раздел C Обрабатывающие производства
65519000,городской округ Карпинск,3,высокая rs_отгружено_доля_нераскрыто; низкая rs_зарплата_крупные
57557000,городской округ Чернушинский,0,высокая rs_отгружено_доля_Раздел В Добыча полезных ископаемых; высокая geo_dist_to_city_500k_km
81615000,Еравнинский муниципальный район,0,высокая rs_отгружено_доля_Раздел В Добыча полезных ископаемых; высокая geo_dist_to_city_500k_km
45357000,внутригородская территория города федерального значения муниципальный округ Марьина роща,1,низкая geo_dist_to_city_100k_km; высокая geo_market_potential
33540000,муниципальный округ Унинский,3,высокая rs_отгружено_доля_нераскрыто; низкая rs_зарплата_крупные
93620000,Каа-Хемский муниципальный район,3,высокая rs_отгружено_доля_нераскрыто; низкая rs_зарплата_крупные
58701000,городской округ город Псков,2,высокая rs_отгружено_доля_Раздел C Обрабатывающие производства; высокая rs_работники_доля_Раздел C Обрабатывающие производства
56603000,Башмаковский муниципальный район,3,высокая rs_отгружено_доля_нераскрыто; низкая rs_зарплата_крупные
24706000,городской округ Кохма,3,высокая rs_отгружено_доля_нераскрыто; низкая rs_зарплата_крупные
97513000,Ибресинский муниципальный округ,3,высокая rs_отгружено_доля_нераскрыто; низкая rs_зарплата_крупные
12620000,Икрянинский муниципальный район,2,высокая rs_отгружено_доля_Раздел C Обрабатывающие производства; высокая rs_работники_доля_Раздел C Обрабатывающие производства
98660000,Нерюнгринский муниципальный район,0,высокая rs_отгружено_доля_Раздел В Добыча полезных ископаемых; высокая geo_dist_to_city_500k_km
40318000,внутригородская территория города федерального значения муниципальный округ Сергиевское,2,высокая rs_отгружено_доля_Раздел C Обрабатывающие производства; высокая rs_работники_доля_Раздел C Обрабатывающие производства
87620000,муниципальный район Печора,0,высокая rs_отгружено_доля_Раздел В Добыча полезных ископаемых; высокая geo_dist_to_city_500k_km
92617000,Бугульминский муниципальный район,2,высокая rs_отгружено_доля_Раздел C Обрабатывающие производства; высокая rs_работники_доля_Раздел C Обрабатывающие производства
18658000,Чернышковский муниципальный район,3,высокая rs_отгружено_доля_нераскрыто; низкая rs_зарплата_крупные
44502000,муниципальный округ Ольский,3,высокая rs_отгружено_доля_нераскрыто; низкая rs_зарплата_крупные
18604000,Быковский муниципальный район,3,высокая rs_отгружено_доля_нераскрыто; низкая rs_зарплата_крупные
80644000,Миякинский муниципальный район,3,высокая rs_отгружено_доля_нераскрыто; низкая rs_зарплата_крупные
65545000,городской округ Полевской,2,высокая rs_отгружено_доля_Раздел C Обрабатывающие производства; высокая rs_работники_доля_Раздел C Обрабатывающие производства
45373000,внутригородская территория города федерального значения муниципальный округ Южное Тушино,1,низкая geo_dist_to_city_100k_km; высокая geo_market_potential
01655000,Усть-Пристанский муниципальный район,3,высокая rs_отгружено_доля_нераскрыто; низкая rs_зарплата_крупные
19526000,Кадуйский муниципальный округ,0,высокая rs_отгружено_доля_Раздел В Добыча полезных ископаемых; высокая geo_dist_to_city_500k_km
12701000,городской округ город Астрахань,2,высокая rs_отгружено_доля_Раздел C Обрабатывающие производства; высокая rs_работники_доля_Раздел C Обрабатывающие производства
05510000,Кавалеровский муниципальный округ,3,высокая rs_отгружено_доля_нераскрыто; низкая rs_зарплата_крупные
57735000,городской округ Чайковский,2,высокая rs_отгружено_доля_Раздел C Обрабатывающие производства; высокая rs_работники_доля_Раздел C Обрабатывающие производства
25657000,Эхирит-Булагатский муниципальный район,3,высокая rs_отгружено_доля_нераскрыто; низкая rs_зарплата_крупные
33710000,городской округ город Котельнич,2,высокая rs_отгружено_доля_Раздел C Обрабатывающие производства; высокая rs_работники_доля_Раздел C Обрабатывающие производства
46704000,городской округ Балашиха,1,низкая geo_dist_to_city_100k_km; высокая geo_market_potential
54650000,Покровский муниципальный район,3,высокая rs_отгружено_доля_нераскрыто; низкая rs_зарплата_крупные
10515000,Бурейский муниципальный округ,0,высокая rs_отгружено_доля_Раздел В Добыча полезных ископаемых; высокая geo_dist_to_city_500k_km
64540000,городской округ Поронайский,0,высокая rs_отгружено_доля_Раздел В Добыча полезных ископаемых; высокая geo_dist_to_city_500k_km
94730000,городской округ город Можга,2,высокая rs_отгружено_доля_Раздел C Обрабатывающие производства; высокая rs_работники_доля_Раздел C Обрабатывающие производства
30519000,Усть-Камчатский муниципальный район,0,высокая rs_отгружено_доля_Раздел В Добыча полезных ископаемых; высокая geo_dist_to_city_500k_km
25703000,городской округ Ангарский,2,высокая rs_отгружено_доля_Раздел C Обрабатывающие производства; высокая rs_работники_доля_Раздел C Обрабатывающие производства
85642000,Черноземельский муниципальный район,3,высокая rs_отгружено_доля_нераскрыто; низкая rs_зарплата_крупные
34614000,Костромской муниципальный район,2,высокая rs_отгружено_доля_Раздел C Обрабатывающие производства; высокая rs_работники_доля_Раздел C Обрабатывающие производства
37540000,Шатровский муниципальный округ,3,высокая rs_отгружено_доля_нераскрыто; низкая rs_зарплата_крупные
29715000,городской округ город Обнинск,2,высокая rs_отгружено_доля_Раздел C Обрабатывающие производства; высокая rs_работники_доля_Раздел C Обрабатывающие производства
25638000,Тулунский муниципальный район,0,высокая rs_отгружено_доля_Раздел В Добыча полезных ископаемых; высокая geo_dist_to_city_500k_km
07503000,Андроповский муниципальный округ,3,высокая rs_отгружено_доля_нераскрыто; низкая rs_зарплата_крупные
80613000,Бирский муниципальный район,2,высокая rs_отгружено_доля_Раздел C Обрабатывающие производства; высокая rs_работники_доля_Раздел C Обрабатывающие производства
01626000,Мамонтовский муниципальный район,3,высокая rs_отгружено_доля_нераскрыто; низкая rs_зарплата_крупные
33610000,Вятскополянский муниципальный район,3,высокая rs_отгружено_доля_нераскрыто; низкая rs_зарплата_крупные
57508000,муниципальный округ Большесосновский,3,высокая rs_отгружено_доля_нераскрыто; низкая rs_зарплата_крупные
05517000,Лазовский муниципальный округ,3,высокая rs_отгружено_доля_нераскрыто; низкая rs_зарплата_крупные
45376000,внутригородская территория города федерального значения муниципальный округ Замоскворечье,1,низкая geo_dist_to_city_100k_km; высокая geo_market_potential
22519000,Вознесенский муниципальный округ,3,высокая rs_отгружено_доля_нераскрыто; низкая rs_зарплата_крупные
85615000,Лаганский муниципальный район,3,высокая rs_отгружено_доля_нераскрыто; низкая rs_зарплата_крупные
45397000,внутригородская территория города федерального значения муниципальный округ Академический,1,низкая geo_dist_to_city_100k_km; высокая geo_market_potential
57503000,муниципальный округ Бардымский,0,высокая rs_отгружено_доля_Раздел В Добыча полезных ископаемых; высокая geo_dist_to_city_500k_km
24705000,городской округ Кинешма,2,высокая rs_отгружено_доля_Раздел C Обрабатывающие производства; высокая rs_работники_доля_Раздел C Обрабатывающие производства
27717000,городской округ Пионерский,3,высокая rs_отгружено_доля_нераскрыто; низкая rs_зарплата_крупные
32546000,Яшкинский муниципальный округ,2,высокая rs_отгружено_доля_Раздел C Обрабатывающие производства; высокая rs_работники_доля_Раздел C Обрабатывающие производства
91603000,Адыге-Хабльский муниципальный район,3,высокая rs_отгружено_доля_нераскрыто; низкая rs_зарплата_крупные
81630000,Курумканский муниципальный район,3,высокая rs_отгружено_доля_нераскрыто; низкая rs_зарплата_крупные
98656000,Усть-Янский муниципальный район,0,высокая rs_отгружено_доля_Раздел В Добыча полезных ископаемых; высокая geo_dist_to_city_500k_km
70646000,Чернский муниципальный район,3,высокая rs_отгружено_доля_нераскрыто; низкая rs_зарплата_крупные
01514000,Змеиногорский муниципальный район,3,высокая rs_отгружено_доля_нераскрыто; низкая rs_зарплата_крупные
45903000,внутригородская территория города федерального значения муниципальный округ Котловка,1,низкая geo_dist_to_city_100k_km; высокая geo_market_potential
01624000,Кытмановский муниципальный район,3,высокая rs_отгружено_доля_нераскрыто; низкая rs_зарплата_крупные
63603000,Аркадакский муниципальный район,3,высокая rs_отгружено_доля_нераскрыто; низкая rs_зарплата_крупные
53607000,Асекеевский муниципальный район,3,высокая rs_отгружено_доля_нераскрыто; низкая rs_зарплата_крупные
69636000,Кривошеинский муниципальный район,3,высокая rs_отгружено_доля_нераскрыто; низкая rs_зарплата_крупные
18520000,городской округ город Михайловка,2,высокая rs_отгружено_доля_Раздел C Обрабатывающие производства; высокая rs_работники_доля_Раздел C Обрабатывающие производства
66710000,городской округ город Десногорск,0,высокая rs_отгружено_доля_Раздел В Добыча полезных ископаемых; высокая geo_dist_to_city_500k_km
45353000,внутригородская территория города федерального значения муниципальный округ Бутырский,1,низкая geo_dist_to_city_100k_km; высокая geo_market_potential
70626000,Кимовский муниципальный район,2,высокая rs_отгружено_доля_Раздел C Обрабатывающие производства; высокая rs_работники_доля_Раздел C Обрабатывающие производства
08655000,Хабаровский муниципальный район,0,высокая rs_отгружено_доля_Раздел В Добыча полезных ископаемых; высокая geo_dist_to_city_500k_km
65639000,Слободо-Туринский муниципальный район,3,высокая rs_отгружено_доля_нераскрыто; низкая rs_зарплата_крупные
40302000,внутригородская территория города федерального значения муниципальный округ Сенной округ,1,низкая geo_dist_to_city_100k_km; высокая geo_market_potential
80650000,Татышлинский муниципальный район,0,высокая rs_отгружено_доля_Раздел В Добыча полезных ископаемых; высокая geo_dist_to_city_500k_km
78715000,городской округ город Рыбинск,2,высокая rs_отгружено_доля_Раздел C Обрабатывающие производства; высокая rs_работники_доля_Раздел C Обрабатывающие производства
40910000,внутригородская территория города федерального значения муниципальный округ Литейный округ,1,низкая geo_dist_to_city_100k_km; высокая geo_market_potential
44701000,городской округ город Магадан,0,высокая rs_отгружено_доля_Раздел В Добыча полезных ископаемых; высокая geo_dist_to_city_500k_km
61526000,Путятинский муниципальный округ,3,высокая rs_отгружено_доля_нераскрыто; низкая rs_зарплата_крупные
28522000,муниципальный округ Калязинский,3,высокая rs_отгружено_доля_нераскрыто; низкая rs_зарплата_крупные
85620000,Малодербетовский муниципальный район,3,высокая rs_отгружено_доля_нераскрыто; низкая rs_зарплата_крупные
46746000,городской округ Мытищи,1,низкая geo_dist_to_city_100k_km; высокая geo_market_potential
19520000,Вологодский муниципальный округ,2,высокая rs_отгружено_доля_Раздел C Обрабатывающие производства; высокая rs_работники_доля_Раздел C Обрабатывающие производства
68730000,городской округ город Уварово,3,высокая rs_отгружено_доля_нераскрыто; низкая rs_зарплата_крупные
28512000,городской округ Вышневолоцкий,2,высокая rs_отгружено_доля_Раздел C Обрабатывающие производства; высокая rs_работники_доля_Раздел C Обрабатывающие производства
41603000,Бокситогорский муниципальный район,2,высокая rs_отгружено_доля_Раздел C Обрабатывающие производства; высокая rs_работники_доля_Раздел C Обрабатывающие производства
77505000,городской округ Певек,0,высокая rs_отгружено_доля_Раздел В Добыча полезных ископаемых; высокая geo_dist_to_city_500k_km
89634000,Краснослободский муниципальный район,3,высокая rs_отгружено_доля_нераскрыто; низкая rs_зарплата_крупные
87626000,муниципальный район Сосногорск,0,высокая rs_отгружено_доля_Раздел В Добыча полезных ископаемых; высокая geo_dist_to_city_500k_km
76654000,Шилкинский муниципальный район,0,высокая rs_отгружено_доля_Раздел В Добыча полезных ископаемых; высокая geo_dist_to_city_500k_km
11622000,Коношский муниципальный район,3,высокая rs_отгружено_доля_нераскрыто; низкая rs_зарплата_крупные
77609000,Билибинский муниципальный район,0,высокая rs_отгружено_доля_Раздел В Добыча полезных ископаемых; высокая geo_dist_to_city_500k_km
61508000,Касимовский муниципальный район,2,высокая rs_отгружено_доля_Раздел C Обрабатывающие производства; высокая rs_работники_доля_Раздел C Обрабатывающие производства
46788000,городской округ Щёлково,2,высокая rs_отгружено_доля_Раздел C Обрабатывающие производства; высокая rs_работники_доля_Раздел C Обрабатывающие производства
46778000,городской округ Талдомский,3,высокая rs_отгружено_доля_нераскрыто; низкая rs_зарплата_крупные
54624000,Краснозоренский муниципальный район,3,высокая rs_отгружено_доля_нераскрыто; низкая rs_зарплата_крупные
01716000,городской округ город Рубцовск,2,высокая rs_отгружено_доля_Раздел C Обрабатывающие производства; высокая rs_работники_доля_Раздел C Обрабатывающие производства
65505000,городской округ Ачитский,3,высокая rs_отгружено_доля_нераскрыто; низкая rs_зарплата_крупные
40314000,внутригородская территория города федерального значения муниципальный округ Сампсониевское,1,низкая geo_dist_to_city_100k_km; высокая geo_market_potential
88624000,Мари-Турекский муниципальный район,3,высокая rs_отгружено_доля_нераскрыто; низкая rs_зарплата_крупные
36724000,городской округ Отрадный,2,высокая rs_отгружено_доля_Раздел C Обрабатывающие производства; высокая rs_работники_доля_Раздел C Обрабатывающие производства
41624000,Киришский муниципальный район,2,высокая rs_отгружено_доля_Раздел C Обрабатывающие производства; высокая rs_работники_доля_Раздел C Обрабатывающие производства
45905000,внутригородская территория города федерального значения муниципальный округ Обручевский,1,низкая geo_dist_to_city_100k_km; высокая geo_market_potential
65556000,городской округ Туринский,3,высокая rs_отгружено_доля_нераскрыто; низкая rs_зарплата_крупные
92645000,Новошешминский муниципальный район,0,высокая rs_отгружено_доля_Раздел В Добыча полезных ископаемых; высокая geo_dist_to_city_500k_km
89701000,городской округ Саранск,2,высокая rs_отгружено_доля_Раздел C Обрабатывающие производства; высокая rs_работники_доля_Раздел C Обрабатывающие производства
82607000,Бабаюртовский муниципальный район,3,высокая rs_отгружено_доля_нераскрыто; низкая rs_зарплата_крупные
32525000,Промышленновский муниципальный округ,3,высокая rs_отгружено_доля_нераскрыто; низкая rs_зарплата_крупные
07554000,Труновский муниципальный округ,3,высокая rs_отгружено_доля_нераскрыто; низкая rs_зарплата_крупные
40385000,внутригородская территория города федерального значения муниципальный округ Оккервиль,3,высокая rs_отгружено_доля_нераскрыто; низкая rs_зарплата_крупные
75715000,городской округ Карабашский,3,высокая rs_отгружено_доля_нераскрыто; низкая rs_зарплата_крупные
45324000,внутригородская территория города федерального значения муниципальный округ Проспект Вернадского,1,низкая geo_dist_to_city_100k_km; высокая geo_market_potential
93640000,Тандинский муниципальный район,3,высокая rs_отгружено_доля_нераскрыто; низкая rs_зарплата_крупные
45911000,внутригородская территория города федерального значения муниципальный округ Бирюлево Восточное,1,низкая geo_dist_to_city_100k_km; высокая geo_market_potential
46759000,городской округ Павлово-Посадский,2,высокая rs_отгружено_доля_Раздел C Обрабатывающие производства; высокая rs_работники_доля_Раздел C Обрабатывающие производства
98658000,Чурапчинский муниципальный район,3,высокая rs_отгружено_доля_нераскрыто; низкая rs_зарплата_крупные
45306000,внутригородская территория города федерального значения муниципальный округ Ивановское,1,низкая geo_dist_to_city_100k_km; высокая geo_market_potential
75734000,городской округ Кыштымский,2,высокая rs_отгружено_доля_Раздел C Обрабатывающие производства; высокая rs_работники_доля_Раздел C Обрабатывающие производства
81657000,Хоринский муниципальный район,3,высокая rs_отгружено_доля_нераскрыто; низкая rs_зарплата_крупные
45372000,внутригородская территория города федерального значения муниципальный округ Щукино,1,низкая geo_dist_to_city_100k_km; высокая geo_market_potential
66554000,Холм-Жирковский муниципальный район,3,высокая rs_отгружено_доля_нераскрыто; низкая rs_зарплата_крупные
07710000,городской округ город-курорт Ессентуки,3,высокая rs_отгружено_доля_нераскрыто; низкая rs_зарплата_крупные
95702000,городской округ город Абаза,3,высокая rs_отгружено_доля_нераскрыто; низкая rs_зарплата_крупные
56613000,Бессоновский муниципальный район,2,высокая rs_отгружено_доля_Раздел C Обрабатывающие производства; высокая rs_работники_доля_Раздел C Обрабатывающие производства
40327000,внутригородская территория города федерального значения муниципальный округ Коломяги,2,высокая rs_отгружено_доля_Раздел C Обрабатывающие производства; высокая rs_работники_доля_Раздел C Обрабатывающие производства
49523000,муниципальный округ Марёвский,3,высокая rs_отгружено_доля_нераскрыто; низкая rs_зарплата_крупные
07543000,Новоалександровский муниципальный округ,2,высокая rs_отгружено_доля_Раздел C Обрабатывающие производства; высокая rs_работники_доля_Раздел C Обрабатывающие производства
01652000,Тюменцевский муниципальный район,3,высокая rs_отгружено_доля_нераскрыто; низкая rs_зарплата_крупные
73648000,Тереньгульский муниципальный район,3,высокая rs_отгружено_доля_нераскрыто; низкая rs_зарплата_крупные
57551000,городской округ Суксунский,3,высокая rs_отгружено_доля_нераскрыто; низкая rs_зарплата_крупные
65547000,городской округ Режевской,2,высокая rs_отгружено_доля_Раздел C Обрабатывающие производства; высокая rs_работники_доля_Раздел C Обрабатывающие производства
45350000,внутригородская территория города федерального значения муниципальный округ Алтуфьевский,1,низкая geo_dist_to_city_100k_km; высокая geo_market_potential
40332000,внутригородская территория города федерального значения муниципальный округ Пискаревка,2,высокая rs_отгружено_доля_Раздел C Обрабатывающие производства; высокая rs_работники_доля_Раздел C Обрабатывающие производства
70608000,Богородицкий муниципальный район,2,высокая rs_отгружено_доля_Раздел C Обрабатывающие производства; высокая rs_работники_доля_Раздел C Обрабатывающие производства
22532000,Дивеевский муниципальный округ,3,высокая rs_отгружено_доля_нераскрыто; низкая rs_зарплата_крупные
97701000,городской округ город Чебоксары,2,высокая rs_отгружено_доля_Раздел C Обрабатывающие производства; высокая rs_работники_доля_Раздел C Обрабатывающие производства
45327000,внутригородская территория города федерального значения муниципальный округ Тропарево-Никулино,1,низкая geo_dist_to_city_100k_km; высокая geo_market_potential
57534000,городской округ Нытвенский,2,высокая rs_отгружено_доля_Раздел C Обрабатывающие производства; высокая rs_работники_доля_Раздел C Обрабатывающие производства
33707000,городской округ город Кирово-Чепецк,2,высокая rs_отгружено_доля_Раздел C Обрабатывающие производства; высокая rs_работники_доля_Раздел C Обрабатывающие производства
92620000,Верхнеуслонский муниципальный район,1,низкая geo_dist_to_city_100k_km; высокая geo_market_potential
45369000,внутригородская территория города федерального значения муниципальный округ Северное Тушино,1,низкая geo_dist_to_city_100k_km; высокая geo_market_potential
80621000,Гафурийский муниципальный район,3,высокая rs_отгружено_доля_нераскрыто; низкая rs_зарплата_крупные
84640000,Усть-Коксинский муниципальный район,3,высокая rs_отгружено_доля_нераскрыто; низкая rs_зарплата_крупные
05723000,городской округ Уссурийский,2,высокая rs_отгружено_доля_Раздел C Обрабатывающие производства; высокая rs_работники_доля_Раздел C Обрабатывающие производства
98601000,Абыйский муниципальный район,0,высокая rs_отгружено_доля_Раздел В Добыча полезных ископаемых; высокая geo_dist_to_city_500k_km
75548000,Пластовский муниципальный район,3,высокая rs_отгружено_доля_нераскрыто; низкая rs_зарплата_крупные
97507000,Батыревский муниципальный округ,3,высокая rs_отгружено_доля_нераскрыто; низкая rs_зарплата_крупные
76512000,Забайкальский муниципальный район,0,высокая rs_отгружено_доля_Раздел В Добыча полезных ископаемых; высокая geo_dist_to_city_500k_km
88628000,Медведевский муниципальный район,2,высокая rs_отгружено_доля_Раздел C Обрабатывающие производства; высокая rs_работники_доля_Раздел C Обрабатывающие производства
28555000,муниципальный округ Торопецкий,3,высокая rs_отгружено_доля_нераскрыто; низкая rs_зарплата_крупные
57516000,муниципальный округ Губахинский,2,высокая rs_отгружено_доля_Раздел C Обрабатывающие производства; высокая rs_работники_доля_Раздел C Обрабатывающие производства
57514000,городской округ Горнозаводский,3,высокая rs_отгружено_доля_нераскрыто; низкая rs_зарплата_крупные
45902000,внутригородская территория города федерального значения муниципальный округ Коньково,1,низкая geo_dist_to_city_100k_km; высокая geo_market_potential
65763000,городской округ Рефтинский,0,высокая rs_отгружено_доля_Раздел В Добыча полезных ископаемых; высокая geo_dist_to_city_500k_km
73701000,городской округ город Ульяновск,2,высокая rs_отгружено_доля_Раздел C Обрабатывающие производства; высокая rs_работники_доля_Раздел C Обрабатывающие производства
58558000,Усвятский муниципальный район,3,высокая rs_отгружено_доля_нераскрыто; низкая rs_зарплата_крупные
34524000,Нейский муниципальный округ,3,высокая rs_отгружено_доля_нераскрыто; низкая rs_зарплата_крупные
89637000,Лямбирский муниципальный район,3,высокая rs_отгружено_доля_нераскрыто; низкая rs_зарплата_крупные
45316000,внутригородская территория города федерального значения муниципальный округ Преображенское,1,низкая geo_dist_to_city_100k_km; высокая geo_market_potential
45375000,внутригородская территория города федерального значения муниципальный округ Басманный,1,низкая geo_dist_to_city_100k_km; высокая geo_market_potential
01603000,Баевский муниципальный район,3,высокая rs_отгружено_доля_нераскрыто; низкая rs_зарплата_крупные
79615000,Кошехабльский муниципальный район,3,высокая rs_отгружено_доля_нераскрыто; низкая rs_зарплата_крупные
18646000,Кумылженский муниципальный район,3,высокая rs_отгружено_доля_нераскрыто; низкая rs_зарплата_крупные
45913000,внутригородская территория города федерального значения муниципальный округ Братеево,1,низкая geo_dist_to_city_100k_km; высокая geo_market_potential
40353000,внутригородская территория города федерального значения город Красное Село,2,высокая rs_отгружено_доля_Раздел C Обрабатывающие производства; высокая rs_работники_доля_Раздел C Обрабатывающие производства
63614000,Духовницкий муниципальный район,3,высокая rs_отгружено_доля_нераскрыто; низкая rs_зарплата_крупные
58547000,Порховский муниципальный район,3,высокая rs_отгружено_доля_нераскрыто; низкая rs_зарплата_крупные
45352000,внутригородская территория города федерального значения муниципальный округ Бибирево,1,низкая geo_dist_to_city_100k_km; высокая geo_market_potential
69658000,Шегарский муниципальный район,3,высокая rs_отгружено_доля_нераскрыто; низкая rs_зарплата_крупные
53610000,Беляевский муниципальный район,3,высокая rs_отгружено_доля_нераскрыто; низкая rs_зарплата_крупные
56655000,Пензенский муниципальный район,2,высокая rs_отгружено_доля_Раздел C Обрабатывающие производства; высокая rs_работники_доля_Раздел C Обрабатывающие производства
66519000,Ельнинский муниципальный район,3,высокая rs_отгружено_доля_нераскрыто; низкая rs_зарплата_крупные
69616000,Верхнекетский муниципальный район,3,высокая rs_отгружено_доля_нераскрыто; низкая rs_зарплата_крупные
82730000,городской округ город Кизляр,3,высокая rs_отгружено_доля_нераскрыто; низкая rs_зарплата_крупные
28514000,муниципальный округ Жарковский,3,высокая rs_отгружено_доля_нераскрыто; низкая rs_зарплата_крупные
28538000,муниципальный округ Лихославльский,2,высокая rs_отгружено_доля_Раздел C Обрабатывающие производства; высокая rs_работники_доля_Раздел C Обрабатывающие производства
53642000,Светлинский муниципальный район,3,высокая rs_отгружено_доля_нераскрыто; низкая rs_зарплата_крупные
80609000,Белебеевский муниципальный район,2,высокая rs_отгружено_доля_Раздел C Обрабатывающие производства; высокая rs_работники_доля_Раздел C Обрабатывающие производства
92642000,Муслюмовский муниципальный район,3,высокая rs_отгружено_доля_нераскрыто; низкая rs_зарплата_крупные
41633000,Лужский муниципальный район,2,высокая rs_отгружено_доля_Раздел C Обрабатывающие производства; высокая rs_работники_доля_Раздел C Обрабатывающие производства
44504000,муниципальный округ Омсукчанский,0,высокая rs_отгружено_доля_Раздел В Добыча полезных ископаемых; высокая geo_dist_to_city_500k_km
81624000,Кабанский муниципальный район,2,высокая rs_отгружено_доля_Раздел C Обрабатывающие производства; высокая rs_работники_доля_Раздел C Обрабатывающие производства
25732000,городской округ город Тулун,0,высокая rs_отгружено_доля_Раздел В Добыча полезных ископаемых; высокая geo_dist_to_city_500k_km
27518000,муниципальный округ Полесский,3,высокая rs_отгружено_доля_нераскрыто; низкая rs_зарплата_крупные
28543000,городской округ Нелидовский,3,высокая rs_отгружено_доля_нераскрыто; низкая rs_зарплата_крупные
63637000,Пугачевский муниципальный район,3,высокая rs_отгружено_доля_нераскрыто; низкая rs_зарплата_крупные
36740000,городской округ Тольятти,2,высокая rs_отгружено_доля_Раздел C Обрабатывающие производства; высокая rs_работники_доля_Раздел C Обрабатывающие производства
92630000,Камско-Устьинский муниципальный район,3,высокая rs_отгружено_доля_нераскрыто; низкая rs_зарплата_крупные
87648000,Усть-Куломский муниципальный район,3,высокая rs_отгружено_доля_нераскрыто; низкая rs_зарплата_крупные
56609000,Бековский муниципальный район,2,высокая rs_отгружено_доля_Раздел C Обрабатывающие производства; высокая rs_работники_доля_Раздел C Обрабатывающие производства
22554000,Уренский муниципальный округ,3,высокая rs_отгружено_доля_нераскрыто; низкая rs_зарплата_крупные
44516000,муниципальный округ Тенькинский,0,высокая rs_отгружено_доля_Раздел В Добыча полезных ископаемых; высокая geo_dist_to_city_500k_km
57558000,городской округ Чусовской,2,высокая rs_отгружено_доля_Раздел C Обрабатывающие производства; высокая rs_работники_доля_Раздел C Обрабатывающие производства
25736000,городской округ город Усолье-Сибирское,2,высокая rs_отгружено_доля_Раздел C Обрабатывающие производства; высокая rs_работники_доля_Раздел C Обрабатывающие производства
10720000,городской округ город Райчихинск,3,высокая rs_отгружено_доля_нераскрыто; низкая rs_зарплата_крупные
11558000,Шенкурский муниципальный округ,3,высокая rs_отгружено_доля_нераскрыто; низкая rs_зарплата_крупные
76515000,Каларский муниципальный округ,0,высокая rs_отгружено_доля_Раздел В Добыча полезных ископаемых; высокая geo_dist_to_city_500k_km
92644000,Нижнекамский муниципальный район,2,высокая rs_отгружено_доля_Раздел C Обрабатывающие производства; высокая rs_работники_доля_Раздел C Обрабатывающие производства
07539000,Минераловодский муниципальный округ,2,высокая rs_отгружено_доля_Раздел C Обрабатывающие производства; высокая rs_работники_доля_Раздел C Обрабатывающие производства
45922000,внутригородская территория города федерального значения муниципальный округ Орехово-Борисово Южное,1,низкая geo_dist_to_city_100k_km; высокая geo_market_potential
65544000,городской округ Новолялинский,3,высокая rs_отгружено_доля_нераскрыто; низкая rs_зарплата_крупные
63642000,Самойловский муниципальный район,3,высокая rs_отгружено_доля_нераскрыто; низкая rs_зарплата_крупные
87644000,Усть-Вымский муниципальный район,0,высокая rs_отгружено_доля_Раздел В Добыча полезных ископаемых; высокая geo_dist_to_city_500k_km
80614000,Благоварский муниципальный район,3,высокая rs_отгружено_доля_нераскрыто; низкая rs_зарплата_крупные
97510000,Вурнарский муниципальный округ,3,высокая rs_отгружено_доля_нераскрыто; низкая rs_зарплата_крупные
42701000,городской округ город Липецк,2,высокая rs_отгружено_доля_Раздел C Обрабатывающие производства; высокая rs_работники_доля_Раздел C Обрабатывающие производства
80617000,Буздякский муниципальный район,3,высокая rs_отгружено_доля_нераскрыто; низкая rs_зарплата_крупные
41615000,Выборгский муниципальный район,2,высокая rs_отгружено_доля_Раздел C Обрабатывающие производства; высокая rs_работники_доля_Раздел C Обрабатывающие производства
97541000,Цивильский муниципальный округ,2,высокая rs_отгружено_доля_Раздел C Обрабатывающие производства; высокая rs_работники_доля_Раздел C Обрабатывающие производства
69612000,Бакчарский муниципальный район,3,высокая rs_отгружено_доля_нераскрыто; низкая rs_зарплата_крупные
46728000,городской округ Сергиево-Посадский,2,высокая rs_отгружено_доля_Раздел C Обрабатывающие производства; высокая rs_работники_доля_Раздел C Обрабатывающие производства
24637000,Юрьевецкий муниципальный район,3,высокая rs_отгружено_доля_нераскрыто; низкая rs_зарплата_крупные
95709000,городской округ город Сорск,3,высокая rs_отгружено_доля_нераскрыто; низкая rs_зарплата_крупные
28510000,муниципальный округ Весьегонский,3,высокая rs_отгружено_доля_нераскрыто; низкая rs_зарплата_крупные
41636000,Подпорожский муниципальный район,3,высокая rs_отгружено_доля_нераскрыто; низкая rs_зарплата_крупные
92655000,Тетюшский муниципальный район,3,высокая rs_отгружено_доля_нераскрыто; низкая rs_зарплата_крупные
22552000,Тонкинский муниципальный округ,3,высокая rs_отгружено_доля_нераскрыто; низкая rs_зарплата_крупные
10554000,Тындинский муниципальный округ,0,высокая rs_отгружено_доля_Раздел В Добыча полезных ископаемых; высокая geo_dist_to_city_500k_km
66548000,Темкинский муниципальный район,3,высокая rs_отгружено_доля_нераскрыто; низкая rs_зарплата_крупные
96701000,городской округ город Грозный,2,высокая rs_отгружено_доля_Раздел C Обрабатывающие производства; высокая rs_работники_доля_Раздел C Обрабатывающие производства
75544000,Нязепетровский муниципальный район,3,высокая rs_отгружено_доля_нераскрыто; низкая rs_зарплата_крупные
76552000,Шелопугинский муниципальный район,3,высокая rs_отгружено_доля_нераскрыто; низкая rs_зарплата_крупные
86550000,Суоярвский муниципальный округ,3,высокая rs_отгружено_доля_нераскрыто; низкая rs_зарплата_крупные
86609000,Калевальский муниципальный район,3,высокая rs_отгружено_доля_нераскрыто; низкая rs_зарплата_крупные
45342000,внутригородская территория города федерального значения муниципальный округ Левобережный,1,низкая geo_dist_to_city_100k_km; высокая geo_market_potential
89631000,Кочкуровский муниципальный район,3,высокая rs_отгружено_доля_нераскрыто; низкая rs_зарплата_крупные
98615000,Верхнеколымский муниципальный район,0,высокая rs_отгружено_доля_Раздел В Добыча полезных ископаемых; высокая geo_dist_to_city_500k_km
87632000,Сысольский муниципальный район,3,высокая rs_отгружено_доля_нераскрыто; низкая rs_зарплата_крупные
70606000,Белевский муниципальный район,3,высокая rs_отгружено_доля_нераскрыто; низкая rs_зарплата_крупные
70622000,Заокский муниципальный район,3,высокая rs_отгружено_доля_нераскрыто; низкая rs_зарплата_крупные
57526000,муниципальный округ Кочевский,3,высокая rs_отгружено_доля_нераскрыто; низкая rs_зарплата_крупные
65732000,городской округ Верхняя Пышма,2,высокая rs_отгружено_доля_Раздел C Обрабатывающие производства; высокая rs_работники_доля_Раздел C Обрабатывающие производства
92656000,Тюлячинский муниципальный район,3,высокая rs_отгружено_доля_нераскрыто; низкая rs_зарплата_крупные
89649000,Темниковский муниципальный район,3,высокая rs_отгружено_доля_нераскрыто; низкая rs_зарплата_крупные
97544000,Чебоксарский муниципальный округ,2,высокая rs_отгружено_доля_Раздел C Обрабатывающие производства; высокая rs_работники_доля_Раздел C Обрабатывающие производства
22530000,Дальнеконстантиновский муниципальный округ,3,высокая rs_отгружено_доля_нераскрыто; низкая rs_зарплата_крупные
54654000,Троснянский муниципальный район,3,высокая rs_отгружено_доля_нераскрыто; низкая rs_зарплата_крупные
94524000,муниципальный округ Кезский район,2,высокая rs_отгружено_доля_Раздел C Обрабатывающие производства; высокая rs_работники_доля_Раздел C Обрабатывающие производства
80628000,Иглинский муниципальный район,2,высокая rs_отгружено_доля_Раздел C Обрабатывающие производства; высокая rs_работники_доля_Раздел C Обрабатывающие производства
80642000,Мечетлинский муниципальный район,3,высокая rs_отгружено_доля_нераскрыто; низкая rs_зарплата_крупные
40320000,внутригородская территория города федерального значения поселок Лисий Нос,3,высокая rs_отгружено_доля_нераскрыто; низкая rs_зарплата_крупные
92636000,Лениногорский муниципальный район,0,высокая rs_отгружено_доля_Раздел В Добыча полезных ископаемых; высокая geo_dist_to_city_500k_km
22727000,городской округ город Кулебаки,2,высокая rs_отгружено_доля_Раздел C Обрабатывающие производства; высокая rs_работники_доля_Раздел C Обрабатывающие производства
32528000,Тисульский муниципальный округ,3,высокая rs_отгружено_доля_нераскрыто; низкая rs_зарплата_крупные
71887000,городской округ город Югорск,0,высокая rs_отгружено_доля_Раздел В Добыча полезных ископаемых; высокая geo_dist_to_city_500k_km
28524000,городской округ Кашинский,3,высокая rs_отгружено_доля_нераскрыто; низкая rs_зарплата_крупные
94740000,городской округ город Сарапул,2,высокая rs_отгружено_доля_Раздел C Обрабатывающие производства; высокая rs_работники_доля_Раздел C Обрабатывающие производства
05534000,Пожарский муниципальный округ,0,высокая rs_отгружено_доля_Раздел В Добыча полезных ископаемых; высокая geo_dist_to_city_500k_km
22515000,Варнавинский муниципальный округ,3,высокая rs_отгружено_доля_нераскрыто; низкая rs_зарплата_крупные
83703000,городской округ Баксан,3,высокая rs_отгружено_доля_нераскрыто; низкая rs_зарплата_крупные
42515000,Добровский муниципальный район,3,высокая rs_отгружено_доля_нераскрыто; низкая rs_зарплата_крупные
40325000,внутригородская территория города федерального значения муниципальный округ Озеро Долгое,1,низкая geo_dist_to_city_100k_km; высокая geo_market_potential
53708000,городской округ город Бугуруслан,3,высокая rs_отгружено_доля_нераскрыто; низкая rs_зарплата_крупные
98644000,Хангаласский муниципальный район,3,высокая rs_отгружено_доля_нераскрыто; низкая rs_зарплата_крупные
01713000,городской округ город Новоалтайск,2,высокая rs_отгружено_доля_Раздел C Обрабатывающие производства; высокая rs_работники_доля_Раздел C Обрабатывающие производства
96634000,Урус-Мартановский муниципальный район,3,высокая rs_отгружено_доля_нераскрыто; низкая rs_зарплата_крупные
22536000,Краснооктябрьский муниципальный округ,3,высокая rs_отгружено_доля_нераскрыто; низкая rs_зарплата_крупные
08709000,городской округ город Комсомольск-на-Амуре,2,высокая rs_отгружено_доля_Раздел C Обрабатывающие производства; высокая rs_работники_доля_Раздел C Обрабатывающие производства
45931000,внутригородская территория города федерального значения городской округ Троицк,1,низкая geo_dist_to_city_100k_km; высокая geo_market_potential
70650000,Ясногорский муниципальный район,2,высокая rs_отгружено_доля_Раздел C Обрабатывающие производства; высокая rs_работники_доля_Раздел C Обрабатывающие производства
32704000,городской округ Анжеро-Судженский,2,высокая rs_отгружено_доля_Раздел C Обрабатывающие производства; высокая rs_работники_доля_Раздел C Обрабатывающие производства
75701000,городской округ Челябинский,2,высокая rs_отгружено_доля_Раздел C Обрабатывающие производства; высокая rs_работники_доля_Раздел C Обрабатывающие производства
56645000,Мокшанский муниципальный район,3,высокая rs_отгружено_доля_нераскрыто; низкая rs_зарплата_крупные
94546000,муниципальный округ Шарканский район,3,высокая rs_отгружено_доля_нераскрыто; низкая rs_зарплата_крупные
37509000,Звериноголовский муниципальный округ,3,высокая rs_отгружено_доля_нераскрыто; низкая rs_зарплата_крупные
81622000,Иволгинский муниципальный район,3,высокая rs_отгружено_доля_нераскрыто; низкая rs_зарплата_крупные
40907000,внутригородская территория города федерального значения муниципальный округ Балканский,2,высокая rs_отгружено_доля_Раздел C Обрабатывающие производства; высокая rs_работники_доля_Раздел C Обрабатывающие производства
80634000,Караидельский муниципальный район,3,высокая rs_отгружено_доля_нераскрыто; низкая rs_зарплата_крупные
68526000,Пичаевский муниципальный округ,3,высокая rs_отгружено_доля_нераскрыто; низкая rs_зарплата_крупные
65552000,городской округ Сысертский,2,высокая rs_отгружено_доля_Раздел C Обрабатывающие производства; высокая rs_работники_доля_Раздел C Обрабатывающие производства
70730000,городской округ Славный,3,высокая rs_отгружено_доля_нераскрыто; низкая rs_зарплата_крупные
18610000,Еланский муниципальный район,3,высокая rs_отгружено_доля_нераскрыто; низкая rs_зарплата_крупные
25610000,Зиминский муниципальный район,3,высокая rs_отгружено_доля_нераскрыто; низкая rs_зарплата_крупные
44519000,муниципальный округ Хасынский,0,высокая rs_отгружено_доля_Раздел В Добыча полезных ископаемых; высокая geo_dist_to_city_500k_km
46522000,городской округ Егорьевск,2,высокая rs_отгружено_доля_Раздел C Обрабатывающие производства; высокая rs_работники_доля_Раздел C Обрабатывающие производства
24633000,Шуйский муниципальный район,3,высокая rs_отгружено_доля_нераскрыто; низкая rs_зарплата_крупные
50517000,Карасукский муниципальный район,3,высокая rs_отгружено_доля_нераскрыто; низкая rs_зарплата_крупные
65761000,городской округ Верх-Нейвинский,3,высокая rs_отгружено_доля_нераскрыто; низкая rs_зарплата_крупные
87525000,городской округ Ухта,0,высокая rs_отгружено_доля_Раздел В Добыча полезных ископаемых; высокая geo_dist_to_city_500k_km
88705000,городской округ город Волжск,2,высокая rs_отгружено_доля_Раздел C Обрабатывающие производства; высокая rs_работники_доля_Раздел C Обрабатывающие производства
65628000,Нижнесергинский муниципальный район,2,высокая rs_отгружено_доля_Раздел C Обрабатывающие производства; высокая rs_работники_доля_Раздел C Обрабатывающие производства
01621000,Крутихинский муниципальный район,3,высокая rs_отгружено_доля_нераскрыто; низкая rs_зарплата_крупные
18645000,Палласовский муниципальный район,3,высокая rs_отгружено_доля_нераскрыто; низкая rs_зарплата_крупные
65534000,городской округ Кушвинский,2,высокая rs_отгружено_доля_Раздел C Обрабатывающие производства; высокая rs_работники_доля_Раздел C Обрабатывающие производства
99630000,Смидовичский муниципальный район,0,высокая rs_отгружено_доля_Раздел В Добыча полезных ископаемых; высокая geo_dist_to_city_500k_km
92654000,Ютазинский муниципальный район,2,высокая rs_отгружено_доля_Раздел C Обрабатывающие производства; высокая rs_работники_доля_Раздел C Обрабатывающие производства
11511000,муниципальный округ Вилегодский,3,высокая rs_отгружено_доля_нераскрыто; низкая rs_зарплата_крупные
10540000,Ромненский муниципальный округ,3,высокая rs_отгружено_доля_нераскрыто; низкая rs_зарплата_крупные
40338000,внутригородская территория города федерального значения муниципальный округ Автово,1,низкая geo_dist_to_city_100k_km; высокая geo_market_potential
71948000,муниципальный округ Ямальский район,0,высокая rs_отгружено_доля_Раздел В Добыча полезных ископаемых; высокая geo_dist_to_city_500k_km
92639000,Менделеевский муниципальный район,2,высокая rs_отгружено_доля_Раздел C Обрабатывающие производства; высокая rs_работники_доля_Раздел C Обрабатывающие производства
81621000,Закаменский муниципальный район,3,высокая rs_отгружено_доля_нераскрыто; низкая rs_зарплата_крупные
85605000,Городовиковский муниципальный район,3,высокая rs_отгружено_доля_нераскрыто; низкая rs_зарплата_крупные
80743000,городской округ город Сибай,3,высокая rs_отгружено_доля_нераскрыто; низкая rs_зарплата_крупные
94552000,муниципальный округ Ярский район,3,высокая rs_отгружено_доля_нераскрыто; низкая rs_зарплата_крупные
27515000,муниципальный округ Нестеровский,3,высокая rs_отгружено_доля_нераскрыто; низкая rs_зарплата_крупные
28518000,муниципальный округ Зубцовский,3,высокая rs_отгружено_доля_нераскрыто; низкая rs_зарплата_крупные
94506000,муниципальный округ Вавожский район,3,высокая rs_отгружено_доля_нераскрыто; низкая rs_зарплата_крупные
69652000,Тегульдетский муниципальный район,3,высокая rs_отгружено_доля_нераскрыто; низкая rs_зарплата_крупные
69624000,Каргасокский муниципальный район,0,высокая rs_отгружено_доля_Раздел В Добыча полезных ископаемых; высокая geo_dist_to_city_500k_km
64548000,городской округ Томаринский,3,высокая rs_отгружено_доля_нераскрыто; низкая rs_зарплата_крупные
33502000,муниципальный округ Арбажский,3,высокая rs_отгружено_доля_нераскрыто; низкая rs_зарплата_крупные
98646000,Среднеколымский муниципальный район,3,высокая rs_отгружено_доля_нераскрыто; низкая rs_зарплата_крупные
45388000,внутригородская территория города федерального значения муниципальный округ Лефортово,1,низкая geo_dist_to_city_100k_km; высокая geo_market_potential
87636000,Троицко-Печорский муниципальный район,3,высокая rs_отгружено_доля_нераскрыто; низкая rs_зарплата_крупные
63646000,Татищевский муниципальный район,3,высокая rs_отгружено_доля_нераскрыто; низкая rs_зарплата_крупные
85650000,Яшалтинский муниципальный район,3,высокая rs_отгружено_доля_нераскрыто; низкая rs_зарплата_крупные
61701000,городской округ город Рязань,2,высокая rs_отгружено_доля_Раздел C Обрабатывающие производства; высокая rs_работники_доля_Раздел C Обрабатывающие производства
71826000,Сургутский муниципальный район,0,высокая rs_отгружено_доля_Раздел В Добыча полезных ископаемых; высокая geo_dist_to_city_500k_km
63639000,Ровенский муниципальный район,3,высокая rs_отгружено_доля_нераскрыто; низкая rs_зарплата_крупные
84701000,городской округ город Горно-Алтайск,2,высокая rs_отгружено_доля_Раздел C Обрабатывающие производства; высокая rs_работники_доля_Раздел C Обрабатывающие производства
99701000,городской округ город Биробиджан,2,высокая rs_отгружено_доля_Раздел C Обрабатывающие производства; высокая rs_работники_доля_Раздел C Обрабатывающие производства
45340000,внутригородская территория города федерального значения муниципальный округ Западное Дегунино,1,низкая geo_dist_to_city_100k_km; высокая geo_market_potential
90620000,Ирафский муниципальный район,3,высокая rs_отгружено_доля_нераскрыто; низкая rs_зарплата_крупные
53630000,Новоорский муниципальный район,0,высокая rs_отгружено_доля_Раздел В Добыча полезных ископаемых; высокая geo_dist_to_city_500k_km
07536000,Левокумский муниципальный округ,3,высокая rs_отгружено_доля_нераскрыто; низкая rs_зарплата_крупные
01606000,Бурлинский муниципальный район,3,высокая rs_отгружено_доля_нераскрыто; низкая rs_зарплата_крупные
98612000,Булунский муниципальный район,0,высокая rs_отгружено_доля_Раздел В Добыча полезных ископаемых; высокая geo_dist_to_city_500k_km
56631000,Камешкирский муниципальный район,3,высокая rs_отгружено_доля_нераскрыто; низкая rs_зарплата_крупные
65537000,городской округ Алапаевское,2,высокая rs_отгружено_доля_Раздел C Обрабатывающие производства; высокая rs_работники_доля_Раздел C Обрабатывающие производства
18638000,Новоаннинский муниципальный район,3,высокая rs_отгружено_доля_нераскрыто; низкая rs_зарплата_крупные
64536000,городской округ Охинский,0,высокая rs_отгружено_доля_Раздел В Добыча полезных ископаемых; высокая geo_dist_to_city_500k_km
45320000,внутригородская территория города федерального значения муниципальный округ Кунцево,1,низкая geo_dist_to_city_100k_km; высокая geo_market_potential
18725000,городской округ город Урюпинск,3,высокая rs_отгружено_доля_нераскрыто; низкая rs_зарплата_крупные
11518000,муниципальный округ Каргопольский,3,высокая rs_отгружено_доля_нераскрыто; низкая rs_зарплата_крупные
24635000,Южский муниципальный район,3,высокая rs_отгружено_доля_нераскрыто; низкая rs_зарплата_крупные
18652000,Старополтавский муниципальный район,3,высокая rs_отгружено_доля_нераскрыто; низкая rs_зарплата_крупные
54610000,Глазуновский муниципальный район,3,высокая rs_отгружено_доля_нераскрыто; низкая rs_зарплата_крупные
84630000,Улаганский муниципальный район,3,высокая rs_отгружено_доля_нераскрыто; низкая rs_зарплата_крупные
36615000,Елховский муниципальный район,3,высокая rs_отгружено_доля_нераскрыто; низкая rs_зарплата_крупные
45304000,внутригородская территория города федерального значения муниципальный округ Восточный,3,высокая rs_отгружено_доля_нераскрыто; низкая rs_зарплата_крупные
66527000,Монастырщинский муниципальный район,3,высокая rs_отгружено_доля_нераскрыто; низкая rs_зарплата_крупные
45329000,внутригородская территория города федерального значения муниципальный округ Фили-Давыдково,1,низкая geo_dist_to_city_100k_km; высокая geo_market_potential
45338000,внутригородская территория города федерального значения муниципальный округ Головинский,1,низкая geo_dist_to_city_100k_km; высокая geo_market_potential
19514000,Великоустюгский муниципальный округ,3,высокая rs_отгружено_доля_нераскрыто; низкая rs_зарплата_крупные
98606000,Аллаиховский муниципальный район,0,высокая rs_отгружено_доля_Раздел В Добыча полезных ископаемых; высокая geo_dist_to_city_500k_km
45360000,внутригородская территория города федерального значения муниципальный округ Ростокино,1,низкая geo_dist_to_city_100k_km; высокая geo_market_potential
64543000,городской округ Северо-Курильский,0,высокая rs_отгружено_доля_Раздел В Добыча полезных ископаемых; высокая geo_dist_to_city_500k_km
33704000,городской округ город Вятские Поляны,2,высокая rs_отгружено_доля_Раздел C Обрабатывающие производства; высокая rs_работники_доля_Раздел C Обрабатывающие производства
29701000,городской округ город Калуга,2,высокая rs_отгружено_доля_Раздел C Обрабатывающие производства; высокая rs_работники_доля_Раздел C Обрабатывающие производства
56659000,Шемышейский муниципальный район,3,высокая rs_отгружено_доля_нераскрыто; низкая rs_зарплата_крупные
91610000,Зеленчукский муниципальный район,3,высокая rs_отгружено_доля_нераскрыто; низкая rs_зарплата_крупные
18616000,Калачевский муниципальный район,3,высокая rs_отгружено_доля_нераскрыто; низкая rs_зарплата_крупные
66556000,Шумячский муниципальный район,3,высокая rs_отгружено_доля_нераскрыто; низкая rs_зарплата_крупные
40310000,внутригородская территория города федерального значения муниципальный округ Морской,3,высокая rs_отгружено_доля_нераскрыто; низкая rs_зарплата_крупные
53605000,Акбулакский муниципальный район,3,высокая rs_отгружено_доля_нераскрыто; низкая rs_зарплата_крупные
11546000,Онежский муниципальный район,3,высокая rs_отгружено_доля_нераскрыто; низкая rs_зарплата_крупные
86621000,Лоухский муниципальный район,3,высокая rs_отгружено_доля_нераскрыто; низкая rs_зарплата_крупные
94550000,муниципальный округ Якшур-Бодьинский район,2,высокая rs_отгружено_доля_Раздел C Обрабатывающие производства; высокая rs_работники_доля_Раздел C Обрабатывающие производства
22535000,Краснобаковский муниципальный округ,3,высокая rs_отгружено_доля_нераскрыто; низкая rs_зарплата_крупные
57522000,муниципальный округ Карагайский,3,высокая rs_отгружено_доля_нераскрыто; низкая rs_зарплата_крупные
69701000,городской округ город Томск,2,высокая rs_отгружено_доля_Раздел C Обрабатывающие производства; высокая rs_работники_доля_Раздел C Обрабатывающие производства
63630000,Новоузенский муниципальный район,3,высокая rs_отгружено_доля_нераскрыто; низкая rs_зарплата_крупные
05548000,Хасанский муниципальный округ,0,высокая rs_отгружено_доля_Раздел В Добыча полезных ископаемых; высокая geo_dist_to_city_500k_km
57538000,муниципальный округ Ординский,3,высокая rs_отгружено_доля_нераскрыто; низкая rs_зарплата_крупные
64550000,городской округ Тымовский,3,высокая rs_отгружено_доля_нераскрыто; низкая rs_зарплата_крупные
07505000,Апанасенковский муниципальный округ,3,высокая rs_отгружено_доля_нераскрыто; низкая rs_зарплата_крупные
01650000,Третьяковский муниципальный район,3,высокая rs_отгружено_доля_нераскрыто; низкая rs_зарплата_крупные
71876000,городской округ город Сургут,0,высокая rs_отгружено_доля_Раздел В Добыча полезных ископаемых; высокая geo_dist_to_city_500k_km
08701000,городской округ город Хабаровск,2,высокая rs_отгружено_доля_Раздел C Обрабатывающие производства; высокая rs_работники_доля_Раздел C Обрабатывающие производства
11811000,муниципальный район Заполярный район,0,высокая rs_отгружено_доля_Раздел В Добыча полезных ископаемых; высокая geo_dist_to_city_500k_km
01618000,Косихинский муниципальный район,3,высокая rs_отгружено_доля_нераскрыто; низкая rs_зарплата_крупные
05557000,Шкотовский муниципальный округ,0,высокая rs_отгружено_доля_Раздел В Добыча полезных ископаемых; высокая geo_dist_to_city_500k_km
33617000,Кильмезский муниципальный район,3,высокая rs_отгружено_доля_нераскрыто; низкая rs_зарплата_крупные
32537000,Чебулинский муниципальный округ,3,высокая rs_отгружено_доля_нераскрыто; низкая rs_зарплата_крупные
40334000,внутригородская территория города федерального значения муниципальный округ Прометей,1,низкая geo_dist_to_city_100k_km; высокая geo_market_potential
18728000,городской округ город Фролово,3,высокая rs_отгружено_доля_нераскрыто; низкая rs_зарплата_крупные
53503000,городской округ Гайский,2,высокая rs_отгружено_доля_Раздел C Обрабатывающие производства; высокая rs_работники_доля_Раздел C Обрабатывающие производства
68532000,Сампурский муниципальный округ,3,высокая rs_отгружено_доля_нераскрыто; низкая rs_зарплата_крупные
45916000,внутригородская территория города федерального значения муниципальный округ Зябликово,1,низкая geo_dist_to_city_100k_km; высокая geo_market_potential
33529000,муниципальный округ Опаринский,3,высокая rs_отгружено_доля_нераскрыто; низкая rs_зарплата_крупные
45311000,внутригородская территория города федерального значения муниципальный округ Метрогородок,1,низкая geo_dist_to_city_100k_km; высокая geo_market_potential
80631000,Ишимбайский муниципальный район,2,высокая rs_отгружено_доля_Раздел C Обрабатывающие производства; высокая rs_работники_доля_Раздел C Обрабатывающие производства
63636000,Питерский муниципальный район,3,высокая rs_отгружено_доля_нераскрыто; низкая rs_зарплата_крупные
40306000,внутригородская территория города федерального значения муниципальный округ Екатерингофский,1,низкая geo_dist_to_city_100k_km; высокая geo_market_potential
99605000,Биробиджанский муниципальный район,3,высокая rs_отгружено_доля_нераскрыто; низкая rs_зарплата_крупные
19516000,Верховажский муниципальный округ,3,высокая rs_отгружено_доля_нераскрыто; низкая rs_зарплата_крупные
36618000,Кинельский муниципальный район,2,высокая rs_отгружено_доля_Раздел C Обрабатывающие производства; высокая rs_работники_доля_Раздел C Обрабатывающие производства
80622000,Давлекановский муниципальный район,2,высокая rs_отгружено_доля_Раздел C Обрабатывающие производства; высокая rs_работники_доля_Раздел C Обрабатывающие производства
45318000,внутригородская территория города федерального значения муниципальный округ Дорогомилово,1,низкая geo_dist_to_city_100k_km; высокая geo_market_potential
10532000,Мазановский муниципальный район,3,высокая rs_отгружено_доля_нераскрыто; низкая rs_зарплата_крупные
37544000,Щучанский муниципальный округ,3,высокая rs_отгружено_доля_нераскрыто; низкая rs_зарплата_крупные
83625000,Прохладненский муниципальный район,3,высокая rs_отгружено_доля_нераскрыто; низкая rs_зарплата_крупные
73610000,Инзенский муниципальный район,3,высокая rs_отгружено_доля_нераскрыто; низкая rs_зарплата_крупные
63649000,Хвалынский муниципальный район,3,высокая rs_отгружено_доля_нераскрыто; низкая rs_зарплата_крупные
45328000,внутригородская территория города федерального значения муниципальный округ Филевский парк,1,низкая geo_dist_to_city_100k_km; высокая geo_market_potential
54659000,Шаблыкинский муниципальный район,3,высокая rs_отгружено_доля_нераскрыто; низкая rs_зарплата_крупные
52634000,Муромцевский муниципальный район,3,высокая rs_отгружено_доля_нераскрыто; низкая rs_зарплата_крупные
52644000,Омский муниципальный район,2,высокая rs_отгружено_доля_Раздел C Обрабатывающие производства; высокая rs_работники_доля_Раздел C Обрабатывающие производства
82701000,городской округ город Махачкала,2,высокая rs_отгружено_доля_Раздел C Обрабатывающие производства; высокая rs_работники_доля_Раздел C Обрабатывающие производства
56642000,Лопатинский муниципальный район,3,высокая rs_отгружено_доля_нераскрыто; низкая rs_зарплата_крупные
36701000,городской округ Самара,2,высокая rs_отгружено_доля_Раздел C Обрабатывающие производства; высокая rs_работники_доля_Раздел C Обрабатывающие производства
34708000,городской округ город Галич,3,высокая rs_отгружено_доля_нераскрыто; низкая rs_зарплата_крупные
22526000,Гагинский муниципальный округ,3,высокая rs_отгружено_доля_нераскрыто; низкая rs_зарплата_крупные
27510000,муниципальный округ Зеленоградский,2,высокая rs_отгружено_доля_Раздел C Обрабатывающие производства; высокая rs_работники_доля_Раздел C Обрабатывающие производства
97519000,Козловский муниципальный округ,3,высокая rs_отгружено_доля_нераскрыто; низкая rs_зарплата_крупные
53617000,Домбаровский муниципальный район,3,высокая rs_отгружено_доля_нераскрыто; низкая rs_зарплата_крупные
91701000,городской округ Черкесский,2,высокая rs_отгружено_доля_Раздел C Обрабатывающие производства; высокая rs_работники_доля_Раздел C Обрабатывающие производства
90605000,Алагирский муниципальный район,3,высокая rs_отгружено_доля_нераскрыто; низкая rs_зарплата_крупные
99620000,Облученский муниципальный район,0,высокая rs_отгружено_доля_Раздел В Добыча полезных ископаемых; высокая geo_dist_to_city_500k_km
89654000,Торбеевский муниципальный район,3,высокая rs_отгружено_доля_нераскрыто; низкая rs_зарплата_крупные
40335000,внутригородская территория города федерального значения муниципальный округ Княжево,1,низкая geo_dist_to_city_100k_km; высокая geo_market_potential
89613000,Большеигнатовский муниципальный район,3,высокая rs_отгружено_доля_нераскрыто; низкая rs_зарплата_крупные
63629000,Новобурасский муниципальный район,3,высокая rs_отгружено_доля_нераскрыто; низкая rs_зарплата_крупные
19528000,Кирилловский муниципальный округ,3,высокая rs_отгружено_доля_нераскрыто; низкая rs_зарплата_крупные
68546000,Умётский муниципальный округ,3,высокая rs_отгружено_доля_нераскрыто; низкая rs_зарплата_крупные
65522000,городской округ Нижняя Салда,3,высокая rs_отгружено_доля_нераскрыто; низкая rs_зарплата_крупные
93635000,Пий-Хемский муниципальный район,0,высокая rs_отгружено_доля_Раздел В Добыча полезных ископаемых; высокая geo_dist_to_city_500k_km
46741000,городской округ Лыткарино,1,низкая geo_dist_to_city_100k_km; высокая geo_market_potential
97529000,Мариинско-Посадский муниципальный округ,3,высокая rs_отгружено_доля_нераскрыто; низкая rs_зарплата_крупные
40394000,внутригородская территория города федерального значения муниципальный округ Чкаловское,1,низкая geo_dist_to_city_100k_km; высокая geo_market_potential
11710000,городской округ Котлас,2,высокая rs_отгружено_доля_Раздел C Обрабатывающие производства; высокая rs_работники_доля_Раздел C Обрабатывающие производства
92658000,Черемшанский муниципальный район,0,высокая rs_отгружено_доля_Раздел В Добыча полезных ископаемых; высокая geo_dist_to_city_500k_km
32716000,городской округ Киселевский,2,высокая rs_отгружено_доля_Раздел C Обрабатывающие производства; высокая rs_работники_доля_Раздел C Обрабатывающие производства
96702000,городской округ город Аргун,3,высокая rs_отгружено_доля_нераскрыто; низкая rs_зарплата_крупные
33524000,муниципальный округ Мурашинский,2,высокая rs_отгружено_доля_Раздел C Обрабатывающие производства; высокая rs_работники_доля_Раздел C Обрабатывающие производства
40323000,внутригородская территория города федерального значения муниципальный округ Ланское,1,низкая geo_dist_to_city_100k_km; высокая geo_market_potential
73604000,Барышский муниципальный район,3,высокая rs_отгружено_доля_нераскрыто; низкая rs_зарплата_крупные
81609000,Бичурский муниципальный район,3,высокая rs_отгружено_доля_нераскрыто; низкая rs_зарплата_крупные
42715000,городской округ город Елец,2,высокая rs_отгружено_доля_Раздел C Обрабатывающие производства; высокая rs_работники_доля_Раздел C Обрабатывающие производства
53641000,Саракташский муниципальный район,3,высокая rs_отгружено_доля_нераскрыто; низкая rs_зарплата_крупные
01607000,Быстроистокский муниципальный район,3,высокая rs_отгружено_доля_нераскрыто; низкая rs_зарплата_крупные
50550000,Татарский муниципальный район,3,высокая rs_отгружено_доля_нераскрыто; низкая rs_зарплата_крупные
84615000,Майминский муниципальный район,2,высокая rs_отгружено_доля_Раздел C Обрабатывающие производства; высокая rs_работники_доля_Раздел C Обрабатывающие производства
01608000,Волчихинский муниципальный район,3,высокая rs_отгружено_доля_нераскрыто; низкая rs_зарплата_крупные
87515000,городской округ Инта,0,высокая rs_отгружено_доля_Раздел В Добыча полезных ископаемых; высокая geo_dist_to_city_500k_km
81651000,Тункинский муниципальный район,3,высокая rs_отгружено_доля_нераскрыто; низкая rs_зарплата_крупные
89657000,Чамзинский муниципальный район,2,высокая rs_отгружено_доля_Раздел C Обрабатывающие производства; высокая rs_работники_доля_Раздел C Обрабатывающие производства
92618000,Буинский муниципальный район,2,высокая rs_отгружено_доля_Раздел C Обрабатывающие производства; высокая rs_работники_доля_Раздел C Обрабатывающие производства
65554000,городской округ Талицкий,2,высокая rs_отгружено_доля_Раздел C Обрабатывающие производства; высокая rs_работники_доля_Раздел C Обрабатывающие производства
40377000,внутригородская территория города федерального значения муниципальный округ Звездное,1,низкая geo_dist_to_city_100k_km; высокая geo_market_potential
40345000,внутригородская территория города федерального значения поселок Понтонный,2,высокая rs_отгружено_доля_Раздел C Обрабатывающие производства; высокая rs_работники_доля_Раздел C Обрабатывающие производства
63607000,Балаковский муниципальный район,2,высокая rs_отгружено_доля_Раздел C Обрабатывающие производства; высокая rs_работники_доля_Раздел C Обрабатывающие производства
50604000,Барабинский муниципальный район,0,высокая rs_отгружено_доля_Раздел В Добыча полезных ископаемых; высокая geo_dist_to_city_500k_km
28551000,муниципальный округ Сонковский,3,высокая rs_отгружено_доля_нераскрыто; низкая rs_зарплата_крупные
65520000,городской округ Краснотурьинск,2,высокая rs_отгружено_доля_Раздел C Обрабатывающие производства; высокая rs_работники_доля_Раздел C Обрабатывающие производства
89629000,Ковылкинский муниципальный район,2,высокая rs_отгружено_доля_Раздел C Обрабатывающие производства; высокая rs_работники_доля_Раздел C Обрабатывающие производства
97505000,Аликовский муниципальный округ,3,высокая rs_отгружено_доля_нераскрыто; низкая rs_зарплата_крупные
73636000,Сенгилеевский муниципальный район,3,высокая rs_отгружено_доля_нераскрыто; низкая rs_зарплата_крупные
45301000,внутригородская территория города федерального значения муниципальный округ Богородское,1,низкая geo_dist_to_city_100k_km; высокая geo_market_potential
37508000,Далматовский муниципальный округ,3,высокая rs_отгружено_доля_нераскрыто; низкая rs_зарплата_крупные
76526000,Могочинский муниципальный округ,0,высокая rs_отгружено_доля_Раздел В Добыча полезных ископаемых; высокая geo_dist_to_city_500k_km
85654000,Яшкульский муниципальный район,3,высокая rs_отгружено_доля_нераскрыто; низкая rs_зарплата_крупные
83645000,Чегемский муниципальный район,3,высокая rs_отгружено_доля_нераскрыто; низкая rs_зарплата_крупные
80604000,Аскинский муниципальный район,3,высокая rs_отгружено_доля_нераскрыто; низкая rs_зарплата_крупные
80649000,Стерлитамакский муниципальный район,2,высокая rs_отгружено_доля_Раздел C Обрабатывающие производства; высокая rs_работники_доля_Раздел C Обрабатывающие производства
78532000,городской округ город Переславль-Залесский,2,высокая rs_отгружено_доля_Раздел C Обрабатывающие производства; высокая rs_работники_доля_Раздел C Обрабатывающие производства
40360000,внутригородская территория города федерального значения город Кронштадт,3,высокая rs_отгружено_доля_нераскрыто; низкая rs_зарплата_крупные
01634000,Поспелихинский муниципальный район,3,высокая rs_отгружено_доля_нераскрыто; низкая rs_зарплата_крупные
97532000,Моргаушский муниципальный округ,3,высокая rs_отгружено_доля_нераскрыто; низкая rs_зарплата_крупные
45920000,внутригородская территория города федерального значения муниципальный округ Нагорный,1,низкая geo_dist_to_city_100k_km; высокая geo_market_potential
50625000,Кочковский муниципальный район,3,высокая rs_отгружено_доля_нераскрыто; низкая rs_зарплата_крупные
22517000,Вачский муниципальный округ,3,высокая rs_отгружено_доля_нераскрыто; низкая rs_зарплата_крупные
08614000,Верхнебуреинский муниципальный район,0,высокая rs_отгружено_доля_Раздел В Добыча полезных ископаемых; высокая geo_dist_to_city_500k_km
07510000,Благодарненский муниципальный округ,3,высокая rs_отгружено_доля_нераскрыто; низкая rs_зарплата_крупные
92633000,Кукморский муниципальный район,3,высокая rs_отгружено_доля_нераскрыто; низкая rs_зарплата_крупные
34626000,муниципальный район город Нерехта и Нерехтский район,2,высокая rs_отгружено_доля_Раздел C Обрабатывающие производства; высокая rs_работники_доля_Раздел C Обрабатывающие производства
27513000,муниципальный округ Краснознаменский,3,высокая rs_отгружено_доля_нераскрыто; низкая rs_зарплата_крупные
80739000,городской округ город Салават,2,высокая rs_отгружено_доля_Раздел C Обрабатывающие производства; высокая rs_работники_доля_Раздел C Обрабатывающие производства
65760000,городской округ Верхнее Дуброво,3,высокая rs_отгружено_доля_нераскрыто; низкая rs_зарплата_крупные
80618000,Бураевский муниципальный район,3,высокая rs_отгружено_доля_нераскрыто; низкая rs_зарплата_крупные
25542000,Усть-Илимский муниципальный район,3,высокая rs_отгружено_доля_нераскрыто; низкая rs_зарплата_крупные
18626000,Котовский муниципальный район,3,высокая rs_отгружено_доля_нераскрыто; низкая rs_зарплата_крупные
94548000,муниципальный округ Юкаменский район,3,высокая rs_отгружено_доля_нераскрыто; низкая rs_зарплата_крупные
66530000,Новодугинский муниципальный район,3,высокая rs_отгружено_доля_нераскрыто; низкая rs_зарплата_крупные
63650000,Энгельсский муниципальный район,2,высокая rs_отгружено_доля_Раздел C Обрабатывающие производства; высокая rs_работники_доля_Раздел C Обрабатывающие производства
75755000,городской округ Усть-Катавский,3,высокая rs_отгружено_доля_нераскрыто; низкая rs_зарплата_крупные
70644000,Узловский муниципальный район,2,высокая rs_отгружено_доля_Раздел C Обрабатывающие производства; высокая rs_работники_доля_Раздел C Обрабатывающие производства
90630000,Моздокский муниципальный район,3,высокая rs_отгружено_доля_нераскрыто; низкая rs_зарплата_крупные
10710000,городской округ город Белогорск,0,высокая rs_отгружено_доля_Раздел В Добыча полезных ископаемых; высокая geo_dist_to_city_500k_km
17610000,Вязниковский муниципальный район,2,высокая rs_отгружено_доля_Раздел C Обрабатывающие производства; высокая rs_работники_доля_Раздел C Обрабатывающие производства
46737000,городской округ Клин,2,высокая rs_отгружено_доля_Раздел C Обрабатывающие производства; высокая rs_работники_доля_Раздел C Обрабатывающие производства
73616000,Кузоватовский муниципальный район,3,высокая rs_отгружено_доля_нераскрыто; низкая rs_зарплата_крупные
30607000,Елизовский муниципальный район,0,высокая rs_отгружено_доля_Раздел В Добыча полезных ископаемых; высокая geo_dist_to_city_500k_km
25745000,городской округ город Черемхово,3,высокая rs_отгружено_доля_нераскрыто; низкая rs_зарплата_крупные
81642000,Прибайкальский муниципальный район,3,высокая rs_отгружено_доля_нераскрыто; низкая rs_зарплата_крупные
53637000,Переволоцкий муниципальный район,3,высокая rs_отгружено_доля_нераскрыто; низкая rs_зарплата_крупные
37518000,Лебяжьевский муниципальный округ,3,высокая rs_отгружено_доля_нераскрыто; низкая rs_зарплата_крупные
01539000,муниципальный округ город Славгород,3,высокая rs_отгружено_доля_нераскрыто; низкая rs_зарплата_крупные
08624000,муниципальный район имени Лазо,3,высокая rs_отгружено_доля_нераскрыто; низкая rs_зарплата_крупные
98648000,Сунтарский муниципальный район,3,высокая rs_отгружено_доля_нераскрыто; низкая rs_зарплата_крупные
22509000,Большеболдинский муниципальный округ,3,высокая rs_отгружено_доля_нераскрыто; низкая rs_зарплата_крупные
56615000,Вадинский муниципальный район,3,высокая rs_отгружено_доля_нераскрыто; низкая rs_зарплата_крупные
27705000,городской округ Балтийский,3,высокая rs_отгружено_доля_нераскрыто; низкая rs_зарплата_крупные
45374000,внутригородская территория города федерального значения муниципальный округ Арбат,1,низкая geo_dist_to_city_100k_km; высокая geo_market_potential
40351000,внутригородская территория города федерального значения муниципальный округ Пороховые,2,высокая rs_отгружено_доля_Раздел C Обрабатывающие производства; высокая rs_работники_доля_Раздел C Обрабатывающие производства
92601000,Агрызский муниципальный район,3,высокая rs_отгружено_доля_нераскрыто; низкая rs_зарплата_крупные
49538000,муниципальный округ Солецкий,3,высокая rs_отгружено_доля_нераскрыто; низкая rs_зарплата_крупные
25644000,Усть-Кутский муниципальный район,0,высокая rs_отгружено_доля_Раздел В Добыча полезных ископаемых; высокая geo_dist_to_city_500k_km
82708000,городской округ город Дагестанские Огни,3,высокая rs_отгружено_доля_нераскрыто; низкая rs_зарплата_крупные
05540000,Тернейский муниципальный округ,3,высокая rs_отгружено_доля_нераскрыто; низкая rs_зарплата_крупные
80610000,Белокатайский муниципальный район,3,высокая rs_отгружено_доля_нераскрыто; низкая rs_зарплата_крупные
41609000,Волховский муниципальный район,2,высокая rs_отгружено_доля_Раздел C Обрабатывающие производства; высокая rs_работники_доля_Раздел C Обрабатывающие производства
53627000,Матвеевский муниципальный район,3,высокая rs_отгружено_доля_нераскрыто; низкая rs_зарплата_крупные
01654000,Усть-Калманский муниципальный район,3,высокая rs_отгружено_доля_нераскрыто; низкая rs_зарплата_крупные
66701000,городской округ город Смоленск,2,высокая rs_отгружено_доля_Раздел C Обрабатывающие производства; высокая rs_работники_доля_Раздел C Обрабатывающие производства
40913000,внутригородская территория города федерального значения муниципальный округ Владимирский округ,1,низкая geo_dist_to_city_100k_km; высокая geo_market_potential
92652000,Сабинский муниципальный район,3,высокая rs_отгружено_доля_нераскрыто; низкая rs_зарплата_крупные
71522000,городской округ Заводоуковский,2,высокая rs_отгружено_доля_Раздел C Обрабатывающие производства; высокая rs_работники_доля_Раздел C Обрабатывающие производства
45925000,внутригородская территория города федерального значения муниципальный округ Чертаново Центральное,1,низкая geo_dist_to_city_100k_km; высокая geo_market_potential
47526000,муниципальный округ город Оленегорск,3,высокая rs_отгружено_доля_нераскрыто; низкая rs_зарплата_крупные
71701000,городской округ город Тюмень,2,высокая rs_отгружено_доля_Раздел C Обрабатывающие производства; высокая rs_работники_доля_Раздел C Обрабатывающие производства
53507000,городской округ Ясненский,3,высокая rs_отгружено_доля_нераскрыто; низкая rs_зарплата_крупные
65553000,городской округ Тавдинский,3,высокая rs_отгружено_доля_нераскрыто; низкая rs_зарплата_крупные
40341000,внутригородская территория города федерального значения муниципальный округ Морские ворота,1,низкая geo_dist_to_city_100k_km; высокая geo_market_potential
50634000,Кыштовский муниципальный район,3,высокая rs_отгружено_доля_нераскрыто; низкая rs_зарплата_крупные
33521000,муниципальный округ Лебяжский,3,высокая rs_отгружено_доля_нераскрыто; низкая rs_зарплата_крупные
80603000,Архангельский муниципальный район,3,высокая rs_отгружено_доля_нераскрыто; низкая rs_зарплата_крупные
57513000,муниципальный округ Гайнский,3,высокая rs_отгружено_доля_нераскрыто; низкая rs_зарплата_крупные
80657000,Чишминский муниципальный район,2,высокая rs_отгружено_доля_Раздел C Обрабатывающие производства; высокая rs_работники_доля_Раздел C Обрабатывающие производства
25640000,Усольский муниципальный район,3,высокая rs_отгружено_доля_нераскрыто; низкая rs_зарплата_крупные
45362000,внутригородская территория города федерального значения муниципальный округ Северное Медведково,1,низкая geo_dist_to_city_100k_km; высокая geo_market_potential
71933000,муниципальный округ Красноселькупский район,0,высокая rs_отгружено_доля_Раздел В Добыча полезных ископаемых; высокая geo_dist_to_city_500k_km
01615000,Калманский муниципальный район,3,высокая rs_отгружено_доля_нераскрыто; низкая rs_зарплата_крупные
70636000,Одоевский муниципальный район,3,высокая rs_отгружено_доля_нераскрыто; низкая rs_зарплата_крупные
46709000,городской округ Домодедово,2,высокая rs_отгружено_доля_Раздел C Обрабатывающие производства; высокая rs_работники_доля_Раздел C Обрабатывающие производства
70640000,Суворовский муниципальный район,3,высокая rs_отгружено_доля_нераскрыто; низкая rs_зарплата_крупные
28540000,муниципальный округ Максатихинский,3,высокая rs_отгружено_доля_нераскрыто; низкая rs_зарплата_крупные
28545000,городской округ Осташковский,3,высокая rs_отгружено_доля_нераскрыто; низкая rs_зарплата_крупные
71955000,городской округ город Муравленко,0,высокая rs_отгружено_доля_Раздел В Добыча полезных ископаемых; высокая geo_dist_to_city_500k_km
45385000,внутригородская территория города федерального значения муниципальный округ Выхино-Жулебино,1,низкая geo_dist_to_city_100k_km; высокая geo_market_potential
01645000,Шелаболихинский муниципальный район,3,высокая rs_отгружено_доля_нераскрыто; низкая rs_зарплата_крупные
92638000,Мамадышский муниципальный район,2,высокая rs_отгружено_доля_Раздел C Обрабатывающие производства; высокая rs_работники_доля_Раздел C Обрабатывающие производства
42540000,Липецкий муниципальный район,2,высокая rs_отгружено_доля_Раздел C Обрабатывающие производства; высокая rs_работники_доля_Раздел C Обрабатывающие производства
05550000,Хорольский муниципальный округ,3,высокая rs_отгружено_доля_нераскрыто; низкая rs_зарплата_крупные
76546000,Улётовский муниципальный район,3,высокая rs_отгружено_доля_нераскрыто; низкая rs_зарплата_крупные
71878000,городской округ город Урай,0,высокая rs_отгружено_доля_Раздел В Добыча полезных ископаемых; высокая geo_dist_to_city_500k_km
28701000,городской округ город Тверь,2,высокая rs_отгружено_доля_Раздел C Обрабатывающие производства; высокая rs_работники_доля_Раздел C Обрабатывающие производства
40376000,внутригородская территория города федерального значения муниципальный округ Пулковский меридиан,1,низкая geo_dist_to_city_100k_km; высокая geo_market_potential
46716000,городской округ Долгопрудный,1,низкая geo_dist_to_city_100k_km; высокая geo_market_potential
57548000,муниципальный округ Сивинский,3,высокая rs_отгружено_доля_нераскрыто; низкая rs_зарплата_крупные
40316000,внутригородская территория города федерального значения муниципальный округ Сосновское,3,высокая rs_отгружено_доля_нераскрыто; низкая rs_зарплата_крупные
57560000,муниципальный округ Юсьвинский,3,высокая rs_отгружено_доля_нераскрыто; низкая rs_зарплата_крупные
36750000,городской округ Чапаевск,2,высокая rs_отгружено_доля_Раздел C Обрабатывающие производства; высокая rs_работники_доля_Раздел C Обрабатывающие производства
19540000,Сямженский муниципальный округ,3,высокая rs_отгружено_доля_нераскрыто; низкая rs_зарплата_крупные
22534000,Ковернинский муниципальный округ,3,высокая rs_отгружено_доля_нераскрыто; низкая rs_зарплата_крупные
94541000,муниципальный округ Сюмсинский район,3,высокая rs_отгружено_доля_нераскрыто; низкая rs_зарплата_крупные
97558000,Янтиковский муниципальный округ,3,высокая rs_отгружено_доля_нераскрыто; низкая rs_зарплата_крупные
36604000,Безенчукский муниципальный район,2,высокая rs_отгружено_доля_Раздел C Обрабатывающие производства; высокая rs_работники_доля_Раздел C Обрабатывающие производства
45370000,внутригородская территория города федерального значения муниципальный округ Строгино,1,низкая geo_dist_to_city_100k_km; высокая geo_market_potential
30510000,Мильковский муниципальный округ,0,высокая rs_отгружено_доля_Раздел В Добыча полезных ископаемых; высокая geo_dist_to_city_500k_km
25605000,Аларский муниципальный район,3,высокая rs_отгружено_доля_нераскрыто; низкая rs_зарплата_крупные
58556000,муниципальный округ Струго-Красненский,3,высокая rs_отгружено_доля_нераскрыто; низкая rs_зарплата_крупные
41639000,Приозерский муниципальный район,3,высокая rs_отгружено_доля_нераскрыто; низкая rs_зарплата_крупные
92628000,Зеленодольский муниципальный район,2,высокая rs_отгружено_доля_Раздел C Обрабатывающие производства; высокая rs_работники_доля_Раздел C Обрабатывающие производства
30824000,Карагинский муниципальный район,0,высокая rs_отгружено_доля_Раздел В Добыча полезных ископаемых; высокая geo_dist_to_city_500k_km
22539000,Лукояновский муниципальный округ,3,высокая rs_отгружено_доля_нераскрыто; низкая rs_зарплата_крупные
10642000,Свободненский муниципальный район,0,высокая rs_отгружено_доля_Раздел В Добыча полезных ископаемых; высокая geo_dist_to_city_500k_km
66552000,Хиславичский муниципальный район,3,высокая rs_отгружено_доля_нераскрыто; низкая rs_зарплата_крупные
40390000,внутригородская территория города федерального значения муниципальный округ Кронверкское,1,низкая geo_dist_to_city_100k_km; высокая geo_market_potential
79630000,Тахтамукайский муниципальный район,2,высокая rs_отгружено_доля_Раздел C Обрабатывающие производства; высокая rs_работники_доля_Раздел C Обрабатывающие производства
36612000,Борский муниципальный район,3,высокая rs_отгружено_доля_нераскрыто; низкая rs_зарплата_крупные
54632000,Малоархангельский муниципальный район,3,высокая rs_отгружено_доля_нераскрыто; низкая rs_зарплата_крупные
22703000,городской округ город Арзамас,2,высокая rs_отгружено_доля_Раздел C Обрабатывающие производства; высокая rs_работники_доля_Раздел C Обрабатывающие производства
85625000,Кетченеровский муниципальный район,3,высокая rs_отгружено_доля_нераскрыто; низкая rs_зарплата_крупные
47519000,муниципальный округ город Апатиты,0,высокая rs_отгружено_доля_Раздел В Добыча полезных ископаемых; высокая geo_dist_to_city_500k_km
50640000,Новосибирский муниципальный район,2,высокая rs_отгружено_доля_Раздел C Обрабатывающие производства; высокая rs_работники_доля_Раздел C Обрабатывающие производства
41621000,Кингисеппский муниципальный район,0,высокая rs_отгружено_доля_Раздел В Добыча полезных ископаемых; высокая geo_dist_to_city_500k_km
27709000,городской округ Гусевский,3,высокая rs_отгружено_доля_нераскрыто; низкая rs_зарплата_крупные
27725000,городской округ Светловский,2,высокая rs_отгружено_доля_Раздел C Обрабатывающие производства; высокая rs_работники_доля_Раздел C Обрабатывающие производства
28553000,муниципальный округ Старицкий,3,высокая rs_отгружено_доля_нераскрыто; низкая rs_зарплата_крупные
40342000,внутригородская территория города федерального значения город Колпино,2,высокая rs_отгружено_доля_Раздел C Обрабатывающие производства; высокая rs_работники_доля_Раздел C Обрабатывающие производства
46776000,городской округ Ступино,2,высокая rs_отгружено_доля_Раздел C Обрабатывающие производства; высокая rs_работники_доля_Раздел C Обрабатывающие производства
28528000,муниципальный округ Кимрский,2,высокая rs_отгружено_доля_Раздел C Обрабатывающие производства; высокая rs_работники_доля_Раздел C Обрабатывающие производства
36648000,Шенталинский муниципальный район,3,высокая rs_отгружено_доля_нераскрыто; низкая rs_зарплата_крупные
18618000,Камышинский муниципальный район,3,высокая rs_отгружено_доля_нераскрыто; низкая rs_зарплата_крупные
80656000,Чекмагушевский муниципальный район,3,высокая rs_отгружено_доля_нераскрыто; низкая rs_зарплата_крупные
54615000,Должанский муниципальный район,3,высокая rs_отгружено_доля_нераскрыто; низкая rs_зарплата_крупные
25604000,Братский муниципальный район,0,высокая rs_отгружено_доля_Раздел В Добыча полезных ископаемых; высокая geo_dist_to_city_500k_km
10555000,Шимановский муниципальный округ,0,высокая rs_отгружено_доля_Раздел В Добыча полезных ископаемых; высокая geo_dist_to_city_500k_km
81618000,Заиграевский муниципальный район,3,высокая rs_отгружено_доля_нераскрыто; низкая rs_зарплата_крупные
57527000,городской округ Красновишерский,3,высокая rs_отгружено_доля_нераскрыто; низкая rs_зарплата_крупные
53720000,городской округ город Новотроицк,2,высокая rs_отгружено_доля_Раздел C Обрабатывающие производства; высокая rs_работники_доля_Раздел C Обрабатывающие производства
53625000,Курманаевский муниципальный район,3,высокая rs_отгружено_доля_нераскрыто; низкая rs_зарплата_крупные
46735000,городской округ Кашира,2,высокая rs_отгружено_доля_Раздел C Обрабатывающие производства; высокая rs_работники_доля_Раздел C Обрабатывающие производства
12640000,Наримановский муниципальный район,2,высокая rs_отгружено_доля_Раздел C Обрабатывающие производства; высокая rs_работники_доля_Раздел C Обрабатывающие производства
18614000,Иловлинский муниципальный район,2,высокая rs_отгружено_доля_Раздел C Обрабатывающие производства; высокая rs_работники_доля_Раздел C Обрабатывающие производства
45910000,внутригородская территория города федерального значения муниципальный округ Ясенево,1,низкая geo_dist_to_city_100k_km; высокая geo_market_potential
33503000,муниципальный округ Афанасьевский,3,высокая rs_отгружено_доля_нераскрыто; низкая rs_зарплата_крупные
10505000,Архаринский муниципальный округ,0,высокая rs_отгружено_доля_Раздел В Добыча полезных ископаемых; высокая geo_dist_to_city_500k_km
53634000,Оренбургский муниципальный район,2,высокая rs_отгружено_доля_Раздел C Обрабатывающие производства; высокая rs_работники_доля_Раздел C Обрабатывающие производства
63602000,Александрово-Гайский муниципальный район,3,высокая rs_отгружено_доля_нераскрыто; низкая rs_зарплата_крупные
50708000,городской округ город Бердск,2,высокая rs_отгружено_доля_Раздел C Обрабатывающие производства; высокая rs_работники_доля_Раздел C Обрабатывающие производства
65533000,городской округ Кировградский,2,высокая rs_отгружено_доля_Раздел C Обрабатывающие производства; высокая rs_работники_доля_Раздел C Обрабатывающие производства
91620000,Малокарачаевский муниципальный район,3,высокая rs_отгружено_доля_нераскрыто; низкая rs_зарплата_крупные
87523000,муниципальный округ Усинск,0,высокая rs_отгружено_доля_Раздел В Добыча полезных ископаемых; высокая geo_dist_to_city_500k_km
18656000,Фроловский муниципальный район,3,высокая rs_отгружено_доля_нераскрыто; низкая rs_зарплата_крупные
45331000,внутригородская территория города федерального значения муниципальный округ Матушкино,1,низкая geo_dist_to_city_100k_km; высокая geo_market_potential
44507000,муниципальный округ Северо-Эвенский,0,высокая rs_отгружено_доля_Раздел В Добыча полезных ископаемых; высокая geo_dist_to_city_500k_km
98626000,Нюрбинский муниципальный район,0,высокая rs_отгружено_доля_Раздел В Добыча полезных ископаемых; высокая geo_dist_to_city_500k_km
40384000,внутригородская территория города федерального значения муниципальный округ Невский округ,1,низкая geo_dist_to_city_100k_km; высокая geo_market_potential
50740000,городской округ рабочий поселок Кольцово,1,низкая geo_dist_to_city_100k_km; высокая geo_market_potential
37520000,муниципальный округ Макушинский,3,высокая rs_отгружено_доля_нераскрыто; низкая rs_зарплата_крупные
90640000,Пригородный муниципальный район,2,высокая rs_отгружено_доля_Раздел C Обрабатывающие производства; высокая rs_работники_доля_Раздел C Обрабатывающие производства
71875000,городской округ город Нижневартовск,0,высокая rs_отгружено_доля_Раздел В Добыча полезных ископаемых; высокая geo_dist_to_city_500k_km
54710000,городской округ город Мценск,2,высокая rs_отгружено_доля_Раздел C Обрабатывающие производства; высокая rs_работники_доля_Раздел C Обрабатывающие производства
92602000,Азнакаевский муниципальный район,0,высокая rs_отгружено_доля_Раздел В Добыча полезных ископаемых; высокая geo_dist_to_city_500k_km
85632000,Сарпинский муниципальный район,3,высокая rs_отгружено_доля_нераскрыто; низкая rs_зарплата_крупные
25648000,Черемховский муниципальный район,3,высокая rs_отгружено_доля_нераскрыто; низкая rs_зарплата_крупные
65538000,городской округ город Алапаевск,3,высокая rs_отгружено_доля_нераскрыто; низкая rs_зарплата_крупные
69628000,Кожевниковский муниципальный район,3,высокая rs_отгружено_доля_нераскрыто; низкая rs_зарплата_крупные
25607000,Баяндаевский муниципальный район,3,высокая rs_отгружено_доля_нераскрыто; низкая rs_зарплата_крупные
80635000,Кармаскалинский муниципальный район,3,высокая rs_отгружено_доля_нераскрыто; низкая rs_зарплата_крупные
80701000,городской округ город Уфа,2,высокая rs_отгружено_доля_Раздел C Обрабатывающие производства; высокая rs_работники_доля_Раздел C Обрабатывающие производства
01730000,городской округ город Яровое,3,высокая rs_отгружено_доля_нераскрыто; низкая rs_зарплата_крупные
88620000,Куженерский муниципальный район,3,высокая rs_отгружено_доля_нераскрыто; низкая rs_зарплата_крупные
40395000,внутригородская территория города федерального значения город Петергоф,2,высокая rs_отгружено_доля_Раздел C Обрабатывающие производства; высокая rs_работники_доля_Раздел C Обрабатывающие производства
89610000,Большеберезниковский муниципальный район,3,высокая rs_отгружено_доля_нераскрыто; низкая rs_зарплата_крупные
92614000,Бавлинский муниципальный район,0,высокая rs_отгружено_доля_Раздел В Добыча полезных ископаемых; высокая geo_dist_to_city_500k_km
34512000,Кологривский муниципальный округ,3,высокая rs_отгружено_доля_нераскрыто; низкая rs_зарплата_крупные
86545000,Сегежский муниципальный округ,2,высокая rs_отгружено_доля_Раздел C Обрабатывающие производства; высокая rs_работники_доля_Раздел C Обрабатывающие производства
70648000,Щекинский муниципальный район,2,высокая rs_отгружено_доля_Раздел C Обрабатывающие производства; высокая rs_работники_доля_Раздел C Обрабатывающие производства
89628000,Кадошкинский муниципальный район,3,высокая rs_отгружено_доля_нераскрыто; низкая rs_зарплата_крупные
40348000,внутригородская территория города федерального значения муниципальный округ Полюстрово,1,низкая geo_dist_to_city_100k_km; высокая geo_market_potential
24631000,Фурмановский муниципальный район,2,высокая rs_отгружено_доля_Раздел C Обрабатывающие производства; высокая rs_работники_доля_Раздел C Обрабатывающие производства
87510000,городской округ Воркута,0,высокая rs_отгружено_доля_Раздел В Добыча полезных ископаемых; высокая geo_dist_to_city_500k_km
61530000,Ряжский муниципальный округ,3,высокая rs_отгружено_доля_нераскрыто; низкая rs_зарплата_крупные
53505000,городской округ Соль-Илецкий,3,высокая rs_отгружено_доля_нераскрыто; низкая rs_зарплата_крупные
57525000,муниципальный округ Косинский,3,высокая rs_отгружено_доля_нераскрыто; низкая rs_зарплата_крупные
45312000,внутригородская территория города федерального значения муниципальный округ Перово,1,низкая geo_dist_to_city_100k_km; высокая geo_market_potential
47515000,Печенгский муниципальный округ,0,высокая rs_отгружено_доля_Раздел В Добыча полезных ископаемых; высокая geo_dist_to_city_500k_km
25746000,городской округ город Свирск,3,высокая rs_отгружено_доля_нераскрыто; низкая rs_зарплата_крупные
01620000,Краснощёковский муниципальный район,3,высокая rs_отгружено_доля_нераскрыто; низкая rs_зарплата_крупные
05502000,Анучинский муниципальный округ,3,высокая rs_отгружено_доля_нераскрыто; низкая rs_зарплата_крупные
10645000,Селемджинский муниципальный район,0,высокая rs_отгружено_доля_Раздел В Добыча полезных ископаемых; высокая geo_dist_to_city_500k_km
80727000,городской округ город Нефтекамск,2,высокая rs_отгружено_доля_Раздел C Обрабатывающие производства; высокая rs_работники_доля_Раздел C Обрабатывающие производства
98654000,Усть-Майский муниципальный район,0,высокая rs_отгружено_доля_Раздел В Добыча полезных ископаемых; высокая geo_dist_to_city_500k_km
97535000,Порецкий муниципальный округ,3,высокая rs_отгружено_доля_нераскрыто; низкая rs_зарплата_крупные
50658000,Чистоозерный муниципальный район,3,высокая rs_отгружено_доля_нераскрыто; низкая rs_зарплата_крупные
36624000,Кошкинский муниципальный район,3,высокая rs_отгружено_доля_нераскрыто; низкая rs_зарплата_крупные
17542000,Меленковский муниципальный район,2,высокая rs_отгружено_доля_Раздел C Обрабатывающие производства; высокая rs_работники_доля_Раздел C Обрабатывающие производства
40381000,внутригородская территория города федерального значения муниципальный округ Рыбацкое,2,высокая rs_отгружено_доля_Раздел C Обрабатывающие производства; высокая rs_работники_доля_Раздел C Обрабатывающие производства
10521000,Завитинский муниципальный округ,0,высокая rs_отгружено_доля_Раздел В Добыча полезных ископаемых; высокая geo_dist_to_city_500k_km
37536000,Частоозерский муниципальный округ,3,высокая rs_отгружено_доля_нераскрыто; низкая rs_зарплата_крупные
77701000,городской округ Анадырь,0,высокая rs_отгружено_доля_Раздел В Добыча полезных ископаемых; высокая geo_dist_to_city_500k_km
80641000,Мелеузовский муниципальный район,2,высокая rs_отгружено_доля_Раздел C Обрабатывающие производства; высокая rs_работники_доля_Раздел C Обрабатывающие производства
27701000,городской округ город Калининград,2,высокая rs_отгружено_доля_Раздел C Обрабатывающие производства; высокая rs_работники_доля_Раздел C Обрабатывающие производства
45923000,внутригородская территория города федерального значения муниципальный округ Царицыно,1,низкая geo_dist_to_city_100k_km; высокая geo_market_potential
11530000,Красноборский муниципальный округ,3,высокая rs_отгружено_доля_нераскрыто; низкая rs_зарплата_крупные
84635000,Усть-Канский муниципальный район,3,высокая rs_отгружено_доля_нераскрыто; низкая rs_зарплата_крупные
01647000,Тальменский муниципальный район,3,высокая rs_отгружено_доля_нераскрыто; низкая rs_зарплата_крупные
33534000,муниципальный округ Свечинский,3,высокая rs_отгружено_доля_нераскрыто; низкая rs_зарплата_крупные
34538000,Пыщугский муниципальный округ,3,высокая rs_отгружено_доля_нераскрыто; низкая rs_зарплата_крупные
82715000,городской округ город Избербаш,3,высокая rs_отгружено_доля_нераскрыто; низкая rs_зарплата_крупные
94535000,муниципальный округ Можгинский район,3,высокая rs_отгружено_доля_нераскрыто; низкая rs_зарплата_крупные
28548000,муниципальный округ Ржевский,2,высокая rs_отгружено_доля_Раздел C Обрабатывающие производства; высокая rs_работники_доля_Раздел C Обрабатывающие производства
10775000,городской округ рабочий поселок (поселок городского типа) Прогресс,3,высокая rs_отгружено_доля_нераскрыто; низкая rs_зарплата_крупные
50603000,Баганский муниципальный район,3,высокая rs_отгружено_доля_нераскрыто; низкая rs_зарплата_крупные
75533000,Коркинский муниципальный округ,2,высокая rs_отгружено_доля_Раздел C Обрабатывающие производства; высокая rs_работники_доля_Раздел C Обрабатывающие производства
81720000,городской округ город Северобайкальск,0,высокая rs_отгружено_доля_Раздел В Добыча полезных ископаемых; высокая geo_dist_to_city_500k_km
53723000,городской округ город Орск,2,высокая rs_отгружено_доля_Раздел C Обрабатывающие производства; высокая rs_работники_доля_Раздел C Обрабатывающие производства
79605000,Гиагинский муниципальный район,2,высокая rs_отгружено_доля_Раздел C Обрабатывающие производства; высокая rs_работники_доля_Раздел C Обрабатывающие производства
76538000,Приаргунский муниципальный округ,3,высокая rs_отгружено_доля_нераскрыто; низкая rs_зарплата_крупные
18640000,Новониколаевский муниципальный район,3,высокая rs_отгружено_доля_нераскрыто; низкая rs_зарплата_крупные
32728000,городской округ Мысковский,0,высокая rs_отгружено_доля_Раздел В Добыча полезных ископаемых; высокая geo_dist_to_city_500k_km
68514000,Мордовский муниципальный округ,3,высокая rs_отгружено_доля_нераскрыто; низкая rs_зарплата_крупные
45361000,внутригородская территория города федерального значения муниципальный округ Свиблово,1,низкая geo_dist_to_city_100k_km; высокая geo_market_potential
46780000,городской округ Фрязино,2,высокая rs_отгружено_доля_Раздел C Обрабатывающие производства; высокая rs_работники_доля_Раздел C Обрабатывающие производства
98642000,Оленекский эвенкийский национальный муниципальный район,0,высокая rs_отгружено_доля_Раздел В Добыча полезных ископаемых; высокая geo_dist_to_city_500k_km
70628000,Киреевский муниципальный район,2,высокая rs_отгружено_доля_Раздел C Обрабатывающие производства; высокая rs_работники_доля_Раздел C Обрабатывающие производства
71816000,Кондинский муниципальный район,0,высокая rs_отгружено_доля_Раздел В Добыча полезных ископаемых; высокая geo_dist_to_city_500k_km
94522000,муниципальный округ Каракулинский район,0,высокая rs_отгружено_доля_Раздел В Добыча полезных ископаемых; высокая geo_dist_to_city_500k_km
97538000,Урмарский муниципальный округ,3,высокая rs_отгружено_доля_нераскрыто; низкая rs_зарплата_крупные
07548000,Предгорный муниципальный округ,2,высокая rs_отгружено_доля_Раздел C Обрабатывающие производства; высокая rs_работники_доля_Раздел C Обрабатывающие производства
80630000,Илишевский муниципальный район,3,высокая rs_отгружено_доля_нераскрыто; низкая rs_зарплата_крупные
66516000,Духовщинский муниципальный район,3,высокая rs_отгружено_доля_нераскрыто; низкая rs_зарплата_крупные
58543000,Плюсский муниципальный район,3,высокая rs_отгружено_доля_нераскрыто; низкая rs_зарплата_крупные
65532000,городской округ Качканарский,0,высокая rs_отгружено_доля_Раздел В Добыча полезных ископаемых; высокая geo_dist_to_city_500k_km
33650000,Яранский муниципальный район,3,высокая rs_отгружено_доля_нераскрыто; низкая rs_зарплата_крупные
50642000,Ордынский муниципальный район,3,высокая rs_отгружено_доля_нераскрыто; низкая rs_зарплата_крупные
45921000,внутригородская территория города федерального значения муниципальный округ Орехово-Борисово Северное,1,низкая geo_dist_to_city_100k_km; высокая geo_market_potential
40908000,внутригородская территория города федерального значения муниципальный округ Дворцовый округ,1,низкая geo_dist_to_city_100k_km; высокая geo_market_potential
89640000,Ромодановский муниципальный район,3,высокая rs_отгружено_доля_нераскрыто; низкая rs_зарплата_крупные
22540000,Лысковский муниципальный округ,2,высокая rs_отгружено_доля_Раздел C Обрабатывающие производства; высокая rs_работники_доля_Раздел C Обрабатывающие производства
46533000,городской округ Истра,2,высокая rs_отгружено_доля_Раздел C Обрабатывающие производства; высокая rs_работники_доля_Раздел C Обрабатывающие производства
54639000,Новодеревеньковский муниципальный район,3,высокая rs_отгружено_доля_нераскрыто; низкая rs_зарплата_крупные
73614000,Карсунский муниципальный район,3,высокая rs_отгружено_доля_нераскрыто; низкая rs_зарплата_крупные
71936000,муниципальный округ Надымский район,0,высокая rs_отгружено_доля_Раздел В Добыча полезных ископаемых; высокая geo_dist_to_city_500k_km
33516000,муниципальный округ Кикнурский,3,высокая rs_отгружено_доля_нераскрыто; низкая rs_зарплата_крупные
47517000,Ковдорский муниципальный округ,0,высокая rs_отгружено_доля_Раздел В Добыча полезных ископаемых; высокая geo_dist_to_city_500k_km
28516000,муниципальный округ Западнодвинский,3,высокая rs_отгружено_доля_нераскрыто; низкая rs_зарплата_крупные
45348000,внутригородская территория города федерального значения муниципальный округ Хорошевский,1,низкая geo_dist_to_city_100k_km; высокая geo_market_potential
68705000,городской округ город Кирсанов,3,высокая rs_отгружено_доля_нераскрыто; низкая rs_зарплата_крупные
91601000,Абазинский муниципальный район,3,высокая rs_отгружено_доля_нераскрыто; низкая rs_зарплата_крупные
46572000,городской округ Серебряные Пруды,3,высокая rs_отгружено_доля_нераскрыто; низкая rs_зарплата_крупные
95635000,Ширинский муниципальный район,3,высокая rs_отгружено_доля_нераскрыто; низкая rs_зарплата_крупные
91635000,Усть-Джегутинский муниципальный район,2,высокая rs_отгружено_доля_Раздел C Обрабатывающие производства; высокая rs_работники_доля_Раздел C Обрабатывающие производства
24619000,Пестяковский муниципальный район,3,высокая rs_отгружено_доля_нераскрыто; низкая rs_зарплата_крупные
65546000,городской округ Пышминский,3,высокая rs_отгружено_доля_нераскрыто; низкая rs_зарплата_крупные
89646000,Старошайговский муниципальный район,3,высокая rs_отгружено_доля_нераскрыто; низкая rs_зарплата_крупные
93622000,Кызылский муниципальный район,3,высокая rs_отгружено_доля_нераскрыто; низкая rs_зарплата_крупные
40319000,внутригородская территория города федерального значения муниципальный округ Шувалово-Озерки,1,низкая geo_dist_to_city_100k_km; высокая geo_market_potential
98652000,Усть-Алданский муниципальный район,3,высокая rs_отгружено_доля_нераскрыто; низкая rs_зарплата_крупные
22549000,Сеченовский муниципальный округ,3,высокая rs_отгружено_доля_нераскрыто; низкая rs_зарплата_крупные
92646000,Нурлатский муниципальный район,0,высокая rs_отгружено_доля_Раздел В Добыча полезных ископаемых; высокая geo_dist_to_city_500k_km
10547000,Серышевский муниципальный округ,3,высокая rs_отгружено_доля_нераскрыто; низкая rs_зарплата_крупные
07541000,Нефтекумский муниципальный округ,0,высокая rs_отгружено_доля_Раздел В Добыча полезных ископаемых; высокая geo_dist_to_city_500k_km
49532000,муниципальный округ Пестовский,3,высокая rs_отгружено_доля_нераскрыто; низкая rs_зарплата_крупные
37705000,городской округ город Шадринск,2,высокая rs_отгружено_доля_Раздел C Обрабатывающие производства; высокая rs_работники_доля_Раздел C Обрабатывающие производства
45384000,внутригородская территория города федерального значения муниципальный округ Якиманка,1,низкая geo_dist_to_city_100k_km; высокая geo_market_potential
33641000,Уржумский муниципальный район,3,высокая rs_отгружено_доля_нераскрыто; низкая rs_зарплата_крупные
46757000,городской округ Орехово-Зуевский,2,высокая rs_отгружено_доля_Раздел C Обрабатывающие производства; высокая rs_работники_доля_Раздел C Обрабатывающие производства
76503000,Акшинский муниципальный округ,3,высокая rs_отгружено_доля_нераскрыто; низкая rs_зарплата_крупные
50536000,Маслянинский муниципальный район,3,высокая rs_отгружено_доля_нераскрыто; низкая rs_зарплата_крупные
97555000,Яльчикский муниципальный округ,3,высокая rs_отгружено_доля_нераскрыто; низкая rs_зарплата_крупные
08603000,Амурский муниципальный район,2,высокая rs_отгружено_доля_Раздел C Обрабатывающие производства; высокая rs_работники_доля_Раздел C Обрабатывающие производства
18701000,городской округ город-герой Волгоград,2,высокая rs_отгружено_доля_Раздел C Обрабатывающие производства; высокая rs_работники_доля_Раздел C Обрабатывающие производства
45334000,внутригородская территория города федерального значения муниципальный округ Беговой,1,низкая geo_dist_to_city_100k_km; высокая geo_market_potential
28547000,муниципальный округ Рамешковский,3,высокая rs_отгружено_доля_нераскрыто; низкая rs_зарплата_крупные
92648000,Пестречинский муниципальный район,2,высокая rs_отгружено_доля_Раздел C Обрабатывающие производства; высокая rs_работники_доля_Раздел C Обрабатывающие производства
18624000,Котельниковский муниципальный район,3,высокая rs_отгружено_доля_нераскрыто; низкая rs_зарплата_крупные
86504000,Беломорский муниципальный округ,0,высокая rs_отгружено_доля_Раздел В Добыча полезных ископаемых; высокая geo_dist_to_city_500k_km
08646000,Тугуро-Чумиканский муниципальный район,0,высокая rs_отгружено_доля_Раздел В Добыча полезных ископаемых; высокая geo_dist_to_city_500k_km
45390000,внутригородская территория города федерального значения муниципальный округ Марьино,1,низкая geo_dist_to_city_100k_km; высокая geo_market_potential
05528000,Ольгинский муниципальный округ,3,высокая rs_отгружено_доля_нераскрыто; низкая rs_зарплата_крупные
49701000,городской округ Великий Новгород,2,высокая rs_отгружено_доля_Раздел C Обрабатывающие производства; высокая rs_работники_доля_Раздел C Обрабатывающие производства
36617000,Камышлинский муниципальный район,3,высокая rs_отгружено_доля_нераскрыто; низкая rs_зарплата_крупные
40352000,внутригородская территория города федерального значения муниципальный округ Ржевка,2,высокая rs_отгружено_доля_Раздел C Обрабатывающие производства; высокая rs_работники_доля_Раздел C Обрабатывающие производства
19536000,Нюксенский муниципальный округ,0,высокая rs_отгружено_доля_Раздел В Добыча полезных ископаемых; высокая geo_dist_to_city_500k_km
40337000,внутригородская территория города федерального значения муниципальный округ Дачное,3,высокая rs_отгружено_доля_нераскрыто; низкая rs_зарплата_крупные
81627000,Кижингинский муниципальный район,3,высокая rs_отгружено_доля_нераскрыто; низкая rs_зарплата_крупные
87512000,муниципальный округ Вуктыл,0,высокая rs_отгружено_доля_Раздел В Добыча полезных ископаемых; высокая geo_dist_to_city_500k_km
45330000,внутригородская территория города федерального значения муниципальный округ Крюково,1,низкая geo_dist_to_city_100k_km; высокая geo_market_potential
68508000,Инжавинский муниципальный округ,3,высокая rs_отгружено_доля_нераскрыто; низкая rs_зарплата_крупные
37516000,Куртамышский муниципальный округ,3,высокая rs_отгружено_доля_нераскрыто; низкая rs_зарплата_крупные
08509000,Бикинский муниципальный район,3,высокая rs_отгружено_доля_нераскрыто; низкая rs_зарплата_крупные
89643000,Рузаевский муниципальный район,2,высокая rs_отгружено_доля_Раздел C Обрабатывающие производства; высокая rs_работники_доля_Раздел C Обрабатывающие производства
64504000,городской округ Александровск-Сахалинский район,3,высокая rs_отгружено_доля_нераскрыто; низкая rs_зарплата_крупные
40356000,внутригородская территория города федерального значения муниципальный округ Сосновая поляна,1,низкая geo_dist_to_city_100k_km; высокая geo_market_potential
33620000,Куменский муниципальный район,3,высокая rs_отгружено_доля_нераскрыто; низкая rs_зарплата_крупные
37512000,Катайский муниципальный округ,2,высокая rs_отгружено_доля_Раздел C Обрабатывающие производства; высокая rs_работники_доля_Раздел C Обрабатывающие производства
18651000,Среднеахтубинский муниципальный район,2,высокая rs_отгружено_доля_Раздел C Обрабатывающие производства; высокая rs_работники_доля_Раздел C Обрабатывающие производства
45335000,внутригородская территория города федерального значения муниципальный округ Бескудниковский,1,низкая geo_dist_to_city_100k_km; высокая geo_market_potential
40911000,внутригородская территория города федерального значения муниципальный округ Смольнинское,1,низкая geo_dist_to_city_100k_km; высокая geo_market_potential
30613000,Соболевский муниципальный район,0,высокая rs_отгружено_доля_Раздел В Добыча полезных ископаемых; высокая geo_dist_to_city_500k_km
34705000,городской округ город Буй,2,высокая rs_отгружено_доля_Раздел C Обрабатывающие производства; высокая rs_работники_доля_Раздел C Обрабатывающие производства
45392000,внутригородская территория города федерального значения муниципальный округ Нижегородский,1,низкая geo_dist_to_city_100k_km; высокая geo_market_potential
40387000,внутригородская территория города федерального значения город Павловск,3,высокая rs_отгружено_доля_нераскрыто; низкая rs_зарплата_крупные
45377000,внутригородская территория города федерального значения муниципальное образование Савелки,1,низкая geo_dist_to_city_100k_km; высокая geo_market_potential
45358000,внутригородская территория города федерального значения муниципальный округ Останкинский,1,низкая geo_dist_to_city_100k_km; высокая geo_market_potential
40336000,внутригородская территория города федерального значения муниципальный округ Ульянка,3,высокая rs_отгружено_доля_нераскрыто; низкая rs_зарплата_крупные
86701000,городской округ Петрозаводский,2,высокая rs_отгружено_доля_Раздел C Обрабатывающие производства; высокая rs_работники_доля_Раздел C Обрабатывающие производства
33531000,муниципальный округ Пижанский,3,высокая rs_отгружено_доля_нераскрыто; низкая rs_зарплата_крупные
53504000,городской округ Кувандыкский,3,высокая rs_отгружено_доля_нераскрыто; низкая rs_зарплата_крупные
25628000,Нижнеудинский муниципальный район,0,высокая rs_отгружено_доля_Раздел В Добыча полезных ископаемых; высокая geo_dist_to_city_500k_km
11554000,Устьянский муниципальный округ,3,высокая rs_отгружено_доля_нераскрыто; низкая rs_зарплата_крупные
71872000,городской округ город Лангепас,0,высокая rs_отгружено_доля_Раздел В Добыча полезных ископаемых; высокая geo_dist_to_city_500k_km
97503000,Алатырский муниципальный округ,2,высокая rs_отгружено_доля_Раздел C Обрабатывающие производства; высокая rs_работники_доля_Раздел C Обрабатывающие производства
45302000,внутригородская территория города федерального значения муниципальный округ Вешняки,1,низкая geo_dist_to_city_100k_km; высокая geo_market_potential
86615000,Кондопожский муниципальный район,3,высокая rs_отгружено_доля_нераскрыто; низкая rs_зарплата_крупные
45924000,внутригородская территория города федерального значения муниципальный округ Чертаново Северное,1,низкая geo_dist_to_city_100k_km; высокая geo_market_potential
94518000,муниципальный округ Игринский район,0,высокая rs_отгружено_доля_Раздел В Добыча полезных ископаемых; высокая geo_dist_to_city_500k_km
71958000,городской округ город Ноябрьск,0,высокая rs_отгружено_доля_Раздел В Добыча полезных ископаемых; высокая geo_dist_to_city_500k_km
19542000,Тарногский муниципальный округ,3,высокая rs_отгружено_доля_нераскрыто; низкая rs_зарплата_крупные
25714000,городской округ город Братск,2,высокая rs_отгружено_доля_Раздел C Обрабатывающие производства; высокая rs_работники_доля_Раздел C Обрабатывающие производства
80605000,Аургазинский муниципальный район,3,высокая rs_отгружено_доля_нераскрыто; низкая rs_зарплата_крупные
92605000,Актанышский муниципальный район,3,высокая rs_отгружено_доля_нераскрыто; низкая rs_зарплата_крупные
71829000,Ханты-Мансийский муниципальный район,0,высокая rs_отгружено_доля_Раздел В Добыча полезных ископаемых; высокая geo_dist_to_city_500k_km
52658000,Черлакский муниципальный район,3,высокая rs_отгружено_доля_нераскрыто; низкая rs_зарплата_крупные
01623000,Курьинский муниципальный район,3,высокая rs_отгружено_доля_нераскрыто; низкая rs_зарплата_крупные
24703000,городской округ Вичуга,3,высокая rs_отгружено_доля_нераскрыто; низкая rs_зарплата_крупные
12625000,Камызякский муниципальный район,2,высокая rs_отгружено_доля_Раздел C Обрабатывающие производства; высокая rs_работники_доля_Раздел C Обрабатывающие производства
17725000,городской округ город Ковров,2,высокая rs_отгружено_доля_Раздел C Обрабатывающие производства; высокая rs_работники_доля_Раздел C Обрабатывающие производства
28526000,муниципальный округ Кесовогорский,3,высокая rs_отгружено_доля_нераскрыто; низкая rs_зарплата_крупные
07712000,городской округ город-курорт Железноводск,3,высокая rs_отгружено_доля_нераскрыто; низкая rs_зарплата_крупные
46705000,городской округ Бронницы,2,высокая rs_отгружено_доля_Раздел C Обрабатывающие производства; высокая rs_работники_доля_Раздел C Обрабатывающие производства
45941000,внутригородская территория города федерального значения муниципальный округ Внуково,1,низкая geo_dist_to_city_100k_km; высокая geo_market_potential
71818000,Нефтеюганский муниципальный район,0,высокая rs_отгружено_доля_Раздел В Добыча полезных ископаемых; высокая geo_dist_to_city_500k_km
69644000,Парабельский муниципальный район,0,высокая rs_отгружено_доля_Раздел В Добыча полезных ископаемых; высокая geo_dist_to_city_500k_km
64532000,городской округ Ногликский,0,высокая rs_отгружено_доля_Раздел В Добыча полезных ископаемых; высокая geo_dist_to_city_500k_km
81612000,Джидинский муниципальный район,3,высокая rs_отгружено_доля_нераскрыто; низкая rs_зарплата_крупные
01636000,Родинский муниципальный район,3,высокая rs_отгружено_доля_нераскрыто; низкая rs_зарплата_крупные
50615000,Искитимский муниципальный район,2,высокая rs_отгружено_доля_Раздел C Обрабатывающие производства; высокая rs_работники_доля_Раздел C Обрабатывающие производства
56656000,Сердобский муниципальный район,3,высокая rs_отгружено_доля_нераскрыто; низкая rs_зарплата_крупные
40330000,внутригородская территория города федерального значения муниципальный округ Финляндский округ,1,низкая geo_dist_to_city_100k_km; высокая geo_market_potential
80639000,Куюргазинский муниципальный район,3,высокая rs_отгружено_доля_нераскрыто; низкая rs_зарплата_крупные
65551000,городской округ Сосьвинский,3,высокая rs_отгружено_доля_нераскрыто; низкая rs_зарплата_крупные
45346000,внутригородская территория города федерального значения муниципальный округ Тимирязевский,1,низкая geo_dist_to_city_100k_km; высокая geo_market_potential
71940000,муниципальный округ Пуровский район,0,высокая rs_отгружено_доля_Раздел В Добыча полезных ископаемых; высокая geo_dist_to_city_500k_km
37506000,Варгашинский муниципальный округ,3,высокая rs_отгружено_доля_нераскрыто; низкая rs_зарплата_крупные
37524000,Мокроусовский муниципальный округ,3,высокая rs_отгружено_доля_нераскрыто; низкая rs_зарплата_крупные
40340000,внутригородская территория города федерального значения муниципальный округ Красненькая речка,3,высокая rs_отгружено_доля_нераскрыто; низкая rs_зарплата_крупные
92612000,Арский муниципальный район,3,высокая rs_отгружено_доля_нераскрыто; низкая rs_зарплата_крупные
46748000,городской округ Люберцы,1,низкая geo_dist_to_city_100k_km; высокая geo_market_potential
44522000,муниципальный округ Ягоднинский,0,высокая rs_отгружено_доля_Раздел В Добыча полезных ископаемых; высокая geo_dist_to_city_500k_km
71884000,городской округ город Покачи,0,высокая rs_отгружено_доля_Раздел В Добыча полезных ископаемых; высокая geo_dist_to_city_500k_km
24625000,Савинский муниципальный район,3,высокая rs_отгружено_доля_нераскрыто; низкая rs_зарплата_крупные
87612000,Койгородский муниципальный район,3,высокая rs_отгружено_доля_нераскрыто; низкая rs_зарплата_крупные
61512000,Кораблинский муниципальный район,3,высокая rs_отгружено_доля_нераскрыто; низкая rs_зарплата_крупные
42542000,Становлянский муниципальный район,3,высокая rs_отгружено_доля_нераскрыто; низкая rs_зарплата_крупные
57555000,муниципальный округ Частинский,0,высокая rs_отгружено_доля_Раздел В Добыча полезных ископаемых; высокая geo_dist_to_city_500k_km
07522000,Ипатовский муниципальный округ,3,высокая rs_отгружено_доля_нераскрыто; низкая rs_зарплата_крупные
33623000,Малмыжский муниципальный район,3,высокая rs_отгружено_доля_нераскрыто; низкая rs_зарплата_крупные
92608000,Альметьевский муниципальный район,0,высокая rs_отгружено_доля_Раздел В Добыча полезных ископаемых; высокая geo_dist_to_city_500k_km
66550000,Угранский муниципальный район,3,высокая rs_отгружено_доля_нераскрыто; низкая rs_зарплата_крупные
92610000,Апастовский муниципальный район,3,высокая rs_отгружено_доля_нераскрыто; низкая rs_зарплата_крупные
27711000,городской округ Ладушкинский,3,высокая rs_отгружено_доля_нераскрыто; низкая rs_зарплата_крупные
01649000,Топчихинский муниципальный район,3,высокая rs_отгружено_доля_нераскрыто; низкая rs_зарплата_крупные
94520000,муниципальный округ Камбарский район,2,высокая rs_отгружено_доля_Раздел C Обрабатывающие производства; высокая rs_работники_доля_Раздел C Обрабатывающие производства
54657000,Хотынецкий муниципальный район,3,высокая rs_отгружено_доля_нераскрыто; низкая rs_зарплата_крупные
54625000,Кромской муниципальный район,3,высокая rs_отгружено_доля_нераскрыто; низкая rs_зарплата_крупные
68530000,Ржаксинский муниципальный округ,3,высокая rs_отгружено_доля_нераскрыто; низкая rs_зарплата_крупные
18622000,Клетский муниципальный район,3,высокая rs_отгружено_доля_нераскрыто; низкая rs_зарплата_крупные
30504000,Быстринский муниципальный район,0,высокая rs_отгружено_доля_Раздел В Добыча полезных ископаемых; высокая geo_dist_to_city_500k_km
45359000,внутригородская территория города федерального значения муниципальный округ Отрадное,1,низкая geo_dist_to_city_100k_km; высокая geo_market_potential
45337000,внутригородская территория города федерального значения муниципальный округ Восточное Дегунино,1,низкая geo_dist_to_city_100k_km; высокая geo_market_potential
46508000,городской округ Волоколамский,2,высокая rs_отгружено_доля_Раздел C Обрабатывающие производства; высокая rs_работники_доля_Раздел C Обрабатывающие производства
92629000,Кайбицкий муниципальный район,3,высокая rs_отгружено_доля_нераскрыто; низкая rs_зарплата_крупные
25630000,Ольхонский муниципальный район,3,высокая rs_отгружено_доля_нераскрыто; низкая rs_зарплата_крупные
07544000,Новоселицкий муниципальный округ,3,высокая rs_отгружено_доля_нераскрыто; низкая rs_зарплата_крупные
58523000,муниципальный округ Новоржевский,3,высокая rs_отгружено_доля_нераскрыто; низкая rs_зарплата_крупные
54636000,Мценский муниципальный район,3,высокая rs_отгружено_доля_нераскрыто; низкая rs_зарплата_крупные
66541000,Сафоновский муниципальный район,2,высокая rs_отгружено_доля_Раздел C Обрабатывающие производства; высокая rs_работники_доля_Раздел C Обрабатывающие производства
24603000,Гаврилово-Посадский муниципальный район,3,высокая rs_отгружено_доля_нераскрыто; низкая rs_зарплата_крупные
37532000,Сафакулевский муниципальный округ,3,высокая rs_отгружено_доля_нераскрыто; низкая rs_зарплата_крупные
11548000,Пинежский муниципальный округ,3,высокая rs_отгружено_доля_нераскрыто; низкая rs_зарплата_крупные
81650000,Тарбагатайский муниципальный район,3,высокая rs_отгружено_доля_нераскрыто; низкая rs_зарплата_крупные
93610000,Барун-Хемчикский муниципальный район,3,высокая rs_отгружено_доля_нераскрыто; низкая rs_зарплата_крупные
40303000,внутригородская территория города федерального значения муниципальный округ Адмиралтейский округ,2,высокая rs_отгружено_доля_Раздел C Обрабатывающие производства; высокая rs_работники_доля_Раздел C Обрабатывающие производства
87701000,городской округ Сыктывкар,2,высокая rs_отгружено_доля_Раздел C Обрабатывающие производства; высокая rs_работники_доля_Раздел C Обрабатывающие производства
01512000,Залесовский муниципальный округ,3,высокая rs_отгружено_доля_нераскрыто; низкая rs_зарплата_крупные
56658000,Тамалинский муниципальный район,3,высокая rs_отгружено_доля_нераскрыто; низкая rs_зарплата_крупные
47701000,городской округ город Мурманск,2,высокая rs_отгружено_доля_Раздел C Обрабатывающие производства; высокая rs_работники_доля_Раздел C Обрабатывающие производства
33605000,Белохолуницкий муниципальный район,3,высокая rs_отгружено_доля_нераскрыто; низкая rs_зарплата_крупные
22512000,Бутурлинский муниципальный округ,3,высокая rs_отгружено_доля_нераскрыто; низкая rs_зарплата_крупные
49510000,муниципальный округ Волотовский,3,высокая rs_отгружено_доля_нераскрыто; низкая rs_зарплата_крупные
12605000,Ахтубинский муниципальный район,2,высокая rs_отгружено_доля_Раздел C Обрабатывающие производства; высокая rs_работники_доля_Раздел C Обрабатывающие производства
36735000,городской округ Сызрань,2,высокая rs_отгружено_доля_Раздел C Обрабатывающие производства; высокая rs_работники_доля_Раздел C Обрабатывающие производства
71951000,городской округ город Салехард,0,высокая rs_отгружено_доля_Раздел В Добыча полезных ископаемых; высокая geo_dist_to_city_500k_km
54653000,Сосковский муниципальный район,3,высокая rs_отгружено_доля_нераскрыто; низкая rs_зарплата_крупные
65509000,городской округ Верхнесалдинский,2,высокая rs_отгружено_доля_Раздел C Обрабатывающие производства; высокая rs_работники_доля_Раздел C Обрабатывающие производства
33701000,городской округ город Киров,2,высокая rs_отгружено_доля_Раздел C Обрабатывающие производства; высокая rs_работники_доля_Раздел C Обрабатывающие производства
95701000,городской округ город Абакан,2,высокая rs_отгружено_доля_Раздел C Обрабатывающие производства; высокая rs_работники_доля_Раздел C Обрабатывающие производства
71943000,муниципальный округ Тазовский район,0,высокая rs_отгружено_доля_Раздел В Добыча полезных ископаемых; высокая geo_dist_to_city_500k_km
40382000,внутригородская территория города федерального значения муниципальный округ Народный,2,высокая rs_отгружено_доля_Раздел C Обрабатывающие производства; высокая rs_работники_доля_Раздел C Обрабатывающие производства
33533000,муниципальный округ Санчурский,3,высокая rs_отгружено_доля_нераскрыто; низкая rs_зарплата_крупные
75738000,городской округ Магнитогорский,2,высокая rs_отгружено_доля_Раздел C Обрабатывающие производства; высокая rs_работники_доля_Раздел C Обрабатывающие производства
65608000,Байкаловский муниципальный район,3,высокая rs_отгружено_доля_нераскрыто; низкая rs_зарплата_крупные
50623000,Коченевский муниципальный район,3,высокая rs_отгружено_доля_нераскрыто; низкая rs_зарплата_крупные
28542000,муниципальный округ Молоковский,3,высокая rs_отгружено_доля_нераскрыто; низкая rs_зарплата_крупные
50701000,городской округ город Новосибирск,2,высокая rs_отгружено_доля_Раздел C Обрабатывающие производства; высокая rs_работники_доля_Раздел C Обрабатывающие производства
73715000,городской округ город Новоульяновск,2,высокая rs_отгружено_доля_Раздел C Обрабатывающие производства; высокая rs_работники_доля_Раздел C Обрабатывающие производства
87624000,Прилузский муниципальный район,3,высокая rs_отгружено_доля_нераскрыто; низкая rs_зарплата_крупные
53612000,Бузулукский муниципальный район,3,высокая rs_отгружено_доля_нераскрыто; низкая rs_зарплата_крупные
75549000,Саткинский муниципальный район,2,высокая rs_отгружено_доля_Раздел C Обрабатывающие производства; высокая rs_работники_доля_Раздел C Обрабатывающие производства
18653000,Суровикинский муниципальный район,3,высокая rs_отгружено_доля_нераскрыто; низкая rs_зарплата_крупные
53622000,Кваркенский муниципальный район,3,высокая rs_отгружено_доля_нераскрыто; низкая rs_зарплата_крупные
95620000,Орджоникидзевский муниципальный район,3,высокая rs_отгружено_доля_нераскрыто; низкая rs_зарплата_крупные
33625000,Нагорский муниципальный район,3,высокая rs_отгружено_доля_нераскрыто; низкая rs_зарплата_крупные
40358000,внутригородская территория города федерального значения муниципальный округ Константиновское,3,высокая rs_отгружено_доля_нераскрыто; низкая rs_зарплата_крупные
17550000,Собинский муниципальный район,2,высокая rs_отгружено_доля_Раздел C Обрабатывающие производства; высокая rs_работники_доля_Раздел C Обрабатывающие производства
07507000,Арзгирский муниципальный округ,3,высокая rs_отгружено_доля_нераскрыто; низкая rs_зарплата_крупные
68518000,Мучкапский муниципальный округ,3,высокая rs_отгружено_доля_нераскрыто; низкая rs_зарплата_крупные
19548000,Усть-Кубинский муниципальный округ,3,высокая rs_отгружено_доля_нераскрыто; низкая rs_зарплата_крупные
98610000,Анабарский национальный (долгано-эвенкийский) муниципальный район,0,высокая rs_отгружено_доля_Раздел В Добыча полезных ископаемых; высокая geo_dist_to_city_500k_km
01604000,Бийский муниципальный район,3,высокая rs_отгружено_доля_нераскрыто; низкая rs_зарплата_крупные
37528000,Половинский муниципальный округ,3,высокая rs_отгружено_доля_нераскрыто; низкая rs_зарплата_крупные
45381000,внутригородская территория города федерального значения муниципальный округ Таганский,1,низкая geo_dist_to_city_100k_km; высокая geo_market_potential
64520000,городской округ Курильский,0,высокая rs_отгружено_доля_Раздел В Добыча полезных ископаемых; высокая geo_dist_to_city_500k_km
28544000,муниципальный округ Оленинский,3,высокая rs_отгружено_доля_нераскрыто; низкая rs_зарплата_крупные
32740000,городской округ Тайгинский,0,высокая rs_отгружено_доля_Раздел В Добыча полезных ископаемых; высокая geo_dist_to_city_500k_km
84620000,Онгудайский муниципальный район,3,высокая rs_отгружено_доля_нераскрыто; низкая rs_зарплата_крупные
87628000,Сыктывдинский муниципальный район,3,высокая rs_отгружено_доля_нераскрыто; низкая rs_зарплата_крупные
79633000,Теучежский муниципальный район,2,высокая rs_отгружено_доля_Раздел C Обрабатывающие производства; высокая rs_работники_доля_Раздел C Обрабатывающие производства
45341000,внутригородская территория города федерального значения муниципальный округ Коптево,1,низкая geo_dist_to_city_100k_km; высокая geo_market_potential
73656000,Чердаклинский муниципальный район,2,высокая rs_отгружено_доля_Раздел C Обрабатывающие производства; высокая rs_работники_доля_Раздел C Обрабатывающие производства
30701000,городской округ Петропавловск-Камчатский,2,высокая rs_отгружено_доля_Раздел C Обрабатывающие производства; высокая rs_работники_доля_Раздел C Обрабатывающие производства
46742000,городской округ Лосино-Петровский,2,высокая rs_отгружено_доля_Раздел C Обрабатывающие производства; высокая rs_работники_доля_Раздел C Обрабатывающие производства
71873000,городской округ город Мегион,0,высокая rs_отгружено_доля_Раздел В Добыча полезных ископаемых; высокая geo_dist_to_city_500k_km
66514000,Дорогобужский муниципальный район,2,высокая rs_отгружено_доля_Раздел C Обрабатывающие производства; высокая rs_работники_доля_Раздел C Обрабатывающие производства
65528000,городской округ Сухой Лог,2,высокая rs_отгружено_доля_Раздел C Обрабатывающие производства; высокая rs_работники_доля_Раздел C Обрабатывающие производства
28556000,городской округ Удомельский,0,высокая rs_отгружено_доля_Раздел В Добыча полезных ископаемых; высокая geo_dist_to_city_500k_km
45927000,внутригородская территория города федерального значения муниципальный округ Старое Крюково,1,низкая geo_dist_to_city_100k_km; высокая geo_market_potential
36638000,Сергиевский муниципальный район,0,высокая rs_отгружено_доля_Раздел В Добыча полезных ископаемых; высокая geo_dist_to_city_500k_km
61523000,Пителинский муниципальный район,3,высокая rs_отгружено_доля_нераскрыто; низкая rs_зарплата_крупные
57524000,муниципальный округ Кишертский,3,высокая rs_отгружено_доля_нераскрыто; низкая rs_зарплата_крупные
94701000,городской округ город Ижевск,2,высокая rs_отгружено_доля_Раздел C Обрабатывающие производства; высокая rs_работники_доля_Раздел C Обрабатывающие производства
94710000,городской округ город Воткинск,2,высокая rs_отгружено_доля_Раздел C Обрабатывающие производства; высокая rs_работники_доля_Раздел C Обрабатывающие производства
76518000,Калганский муниципальный округ,0,высокая rs_отгружено_доля_Раздел В Добыча полезных ископаемых; высокая geo_dist_to_city_500k_km
41627000,Лодейнопольский муниципальный район,3,высокая rs_отгружено_доля_нераскрыто; низкая rs_зарплата_крупные
98650000,Томпонский муниципальный район,0,высокая rs_отгружено_доля_Раздел В Добыча полезных ископаемых; высокая geo_dist_to_city_500k_km
98639000,Оймяконский муниципальный район,0,высокая rs_отгружено_доля_Раздел В Добыча полезных ископаемых; высокая geo_dist_to_city_500k_km
11715000,городской округ город Новодвинск,2,высокая rs_отгружено_доля_Раздел C Обрабатывающие производства; высокая rs_работники_доля_Раздел C Обрабатывающие производства
94512000,муниципальный округ Граховский район,3,высокая rs_отгружено_доля_нераскрыто; низкая rs_зарплата_крупные
11701000,городской округ город Архангельск,2,высокая rs_отгружено_доля_Раздел C Обрабатывающие производства; высокая rs_работники_доля_Раздел C Обрабатывающие производства
53611000,Бугурусланский муниципальный район,3,высокая rs_отгружено_доля_нераскрыто; низкая rs_зарплата_крупные
01628000,Новичихинский муниципальный район,3,высокая rs_отгружено_доля_нераскрыто; низкая rs_зарплата_крупные
63641000,Ртищевский муниципальный район,3,высокая rs_отгружено_доля_нераскрыто; низкая rs_зарплата_крупные
11544000,Няндомский муниципальный округ,0,высокая rs_отгружено_доля_Раздел В Добыча полезных ископаемых; высокая geo_dist_to_city_500k_km
71885000,городской округ город Пыть-Ях,0,высокая rs_отгружено_доля_Раздел В Добыча полезных ископаемых; высокая geo_dist_to_city_500k_km
75706000,городской округ Верхнеуфалейский,2,высокая rs_отгружено_доля_Раздел C Обрабатывающие производства; высокая rs_работники_доля_Раздел C Обрабатывающие производства
50712000,городской округ город Искитим,2,высокая rs_отгружено_доля_Раздел C Обрабатывающие производства; высокая rs_работники_доля_Раздел C Обрабатывающие производства
45387000,внутригородская территория города федерального значения муниципальный округ Кузьминки,1,низкая geo_dist_to_city_100k_km; высокая geo_market_potential
58540000,муниципальный округ Печорский,3,высокая rs_отгружено_доля_нераскрыто; низкая rs_зарплата_крупные
94539000,муниципальный округ Селтинский район,3,высокая rs_отгружено_доля_нераскрыто; низкая rs_зарплата_крупные
11550000,Плесецкий муниципальный округ,0,высокая rs_отгружено_доля_Раздел В Добыча полезных ископаемых; высокая geo_dist_to_city_500k_km
24701000,городской округ Иваново,2,высокая rs_отгружено_доля_Раздел C Обрабатывающие производства; высокая rs_работники_доля_Раздел C Обрабатывающие производства
45908000,внутригородская территория города федерального значения муниципальный округ Черемушки,1,низкая geo_dist_to_city_100k_km; высокая geo_market_potential
45368000,внутригородская территория города федерального значения муниципальный округ Покровское-Стрешнево,1,низкая geo_dist_to_city_100k_km; высокая geo_market_potential
63608000,Балашовский муниципальный район,2,высокая rs_отгружено_доля_Раздел C Обрабатывающие производства; высокая rs_работники_доля_Раздел C Обрабатывающие производства
18643000,Ольховский муниципальный район,3,высокая rs_отгружено_доля_нераскрыто; низкая rs_зарплата_крупные
80602000,Альшеевский муниципальный район,3,высокая rs_отгружено_доля_нераскрыто; низкая rs_зарплата_крупные
36727000,городской округ Похвистнево,0,высокая rs_отгружено_доля_Раздел В Добыча полезных ископаемых; высокая geo_dist_to_city_500k_km
68510000,Кирсановский муниципальный округ,3,высокая rs_отгружено_доля_нераскрыто; низкая rs_зарплата_крупные
36608000,Большеглушицкий муниципальный район,3,высокая rs_отгружено_доля_нераскрыто; низкая rs_зарплата_крупные
45332000,внутригородская территория города федерального значения муниципальный округ Силино,1,низкая geo_dist_to_city_100k_km; высокая geo_market_potential
57559000,муниципальный округ Юрлинский,3,высокая rs_отгружено_доля_нераскрыто; низкая rs_зарплата_крупные
42527000,Измалковский муниципальный район,3,высокая rs_отгружено_доля_нераскрыто; низкая rs_зарплата_крупные
40362000,внутригородская территория города федерального значения город Сестрорецк,2,высокая rs_отгружено_доля_Раздел C Обрабатывающие производства; высокая rs_работники_доля_Раздел C Обрабатывающие производства
98631000,Мирнинский муниципальный район,0,высокая rs_отгружено_доля_Раздел В Добыча полезных ископаемых; высокая geo_dist_to_city_500k_km
91625000,Прикубанский муниципальный район,3,высокая rs_отгружено_доля_нераскрыто; низкая rs_зарплата_крупные
50638000,Мошковский муниципальный район,2,высокая rs_отгружено_доля_Раздел C Обрабатывающие производства; высокая rs_работники_доля_Раздел C Обрабатывающие производства
65516000,городской округ Верхотурский,3,высокая rs_отгружено_доля_нераскрыто; низкая rs_зарплата_крупные
08650000,Ульчский муниципальный район,3,высокая rs_отгружено_доля_нераскрыто; низкая rs_зарплата_крупные
10549000,Сковородинский муниципальный округ,0,высокая rs_отгружено_доля_Раздел В Добыча полезных ископаемых; высокая geo_dist_to_city_500k_km
45367000,внутригородская территория города федерального значения муниципальный округ Митино,1,низкая geo_dist_to_city_100k_km; высокая geo_market_potential
11708000,городской округ город Коряжма,2,высокая rs_отгружено_доля_Раздел C Обрабатывающие производства; высокая rs_работники_доля_Раздел C Обрабатывающие производства
45364000,внутригородская территория города федерального значения муниципальный округ Южное Медведково,1,низкая geo_dist_to_city_100k_km; высокая geo_market_potential
93638000,Сут-Хольский муниципальный район,3,высокая rs_отгружено_доля_нераскрыто; низкая rs_зарплата_крупные
40328000,внутригородская территория города федерального значения муниципальный округ Гражданка,1,низкая geo_dist_to_city_100k_km; высокая geo_market_potential
63623000,Краснокутский муниципальный район,3,высокая rs_отгружено_доля_нераскрыто; низкая rs_зарплата_крупные
46552000,городской округ Лотошино,3,высокая rs_отгружено_доля_нераскрыто; низкая rs_зарплата_крупные
53619000,Илекский муниципальный район,3,высокая rs_отгружено_доля_нераскрыто; низкая rs_зарплата_крупные
45323000,внутригородская территория города федерального значения муниципальный округ Очаково-Матвеевское,1,низкая geo_dist_to_city_100k_km; высокая geo_market_potential
45343000,внутригородская территория города федерального значения муниципальный округ Молжаниновский,1,низкая geo_dist_to_city_100k_km; высокая geo_market_potential
42636000,Лев-Толстовский муниципальный район,3,высокая rs_отгружено_доля_нераскрыто; низкая rs_зарплата_крупные
45319000,внутригородская территория города федерального значения муниципальный округ Крылатское,1,низкая geo_dist_to_city_100k_km; высокая geo_market_potential
49503000,Батецкий муниципальный район,3,высокая rs_отгружено_доля_нераскрыто; низкая rs_зарплата_крупные
54608000,Верховский муниципальный район,3,высокая rs_отгружено_доля_нераскрыто; низкая rs_зарплата_крупные
10732000,городской округ город Тында,0,высокая rs_отгружено_доля_Раздел В Добыча полезных ископаемых; высокая geo_dist_to_city_500k_km
56623000,Земетчинский муниципальный район,3,высокая rs_отгружено_доля_нераскрыто; низкая rs_зарплата_крупные
65701000,городской округ город Екатеринбург,2,высокая rs_отгружено_доля_Раздел C Обрабатывающие производства; высокая rs_работники_доля_Раздел C Обрабатывающие производства
53652000,Тоцкий муниципальный район,3,высокая rs_отгружено_доля_нераскрыто; низкая rs_зарплата_крупные
40311000,внутригородская территория города федерального значения муниципальный округ Остров Декабристов,1,низкая geo_dist_to_city_100k_km; высокая geo_market_potential
46755000,городской округ Одинцовский,2,высокая rs_отгружено_доля_Раздел C Обрабатывающие производства; высокая rs_работники_доля_Раздел C Обрабатывающие производства
01541000,муниципальный округ Суетский район,3,высокая rs_отгружено_доля_нераскрыто; низкая rs_зарплата_крупные
98633000,Момский муниципальный район,3,высокая rs_отгружено_доля_нераскрыто; низкая rs_зарплата_крупные
68516000,Моршанский муниципальный округ,3,высокая rs_отгружено_доля_нераскрыто; низкая rs_зарплата_крупные
93656000,Чаа-Хольский муниципальный район,3,высокая rs_отгружено_доля_нераскрыто; низкая rs_зарплата_крупные
93658000,Эрзинский муниципальный район,3,высокая rs_отгружено_доля_нераскрыто; низкая rs_зарплата_крупные
73634000,Радищевский муниципальный район,3,высокая rs_отгружено_доля_нераскрыто; низкая rs_зарплата_крупные
84643000,Чемальский муниципальный район,3,высокая rs_отгружено_доля_нераскрыто; низкая rs_зарплата_крупные
36620000,Кинель-Черкасский муниципальный район,3,высокая rs_отгружено_доля_нераскрыто; низкая rs_зарплата_крупные
41612000,Всеволожский муниципальный район,2,высокая rs_отгружено_доля_Раздел C Обрабатывающие производства; высокая rs_работники_доля_Раздел C Обрабатывающие производства
98604000,Таттинский муниципальный район,3,высокая rs_отгружено_доля_нераскрыто; низкая rs_зарплата_крупные
86630000,Олонецкий муниципальный район,3,высокая rs_отгружено_доля_нераскрыто; низкая rs_зарплата_крупные
66509000,Глинковский муниципальный район,3,высокая rs_отгружено_доля_нераскрыто; низкая rs_зарплата_крупные
26701000,городской округ город Магас,3,высокая rs_отгружено_доля_нераскрыто; низкая rs_зарплата_крупные
63632000,Озинский муниципальный район,3,высокая rs_отгружено_доля_нераскрыто; низкая rs_зарплата_крупные
96610000,Гудермесский муниципальный район,3,высокая rs_отгружено_доля_нераскрыто; низкая rs_зарплата_крупные
86642000,Пудожский муниципальный район,3,высокая rs_отгружено_доля_нераскрыто; низкая rs_зарплата_крупные
82636000,Кумторкалинский муниципальный район,3,высокая rs_отгружено_доля_нераскрыто; низкая rs_зарплата_крупные
73654000,Цильнинский муниципальный район,3,высокая rs_отгружено_доля_нераскрыто; низкая rs_зарплата_крупные
64508000,городской округ Анивский,3,высокая rs_отгружено_доля_нераскрыто; низкая rs_зарплата_крупные
32534000,Тяжинский муниципальный округ,3,высокая rs_отгружено_доля_нераскрыто; низкая rs_зарплата_крупные
94502000,муниципальный округ Алнашский район,3,высокая rs_отгружено_доля_нераскрыто; низкая rs_зарплата_крупные
37530000,Притобольный муниципальный округ,3,высокая rs_отгружено_доля_нераскрыто; низкая rs_зарплата_крупные
27503000,муниципальный округ Багратионовский,2,высокая rs_отгружено_доля_Раздел C Обрабатывающие производства; высокая rs_работники_доля_Раздел C Обрабатывающие производства
01653000,Угловский муниципальный район,3,высокая rs_отгружено_доля_нераскрыто; низкая rs_зарплата_крупные
82644000,Сергокалинский муниципальный район,3,высокая rs_отгружено_доля_нераскрыто; низкая rs_зарплата_крупные
92650000,Рыбно-Слободский муниципальный район,3,высокая rs_отгружено_доля_нераскрыто; низкая rs_зарплата_крупные
81603000,Баргузинский муниципальный район,3,высокая rs_отгружено_доля_нераскрыто; низкая rs_зарплата_крупные
45396000,внутригородская территория города федерального значения муниципальный округ Южнопортовый,1,низкая geo_dist_to_city_100k_km; высокая geo_market_potential
50652000,Тогучинский муниципальный район,2,высокая rs_отгружено_доля_Раздел C Обрабатывающие производства; высокая rs_работники_доля_Раздел C Обрабатывающие производства
63619000,Ивантеевский муниципальный район,3,высокая rs_отгружено_доля_нераскрыто; низкая rs_зарплата_крупные
70642000,Тепло-Огаревский муниципальный район,3,высокая rs_отгружено_доля_нераскрыто; низкая rs_зарплата_крупные
92640000,Мензелинский муниципальный район,3,высокая rs_отгружено_доля_нераскрыто; низкая rs_зарплата_крупные
19546000,Тотемский муниципальный округ,0,высокая rs_отгружено_доля_Раздел В Добыча полезных ископаемых; высокая geo_dist_to_city_500k_km
73620000,Майнский муниципальный район,3,высокая rs_отгружено_доля_нераскрыто; низкая rs_зарплата_крупные
95708000,городской округ город Саяногорск,2,высокая rs_отгружено_доля_Раздел C Обрабатывающие производства; высокая rs_работники_доля_Раздел C Обрабатывающие производства
58553000,муниципальный округ Пыталовский,3,высокая rs_отгружено_доля_нераскрыто; низкая rs_зарплата_крупные
88656000,Юринский муниципальный район,3,высокая rs_отгружено_доля_нераскрыто; низкая rs_зарплата_крупные
27734000,городской округ Светлогорский,3,высокая rs_отгружено_доля_нераскрыто; низкая rs_зарплата_крупные
90615000,Дигорский муниципальный район,3,высокая rs_отгружено_доля_нераскрыто; низкая rs_зарплата_крупные
65512000,городской округ Горноуральский,3,высокая rs_отгружено_доля_нераскрыто; низкая rs_зарплата_крупные
34518000,Макарьевский муниципальный район,3,высокая rs_отгружено_доля_нераскрыто; низкая rs_зарплата_крупные
40902000,внутригородская территория города федерального значения муниципальный округ Волковское,1,низкая geo_dist_to_city_100k_km; высокая geo_market_potential
80626000,Зианчуринский муниципальный район,3,высокая rs_отгружено_доля_нераскрыто; низкая rs_зарплата_крупные
18620000,Киквидзенский муниципальный район,3,высокая rs_отгружено_доля_нераскрыто; низкая rs_зарплата_крупные
90701000,городской округ город Владикавказ,2,высокая rs_отгружено_доля_Раздел C Обрабатывающие производства; высокая rs_работники_доля_Раздел C Обрабатывающие производства
64512000,городской округ Долинский,3,высокая rs_отгружено_доля_нераскрыто; низкая rs_зарплата_крупные
45395000,внутригородская территория города федерального значения муниципальный округ Текстильщики,1,низкая geo_dist_to_city_100k_km; высокая geo_market_potential
34540000,Солигаличский муниципальный округ,3,высокая rs_отгружено_доля_нераскрыто; низкая rs_зарплата_крупные
10525000,Зейский муниципальный округ,0,высокая rs_отгружено_доля_Раздел В Добыча полезных ископаемых; высокая geo_dist_to_city_500k_km
82725000,городской округ город Кизилюрт,3,высокая rs_отгружено_доля_нераскрыто; низкая rs_зарплата_крупные
73622000,Мелекесский муниципальный район,3,высокая rs_отгружено_доля_нераскрыто; низкая rs_зарплата_крупные
45310000,внутригородская территория города федерального значения муниципальный округ Новокосино,3,высокая rs_отгружено_доля_нераскрыто; низкая rs_зарплата_крупные
45325000,внутригородская территория города федерального значения муниципальный округ Раменки,1,низкая geo_dist_to_city_100k_km; высокая geo_market_potential
92613000,Атнинский муниципальный район,3,высокая rs_отгружено_доля_нераскрыто; низкая rs_зарплата_крупные
33627000,Нолинский муниципальный район,3,высокая rs_отгружено_доля_нераскрыто; низкая rs_зарплата_крупные
