source,target,weight
93605000,56649000,0.07801702781466482
93605000,76534000,0.10764287521113046
93605000,76503000,0.23044846713232978
93605000,93610000,0.17688397937472244
93605000,93638000,0.4697659870245804
93605000,93656000,0.07111129301996105
93605000,93658000,0.7790115490256252
97526000,33610000,0.698702684097842
97526000,66519000,0.6694062786524116
97526000,63630000,0.6162996041523645
97526000,97505000,0.5951170103203187
97526000,88620000,0.6284340588658622
97526000,97535000,0.6408974013527261
97526000,22549000,0.7045806246064004
97526000,97555000,0.6078514425964558
19530000,63647000,0.6460778217839522
19530000,36606000,0.6021063868138564
19530000,28502000,0.673063153644356
19530000,80608000,0.6176613370446398
19530000,11514000,0.7789776736907289
19530000,33522000,0.7222296453543555
19530000,22519000,0.6455337960800728
19530000,87632000,0.6548684378366609
19530000,87636000,0.606749438675703
19530000,19540000,0.6123770533434392
19530000,11530000,0.6867112620698376
65529000,25638000,0.32415962104022755
65529000,87626000,0.41256968330520627
65529000,76654000,0.3873088900536806
65529000,76526000,0.2968489910235043
65529000,69644000,0.37342786647746123
58529000,58518000,0.45893772429590296
58529000,58556000,0.3967551206272676
45906000,71955000,2.2991503858443924e-07
22721000,75742000,0.6481846596551207
22721000,75728000,0.5543752063794708
22721000,46710000,0.5014652280927869
22721000,65740000,0.4281627229146158
22721000,36740000,0.4535471750953177
22721000,63650000,0.5018834672173635
57530000,80651000,0.5540592833877873
57530000,66536000,0.5038525492357803
57530000,46586000,0.5162097244472418
57530000,63611000,0.6169863447770871
57530000,80611000,0.5069901471022416
57530000,92617000,0.5066001921116954
57530000,57558000,0.6786951581492522
57530000,92618000,0.5806434391305647
57530000,65554000,0.5557486628942238
57530000,80641000,0.5057161812627631
57530000,53723000,0.5354384324347082
57530000,50652000,0.5308828556354986
05546000,95612000,0.6108179471940651
05546000,53656000,0.5348362804454777
05546000,81636000,0.5198870693232612
05546000,05510000,0.4594994931534663
05546000,69636000,0.5042617476397027
05546000,57526000,0.5410156218296361
05546000,10540000,0.5317491053634793
05546000,81609000,0.6394615173927387
05546000,27513000,0.6930322764900181
05546000,05550000,0.8110009625676635
05546000,76546000,0.6357068694848018
80651000,75712000,0.5466051318114751
80651000,46586000,0.44279622322738776
80651000,41518000,0.44021288100318395
80651000,80611000,0.6149426771832468
80651000,92617000,0.46394025160808333
80651000,53723000,0.5006098265094422
92659000,66536000,0.6437371909835927
92659000,32531000,0.5934745856466148
92659000,92622000,0.5139703788178211
92659000,92627000,0.5497781292435504
92659000,28512000,0.6189406105140993
92659000,61508000,0.6308015903964513
92659000,75734000,0.6309210774484133
92659000,65547000,0.7353798576129507
92659000,57534000,0.7178712311789076
92659000,94524000,0.6510474531534192
92659000,92654000,0.665582399437885
92659000,80622000,0.7565276973299075
92659000,92618000,0.6111408803099218
92659000,65554000,0.6306551627934003
92659000,92638000,0.6010146594896875
92659000,22540000,0.6361107309372047
92659000,50652000,0.7037316614681258
53640000,80625000,0.6653287525319069
53640000,70646000,0.5669090819626332
53640000,63603000,0.5287678727337514
53640000,56613000,0.5233911772490751
53640000,50625000,0.506203710045207
53640000,07522000,0.5454460856335849
53640000,24603000,0.5189427793199315
53640000,65608000,0.5523137206039539
04709000,65526000,0.07001950288885536
04709000,80648000,0.2106431262962017
04709000,34706000,0.12041041501423505
04709000,81648000,0.13310356417469957
04709000,57517000,0.17554885939977605
04709000,36704000,0.20041819559297033
04709000,80703000,0.09365137530884919
04709000,53630000,0.3039584662195533
04709000,70640000,0.24976861680907286
27539000,87508000,0.3660308002031743
27539000,57558000,0.5062249627286677
27539000,41636000,0.40508770172220443
27539000,65534000,0.470259687885491
27539000,27709000,0.4301258246175374
45305000,45308000,0.07333644057214679
45305000,45322000,0.06084245602467201
45305000,45371000,0.14560289483065014
45305000,45309000,0.07139847245008939
45305000,45393000,0.11434011787309584
45305000,45926000,0.15900421756518324
45305000,45911000,0.20209234083086178
45305000,45340000,0.09432155100917006
45305000,45301000,0.19839666905197992
45305000,45312000,0.11168870297231148
45305000,45361000,0.11428025775354567
45305000,45359000,0.08310815815384494
41645000,65549000,0.509580853997865
41645000,66558000,0.6056007075778621
41645000,57532000,0.6567377348071761
41645000,65524000,0.5541361823398191
41645000,70724000,0.5611266298800363
41645000,17735000,0.6502517862808985
41645000,41603000,0.6391540148547524
41645000,57534000,0.564200019495844
41645000,41609000,0.5107358948677136
41645000,65509000,0.6215029472722096
41645000,66514000,0.5744324643343076
83620000,83625000,0.44139725145885284
83620000,79605000,0.3713257015103123
33649000,33540000,0.4110388080974145
33649000,18728000,0.34050657074526486
33649000,33605000,0.4057358308888203
33649000,79633000,0.1933864134502185
05714000,08612000,0.22440306309521127
05714000,71887000,0.15684766507316042
05714000,87525000,0.20080482826306825
05714000,05548000,0.2216194097789649
05714000,05557000,0.15568112021950992
05714000,11710000,0.2420256353358412
98702000,70702000,0.12504483685390783
98702000,27740000,0.4462076280163412
98702000,65535000,0.21018725662769855
98702000,65734000,0.28934017099618453
98702000,65761000,0.3961269559625126
98702000,65760000,0.1059042404512724
98702000,27711000,0.19039330410878227
73629000,65514000,0.5720218645164448
73629000,68520000,0.4407298258090689
73629000,41606000,0.4753169776204082
73629000,97541000,0.5030287935927877
73629000,37512000,0.5782292162835572
53715000,19554000,0.4268533116906931
53715000,34708000,0.3129941504247774
22557000,80658000,0.46948658185311476
22557000,80633000,0.41618890203584274
22557000,97519000,0.44779788036808127
22557000,90605000,0.41536504154394366
22557000,97529000,0.4258650462169029
22557000,70636000,0.49184297258435744
22557000,53619000,0.40737047718302605
92701000,22701000,0.5289230161165929
92701000,25701000,0.4125363089155055
92701000,71701000,0.43608802003785496
92701000,80701000,0.5258239443060141
92701000,50701000,0.6430064892607076
92701000,65701000,0.648411115327709
97553000,37510000,0.5756652259420818
97553000,63604000,0.5935041059002517
97553000,94508000,0.4652189328113207
97553000,61658000,0.5864465095167729
97553000,22545000,0.5240757012609344
97553000,33610000,0.5724378553259003
97553000,73648000,0.6215110044648681
97553000,92630000,0.6881639661051722
97553000,97510000,0.5804850197381491
97553000,70606000,0.5757062923348779
97553000,37544000,0.6669183804603792
97553000,97505000,0.5869087545144825
97553000,73616000,0.7148962179655916
97553000,01654000,0.6100754224035619
97553000,36608000,0.5849322996328215
75742000,73705000,0.5056866857716478
75742000,75712000,0.5705214091106205
75742000,80745000,0.546729786212073
75742000,57532000,0.5327392004653806
75742000,41518000,0.5123155689805021
75742000,70724000,0.6166362471713313
75742000,46710000,0.5251262550317871
75742000,01705000,0.5441301440370854
75742000,63650000,0.5228271316708235
75742000,22703000,0.6807164434113602
75742000,75738000,0.49836611271327036
66536000,46586000,0.5301169463157582
66536000,66558000,0.5853763470226265
66536000,63611000,0.5150781885712346
66536000,28512000,0.6844261545957578
66536000,61508000,0.5439960051058129
66536000,57558000,0.5857008033100288
66536000,92618000,0.5376160901645283
66536000,53723000,0.507496770600762
66536000,66541000,0.6843339825099549
45315000,45918000,0.08660144492539697
28546000,28549000,0.5445805840021875
28546000,66521000,0.5356870370424924
28546000,53638000,0.497108546249302
28546000,28552000,0.513913473972438
28546000,28514000,0.7316809556403711
28546000,97535000,0.6077087706206158
68701000,17701000,0.6410979433077789
68701000,54701000,0.7033566880711437
68701000,34701000,0.7158775749129025
68701000,37701000,0.6660302716984624
68701000,58701000,0.6705997919152554
68701000,73701000,0.675324663920803
68701000,42701000,0.6497811035611938
68701000,61701000,0.6424750998371589
68701000,66701000,0.7193222003129569
68701000,28701000,0.6477842583583004
68701000,49701000,0.7168112409269325
68701000,87701000,0.6144576327091545
68701000,33701000,0.6316504198317755
68701000,94701000,0.6767990177387049
68701000,24701000,0.6905584048424034
98603000,98641000,0.6296769795816807
98603000,98660000,0.5653312724250161
98603000,77609000,0.23549240701135207
98603000,25644000,0.4885716121918415
98603000,87523000,0.30275766092213546
98603000,71940000,0.24495219867712006
98603000,98631000,0.32432580805600775
93650000,30829000,0.17908158909834687
93650000,30827000,0.23236106085113298
93650000,08637000,0.1880585773831016
93650000,53507000,0.268142617325966
93650000,30504000,0.25150118336224264
65549000,33628000,0.5830474207146544
65549000,75712000,0.5468151554182101
65549000,80611000,0.5356780045694215
65549000,32546000,0.5198772843689659
65549000,41603000,0.6268612644977158
65549000,57516000,0.5354218527338921
65549000,57558000,0.5279564833159123
65549000,65520000,0.42163637037327667
65549000,41609000,0.5233689414513089
65549000,53723000,0.5341382457412259
45344000,45397000,0.002013534274416452
95625000,87604000,0.5896874169881421
95625000,87652000,0.5329853896372486
95625000,87616000,0.6022565200344301
95625000,81657000,0.5741722252139919
95625000,69612000,0.6058196102575018
95625000,10532000,0.4672351739806912
95625000,25605000,0.4926204419601201
95625000,25630000,0.46158219814896584
73705000,46718000,0.4598043240045382
73705000,28750000,0.4675107342914546
73705000,58710000,0.47689035216556347
73705000,94720000,0.5263575488784915
73705000,94730000,0.5325947082637289
73705000,29715000,0.3780802090270085
73705000,94740000,0.5903426057106022
73705000,88705000,0.5586023981299371
73705000,80739000,0.4541135189535125
73705000,36735000,0.5213327501916039
71518000,01613000,0.417944972865922
71518000,53651000,0.3980297924694808
71518000,94506000,0.40003615592577607
71518000,07505000,0.558187208999348
71518000,57548000,0.5853395348366767
71518000,80656000,0.644888442974827
71518000,18622000,0.5566955933659942
71518000,07544000,0.4527944135986891
71518000,11548000,0.5275673846614912
71518000,42636000,0.5079797566989722
71518000,92613000,0.4200426835671964
63616000,63634000,0.6196224573451866
63616000,54623000,0.5244379016063098
63616000,69636000,0.6047842949935432
63616000,54624000,0.5075837844403619
63616000,56642000,0.630083311499002
63616000,89654000,0.5735237033777237
63616000,97555000,0.6192244722071739
63616000,61512000,0.5185160894021995
63616000,63619000,0.560623723363912
32734000,32715000,0.29873015005819803
32734000,01703000,0.27765788840447847
32734000,65515000,0.13579247900373828
32734000,10720000,0.3568614346195711
32734000,47526000,0.30466929491471106
32734000,01730000,0.34322658782735777
32734000,10775000,0.32117260746289317
22548000,10515000,0.024610470755253647
22548000,37508000,0.496748587734204
93657000,93654000,0.4571337290757104
93657000,76702000,0.21573588658846876
93657000,93615000,0.4704077958556755
93657000,84610000,0.29081024255198096
93657000,93625000,0.1979823234966389
93657000,81630000,0.29065914369439
93657000,93640000,0.5415815324416404
93657000,25607000,0.41329880120628526
96616000,83703000,0.42395053552811024
96616000,96634000,0.45294750133317124
07556000,92642000,0.39163767822887824
07556000,54657000,0.3587347116401777
07556000,07507000,0.34920095524290834
25738000,71879000,0.30278472672903983
25738000,25726000,0.33367232274342884
25738000,25736000,0.2831958735722305
25738000,95708000,0.329863291495654
40324000,40375000,0.05390618304509404
40324000,40349000,0.06759333996018105
11508000,95612000,0.518267030553996
11508000,11514000,0.6495497470729671
11508000,33522000,0.7212987605336826
11508000,10540000,0.5137307631228955
11508000,87636000,0.6377360382677422
11508000,11546000,0.49006010615959933
11508000,86621000,0.42473545525468964
11508000,11530000,0.5818117803467628
88632000,80647000,0.5312355460156248
88632000,80645000,0.4905985959852322
88632000,80638000,0.4670618928484221
88632000,88624000,0.5323057979609216
88632000,52634000,0.3936946835365453
88632000,80610000,0.5225222732303577
88632000,53505000,0.4147076274112514
88632000,80626000,0.3985169690391553
45383000,45380000,0.17780793476250809
45383000,45333000,0.032362701742765086
45383000,45382000,0.015077179834346916
45383000,45376000,0.06854045710086702
45383000,45353000,0.06454633326437507
45383000,45920000,0.007112268615955838
45383000,45334000,0.020472745059879498
45383000,45358000,0.007839380230281322
45383000,45346000,0.007050085951230859
45383000,45381000,0.048943496128722855
68542000,49514000,0.4114326727166133
68542000,68536000,0.5680720109026507
68542000,56603000,0.45883029176767565
68542000,54639000,0.3799751524580706
68542000,42542000,0.48470756114441305
92604000,57538000,0.3611655515305455
92604000,92658000,0.6047220441577866
92604000,36648000,0.4269285859708393
92604000,94522000,0.43932159698804985
92604000,92646000,0.4978508812715695
92604000,94518000,0.4799331154847569
65514000,41606000,0.6309160088710593
65514000,80609000,0.46841314372966997
65514000,97541000,0.6039697032158593
65514000,70650000,0.5255895487793276
65514000,36750000,0.4739708796995182
65514000,24631000,0.5405085932196994
65514000,79605000,0.5362078779003145
65514000,89643000,0.480051783527733
65514000,37512000,0.5435622050119812
22556000,80636000,0.5701504906016556
22556000,80607000,0.5797539667140728
22556000,63639000,0.6476421817166231
22556000,22535000,0.4884661803164286
22556000,33617000,0.5058041550797823
22556000,63636000,0.5301475165101293
22556000,80610000,0.5995081180064031
22556000,50634000,0.4878357391204346
95612000,63634000,0.5692228555192353
95612000,81636000,0.5582186855999316
95612000,69636000,0.5938099553598932
95612000,53610000,0.5814284985011425
95612000,10540000,0.5175755617892572
95612000,81609000,0.5939939736514642
95612000,25648000,0.48577391786646495
95612000,50536000,0.5554850291302814
86636000,12640000,0.2460808102965614
86636000,50615000,0.35001255716256563
05555000,32504000,0.5615428185862847
05555000,81633000,0.32642888164557626
05555000,69632000,0.45886270626852466
05555000,50632000,0.5660507909999078
05555000,33540000,0.5325259031776275
05555000,11558000,0.6482869205768942
05555000,10540000,0.5189960934634212
05555000,10532000,0.44889683657354545
36616000,63647000,0.7090460829707849
36616000,28502000,0.6937465819767585
36616000,63606000,0.6728454125614493
36616000,24605000,0.7045413700930913
36616000,33543000,0.6807666993275967
36616000,57542000,0.7544506242650542
36616000,22519000,0.6802857233226152
36616000,24637000,0.6800161946765854
36616000,28510000,0.6889680897558698
36616000,56631000,0.6717018698021441
36616000,28551000,0.7157726339203864
36616000,73616000,0.667680838822097
36616000,19540000,0.6768813226734816
36616000,22549000,0.7547602809524047
36616000,22512000,0.749922389878913
36616000,33533000,0.6797121093779313
65548000,65520000,0.5027284150267518
28530000,22528000,0.5418741448723245
46529000,92624000,0.5486471590559894
46529000,92642000,0.6481338423442585
46529000,92640000,0.5179340733841477
28504000,56651000,0.43667242878330553
28504000,89626000,0.6175479319411303
28504000,63626000,0.5880708864588122
28504000,33614000,0.5886523057742238
28504000,89634000,0.6113080901122377
28504000,92642000,0.548124041098677
28504000,80614000,0.5322484387340163
28504000,18610000,0.5234152853307342
28504000,22534000,0.6340732101105138
28504000,80656000,0.5156299346364885
28504000,33641000,0.6860446616395928
28504000,56656000,0.5573115709515367
28504000,33623000,0.5218573515995621
28504000,92629000,0.6558366737185022
28504000,56658000,0.5077684897127281
28504000,86630000,0.5161371924224732
58518000,81633000,0.3018291078280532
58518000,87640000,0.28156641483451145
58518000,33534000,0.30168265264928623
58518000,18643000,0.23918835532601784
53502000,28508000,0.5418796588424155
53502000,19505000,0.2844269404186931
53502000,49545000,0.3918031934726033
53502000,92601000,0.3759006899335938
53502000,53504000,0.42177458306621624
53502000,11544000,0.3396028422269102
50613000,01659000,0.49452753024716645
50613000,87652000,0.5497968204424124
50613000,50621000,0.5416646456568697
50613000,65556000,0.547300883483237
50613000,11518000,0.5735212909396153
50613000,19516000,0.6003462859652127
50613000,50625000,0.6100598325087733
50613000,01654000,0.6067046849868571
50613000,50658000,0.5669897012802448
50613000,50642000,0.5791459820136655
50613000,11554000,0.48061964464662166
50613000,37524000,0.5554723370423775
50613000,32534000,0.5324569207913594
46718000,29715000,0.3259212654283276
36642000,22530000,0.4945208435228925
68503000,49514000,0.3778174552212676
68503000,68528000,0.2726642987695562
68503000,68526000,0.7583779720121927
68503000,68516000,0.28748174051477715
25616000,44516000,0.20213694506172988
25616000,44507000,0.11977383308099426
25616000,69644000,0.21895409193652704
80627000,53653000,0.5425820323472541
80627000,87616000,0.5628354847551965
80627000,80608000,0.6936825758625396
80627000,80636000,0.6208591999910278
80627000,80607000,0.611661265815207
80627000,80634000,0.5749167372763745
80627000,80604000,0.5457915446834555
80627000,80610000,0.5945268121482817
80627000,50634000,0.5724680850828959
49524000,19550000,0.4083152554241868
49524000,49512000,0.48731109273573686
49524000,22515000,0.5078974140118474
49524000,24619000,0.4112497319368947
07727000,18520000,0.1986641546826523
24614000,54655000,0.616457355608694
24614000,56626000,0.5298256256888839
24614000,73627000,0.3382789724796358
24614000,65517000,0.43923610941555
24614000,68502000,0.4293613317459803
24614000,75715000,0.426787446410119
24614000,70622000,0.48439218410544277
24614000,73636000,0.47633152281813473
24614000,01615000,0.512071050008787
24614000,89640000,0.5359076839539949
32516000,37508000,0.45176206665703555
32516000,25745000,0.36706635962535067
92626000,92644000,0.45505522594090203
36646000,36610000,0.4431751314630252
36646000,57503000,0.37856414571405933
36646000,57538000,0.4387207801475403
36646000,92658000,0.43775777904254837
36646000,36648000,0.8197931721092319
36646000,36624000,0.7181022990325964
36646000,36617000,0.3984728878093657
36646000,57555000,0.38102339711791533
36646000,36638000,0.5270321236974429
36646000,36727000,0.43252752971460645
40373000,40378000,0.1306483001485218
40373000,40339000,0.085656619689226
40373000,40912000,0.048372105783442115
40373000,45326000,0.03492473641610184
40373000,40391000,0.23723058178344408
40373000,40321000,0.04570832392415961
40373000,45357000,0.09243781005812815
40373000,40314000,0.11609985918888432
40373000,40338000,0.17512465474218994
40373000,40306000,0.1498520956998807
40373000,40377000,0.25360647796785274
40373000,40330000,0.2569702840891092
40373000,40902000,0.11598529669822015
76530000,93620000,0.2410428558790161
76530000,71884000,0.11824915226191728
76530000,76518000,0.25639601440095405
69640000,69658000,0.5543140894884158
69640000,36615000,0.4691232335146728
69640000,05550000,0.4672197762548176
69640000,76546000,0.5193723915709132
68504000,68520000,0.4680500641274858
68504000,56609000,0.4210139381852417
68504000,56645000,0.5259037837480847
68504000,68532000,0.497989570269086
68504000,17542000,0.466509992244687
68504000,68514000,0.5253190895685493
68504000,68508000,0.37810648787289597
68504000,68530000,0.41132280262326343
68504000,56623000,0.46159012173936464
40359000,94520000,0.012674605047824649
40375000,40349000,0.022715926697302657
40375000,40912000,0.15934071225088067
40375000,45329000,0.016402777509978005
68710000,36718000,0.19737840973284604
68710000,27725000,0.2402754803052328
68710000,34705000,0.41769139829613944
40378000,40339000,0.5372376120833703
40378000,45357000,0.0880827928916332
40378000,40314000,0.205600573153496
40378000,40338000,0.11170630357997438
40378000,40306000,0.45130498401851865
40378000,40377000,0.10933085648213889
40378000,40348000,0.1931661803954588
40378000,40330000,0.405539762123745
40378000,45368000,0.1524334738374557
40378000,40902000,0.2564998533069324
81606000,08534000,0.376522162258098
81606000,80655000,0.4302529523754166
81606000,76506000,0.3273211619868619
81606000,71819000,0.33219445618432075
81606000,25638000,0.3271561744980266
81606000,69624000,0.4350797663375898
81606000,11811000,0.33731874530422845
81606000,08614000,0.36077827932045964
81606000,71933000,0.37841663582883484
81606000,10645000,0.4186772589988144
81606000,87512000,0.29963757391175605
81606000,69644000,0.42307668319042624
81606000,76518000,0.3715101001282726
81606000,98639000,0.3852967324143401
90610000,83640000,0.25730189802093545
90610000,53642000,0.2571973132767366
90610000,90605000,0.3835834344623193
90610000,83645000,0.25860183827105354
90610000,91620000,0.28854766134031523
90610000,70642000,0.41559446298416813
90610000,90615000,0.4774397245887464
76640000,76504000,0.5900015789274126
76640000,76544000,0.3991336958415319
76640000,81609000,0.5262233812591619
76640000,76546000,0.6167003093314802
27514000,27513000,0.5332282598533976
26706000,83703000,0.07259768797578901
26706000,96634000,0.028069788150811705
63624000,37502000,0.41155620009455457
63624000,89618000,0.430047038308007
63624000,68532000,0.40001990080219363
63624000,68514000,0.5043259377336851
68520000,22514000,0.40744967478030497
68520000,07543000,0.34280587776785504
68520000,89640000,0.5642882060492738
68520000,54625000,0.3264520962537638
46739000,45347000,0.027110516893807175
46739000,40313000,0.009795095205171937
46739000,45913000,0.011797581665750801
46739000,45361000,0.028571972526358326
46739000,40319000,0.012769676380411023
08534000,30829000,0.25114151843657223
08534000,44513000,0.20212184216252974
08534000,30827000,0.24054025524581987
08534000,08637000,0.22742563270365743
08534000,71933000,0.2718916098292203
08534000,98654000,0.2494381266891285
08534000,87512000,0.32178200189866674
08534000,44522000,0.1924851247594163
08534000,30504000,0.26462663919801643
08534000,98639000,0.3241401907138624
22701000,63701000,0.6066885233949729
22701000,17701000,0.6310572359509574
22701000,01701000,0.5635175858465588
22701000,04701000,0.5146040126022946
22701000,97701000,0.46591699488065574
22701000,36701000,0.5968266534061154
22701000,71701000,0.5223823942100989
22701000,80701000,0.7215796454265667
22701000,18701000,0.5070829818744076
22701000,50701000,0.6150296351245381
22701000,65701000,0.5042782525670098
73607000,19550000,0.44676253800478927
73607000,65555000,0.31156488852595515
73607000,73614000,0.3530259730907972
46764000,45369000,0.0044348588754395575
46764000,45360000,0.007544878354228994
33637000,68536000,0.6062195776885654
33637000,68544000,0.4350932373639659
33637000,01648000,0.471276438829672
33637000,54650000,0.4468751198345928
33637000,27515000,0.4794260982021879
33637000,54639000,0.5348373668531194
33637000,33620000,0.43748288440585836
33637000,92613000,0.41449934545853023
28557000,28506000,0.6213556416624547
28557000,22552000,0.5502603304658231
28557000,28540000,0.603957008322977
28557000,37524000,0.5230530192188144
28557000,28542000,0.5468833486238239
40305000,40344000,0.026723017500481488
40305000,40901000,0.021696933744378116
40305000,45918000,0.05366490831011845
40305000,40321000,0.05370410260941211
40305000,40377000,0.07872848952773648
80723000,18715000,0.703410105036714
80723000,80745000,0.5388890866079514
80723000,75764000,0.5533298993604697
80723000,94720000,0.5867164379889125
80723000,01716000,0.49651364848338725
80723000,32704000,0.548427162860458
80723000,88705000,0.49855176926075373
80723000,42715000,0.6046428976144916
80723000,37705000,0.7158842525893877
80723000,36735000,0.5452816859381313
80723000,95708000,0.3889756020801484
08628000,25614000,0.06074984938256289
08628000,40312000,0.01554188885465646
08628000,65505000,0.07233323504012087
08628000,10554000,0.08760072765431264
08628000,41621000,0.0776806117895329
63701000,17701000,0.5373598670091849
63701000,01701000,0.6818150203774683
63701000,53701000,0.4736168278664867
63701000,52701000,0.5430384754397816
63701000,04701000,0.5123348858336106
63701000,75701000,0.49441294151804277
63701000,80701000,0.6570234625484864
63701000,18701000,0.647447234008726
63701000,50701000,0.5324338658444218
63701000,24701000,0.4922806412979463
70702000,27740000,0.2203407827237142
70702000,65535000,0.2943727785611287
70702000,65734000,0.2565291446146349
70702000,70730000,0.27042777063431084
70702000,65761000,0.4303735259132576
07528000,41606000,0.4203590880497556
07528000,80617000,0.7249353490455168
07528000,97544000,0.4670503910438866
07528000,22530000,0.4224974799859284
07528000,63646000,0.43445710664102566
07528000,97532000,0.5147943822605433
07528000,80635000,0.5408244393095195
07528000,01647000,0.5200079526873463
07528000,89646000,0.46499820924466057
07528000,80605000,0.6036297586134483
07528000,01604000,0.6178291142037918
28532000,89651000,0.5932354093478117
28532000,22553000,0.5056682149695749
28532000,33647000,0.6339316168629594
28532000,34524000,0.5455940080741196
28532000,22515000,0.5066678230033034
28532000,49538000,0.6778460579335732
28532000,33521000,0.6499160381506492
28532000,33516000,0.5909817881135153
28532000,28516000,0.6216083549925784
28532000,33625000,0.5699254678914721
57512000,50606000,0.6492838352589956
57512000,80624000,0.5291242614230651
57512000,69632000,0.5207426543563677
57512000,53506000,0.5467427928100923
57512000,50632000,0.4792089470489454
57512000,65543000,0.49729364441418933
57512000,50517000,0.4748188583688002
57512000,25745000,0.566074443317748
57512000,36612000,0.532439341308319
57512000,53505000,0.5859881941426115
57512000,80602000,0.618200890960029
80606000,80647000,0.48217688382072654
80606000,25622000,0.421529663425985
80606000,80607000,0.5508536809218325
80606000,25657000,0.44665686499105633
80606000,80610000,0.568865434980967
80606000,80603000,0.4410530556379275
80606000,25605000,0.4846607771739798
54604000,36606000,0.6622113696747346
54604000,54655000,0.5109330678002157
54604000,70646000,0.5402776899938431
54604000,70606000,0.5374839453307624
54604000,94552000,0.43856069559928396
54604000,54610000,0.6225647306424675
54604000,94548000,0.511225428858549
54604000,73616000,0.5715437043909776
54604000,37530000,0.5103618548971143
57556000,22553000,0.48506879870821723
57556000,87636000,0.5638393373583164
57556000,10532000,0.4768076086689398
57556000,49538000,0.5517425622545709
28550000,34502000,0.6043266359993726
28550000,33647000,0.5376244325582231
28550000,11518000,0.5727879911914641
28550000,28540000,0.6656341707843708
28550000,33516000,0.5112958124019941
28550000,28516000,0.5916147948290239
28550000,37524000,0.5197815736608143
28550000,25630000,0.491553328694672
45907000,45354000,0.04230177798801433
45907000,40329000,0.05499335496016894
45907000,40385000,0.060348475660896746
45907000,45352000,0.17835289691045553
45907000,40351000,0.13115909309809923
45907000,45377000,0.04949781001464537
45907000,45364000,0.10912183700234149
45907000,45310000,0.11003053451393845
91630000,89654000,0.40988296199366286
75728000,25703000,0.46532891751147526
75728000,46759000,0.4989058190155866
75728000,63650000,0.5853482876606824
75728000,40342000,0.454584277427512
75728000,46757000,0.4847982771961435
75728000,94710000,0.5513679026175144
45389000,40349000,0.040115128211058754
45389000,45909000,0.00957444602049401
45389000,45316000,0.003586339623651909
46771000,46568000,0.44434361654481913
46771000,46758000,0.5207968618484856
46771000,46746000,0.247499749918601
46771000,46737000,0.2461741018591648
46771000,50640000,0.2629157357140148
46771000,46533000,0.3420752464322462
46771000,46748000,0.283803302380669
33507000,22553000,0.6788040924914871
33507000,57544000,0.48664265832878945
33507000,28555000,0.5284214964496442
33507000,22515000,0.49722406617810433
33507000,65553000,0.45788928645133564
28750000,68720000,0.41026710165353064
28750000,94720000,0.5240541177476805
28750000,71715000,0.4590257932332645
28750000,01706000,0.570248331115555
28750000,24705000,0.500422062044017
83618000,91640000,0.08735710604143775
56647000,56644000,0.5603329394608787
56647000,66519000,0.5440128509754489
56647000,66548000,0.5218677193949695
56647000,28518000,0.5454714894450458
56647000,01607000,0.5019375407730765
56647000,56615000,0.5702330043767071
56647000,33531000,0.6532171498496933
56647000,61512000,0.4947373996880988
56647000,54653000,0.5738468159956772
56647000,66509000,0.5048492957735646
33628000,65541000,0.5050488608911886
33628000,01706000,0.508620837962519
33628000,32546000,0.5471511531291924
33628000,41603000,0.6227485821920384
33628000,75734000,0.6900073950689141
33628000,57534000,0.579323338974576
33628000,57516000,0.7311048785914629
33628000,97503000,0.5255788396265493
33628000,66541000,0.528593968553007
33628000,66514000,0.7069821374428216
82738000,82705000,0.03990799223704484
82738000,82708000,0.30298327423318516
82738000,82715000,0.14417287726496117
82738000,82725000,0.09755583820312433
07701000,01701000,0.4706648891910286
07701000,79701000,0.3430216157024055
07701000,50701000,0.4060281306756886
27527000,11556000,0.47085872407566465
27527000,50655000,0.42785400261894635
27527000,63609000,0.47870760576559773
27527000,01624000,0.5731945435159576
27527000,27518000,0.5327967236145738
27527000,18622000,0.4548964421196577
27527000,86630000,0.5238929816994514
27527000,01653000,0.43003355537298366
81645000,10531000,0.26340081673816107
81645000,05534000,0.13720714466620168
81645000,10505000,0.2117746015913139
98641000,98660000,0.5871106030905952
98641000,77609000,0.2535102941330888
98641000,71826000,0.26369988549608064
98641000,11811000,0.34681742792385983
98641000,76526000,0.26740886007202225
98641000,08614000,0.31094508612757765
98641000,25644000,0.4905189635794216
98641000,87523000,0.34340170035887013
98641000,10645000,0.4584603773967604
98641000,71818000,0.24754095639016616
98641000,71940000,0.2596062596516542
98641000,98631000,0.4898032980244353
50619000,49514000,0.4492403757903246
50619000,50627000,0.5272465144127817
50619000,50655000,0.5007015062437464
50619000,07552000,0.4154330468194479
50619000,94528000,0.4946984399788476
50619000,01652000,0.4309237526900208
50619000,22526000,0.4450934989643034
50619000,57548000,0.42812139993438025
50619000,50603000,0.5476851049760485
50619000,65546000,0.48350656147861587
50619000,11548000,0.4496714263401425
50619000,42636000,0.4788236928373531
50619000,65512000,0.2510996890307813
34534000,34502000,0.4936652655960192
34534000,66503000,0.6304266017719915
34534000,34522000,0.66153712723293
34534000,33647000,0.5354358618438886
34534000,33617000,0.49478004248922675
34534000,33625000,0.6164290472551447
40397000,63625000,0.07160408169878371
40397000,45931000,0.008669028746197726
40397000,27510000,0.06741346145484957
40397000,90640000,0.06486594370641816
50606000,69608000,0.5864144396523848
50606000,37510000,0.6231225023090518
50606000,63604000,0.7145020100388448
50606000,53506000,0.656740134805005
50606000,37546000,0.5571663513194712
50606000,36644000,0.5283066127779549
50606000,37542000,0.575427844966812
50606000,11546000,0.5487082639248845
50606000,08624000,0.5376278893506885
50606000,36612000,0.6067778159149433
50606000,53505000,0.6240655235704712
50606000,95635000,0.6162382528126698
50606000,80602000,0.6241962912661977
50606000,36608000,0.5591179207040787
50606000,63623000,0.692694827551855
80619000,80648000,0.11015552004282182
80619000,84630000,0.1545271630386167
80619000,84620000,0.17109846879907892
80619000,80626000,0.2871653231051047
40349000,45316000,0.012285236457149549
40349000,40358000,0.0038649752609909056
22715000,57550000,0.48247352691397183
22715000,41624000,0.547020554737083
22715000,92644000,0.524633252648105
22715000,22703000,0.5613782836893388
22715000,65509000,0.4478565708439623
32504000,50632000,0.4275637098915592
32504000,33632000,0.5385683421355822
32504000,33540000,0.5770864771052733
32504000,11558000,0.4851824086456092
32504000,33605000,0.5195625370613389
32504000,19548000,0.5319478221404976
32504000,28544000,0.461262170204519
65541000,65739000,0.5141463273109345
65541000,17735000,0.486984450524551
65541000,41624000,0.48134828407466057
65541000,75734000,0.7006280228069653
65541000,94524000,0.5065163050891346
88701000,54701000,0.5439320303232559
88701000,78701000,0.5776389905362995
88701000,34701000,0.7243889167201935
88701000,37701000,0.5285050706913559
88701000,70701000,0.4118634390170084
88701000,89701000,0.7124578341766588
88701000,97701000,0.4167900818549251
88701000,49701000,0.5661635921871923
80653000,57557000,0.4506549215601367
80653000,80650000,0.3603155317031399
80653000,92636000,0.47491915000657187
80653000,69624000,0.3688925225150731
80653000,92602000,0.5370247917933529
80653000,50615000,0.3570462712374466
80653000,92608000,0.43130022839459015
18715000,58710000,0.4718964593870299
18715000,94720000,0.6339243408487024
18715000,24705000,0.530106726232693
18715000,01716000,0.6269979217486842
18715000,32704000,0.4828385227233895
18715000,42715000,0.665679039105106
18715000,37705000,0.6222096328787297
27712000,68725000,0.23050115091773804
27712000,11715000,0.2783110979985503
57552000,73644000,0.59311761136229
57552000,57508000,0.5839960486186947
57552000,57526000,0.5638025224494315
57552000,73634000,0.5223923005953008
11556000,50627000,0.4530622003986203
11556000,50655000,0.4662984140049076
11556000,01624000,0.5014641860810146
11556000,68514000,0.482792379567107
11556000,33650000,0.4294192386073473
11556000,33623000,0.4359263886806456
11556000,33627000,0.608712680252454
80624000,53631000,0.500563923963462
80624000,18612000,0.4299594819165
80624000,65747000,0.36874742578300107
80624000,80659000,0.4252652215699893
80624000,92653000,0.4357435563245928
80624000,92617000,0.6596957886003008
80624000,08655000,0.14146278789065683
80624000,63637000,0.4382821558185998
80624000,92636000,0.47008863076469876
80624000,50550000,0.4392602687025399
80624000,36604000,0.42559934236699615
80624000,92602000,0.5105118628144301
80624000,92614000,0.5005650468343588
66523000,58512000,0.33266211191140593
66523000,27725000,0.27378362388874544
53631000,19524000,0.37388918111723485
53631000,92653000,0.38308717225757966
53631000,57503000,0.382399366841177
53631000,92636000,0.47595161312875434
53631000,36604000,0.5175641000976267
53631000,92614000,0.5676222331420928
69608000,01659000,0.5671859200254805
69608000,53506000,0.4758645216593001
69608000,01626000,0.5313098834137001
69608000,36612000,0.5148677285854268
69608000,81618000,0.47817569407324534
69608000,53505000,0.5477905887361301
69608000,18653000,0.5146227176066217
57550000,57504000,0.38953476970031753
57550000,41624000,0.4816362890191464
57550000,22703000,0.5160149733949585
57550000,53720000,0.41488010910642753
57550000,65509000,0.41408836480582056
65511000,10555000,0.2041365552974467
57518000,28552000,0.7318845252696105
57518000,57542000,0.709799370600178
57518000,57508000,0.6520717094360892
57518000,57526000,0.6549716219805611
57518000,73616000,0.5673125337682728
57518000,19540000,0.63120668428467
57518000,33503000,0.653324551684226
57518000,97535000,0.6268260147137807
57518000,01512000,0.6184316196165176
40904000,45303000,0.013030001156704272
40904000,40907000,0.0335836287501587
40904000,45916000,0.0066211604698959686
36632000,36608000,0.5581710687060955
63634000,69636000,0.5532335164132022
63634000,61526000,0.4534416594734842
63634000,54624000,0.47331225131663507
63634000,56642000,0.45533402520944183
63634000,97558000,0.4718622679371975
63634000,50536000,0.521392491153708
63634000,97555000,0.554071746006011
63634000,01623000,0.49440739001790035
63634000,63619000,0.6827415169062446
98635000,98614000,0.29744631765158275
98635000,98608000,0.5039711229541793
98635000,98658000,0.5812398614705302
98635000,98644000,0.407655303258232
98635000,98648000,0.3869656071167006
98635000,98652000,0.47941894959167153
98635000,98604000,0.4363341094617847
45314000,45345000,0.1076621987193495
45314000,40315000,0.17504280552969398
45314000,40314000,0.14311214499416752
45314000,45905000,0.05228368463060741
45314000,45902000,0.07309868036850065
45314000,45338000,0.07686183213257454
45314000,46741000,0.09916131356165936
45314000,45312000,0.06844907622476872
45314000,45368000,0.17459123136716234
45314000,45396000,0.09284261057826201
88644000,52634000,0.2498361269477338
88644000,73614000,0.19710122660741003
88644000,84620000,0.14454423412098502
65729000,45366000,0.14132757116603856
65729000,40380000,0.26233373444523905
65729000,40353000,0.4637684759274219
65729000,40381000,0.2624084277234245
65729000,46705000,0.3434920108915629
65729000,46742000,0.46497284174725223
45308000,45322000,0.04068146475578233
45308000,45912000,0.03687957045134983
45308000,45911000,0.11881711453188352
45308000,45327000,0.0242471496999153
45308000,45340000,0.06212720088786848
45308000,45925000,0.02129919067681563
45308000,45923000,0.028223759770001838
45308000,40356000,0.04724424862066422
45308000,45343000,0.054480812651043195
45355000,40313000,0.022142267475325734
45355000,45306000,0.02703863592056299
45355000,45913000,0.04655212556078467
45355000,45329000,0.0343310745603957
45355000,40310000,0.06477908540263026
45355000,40334000,0.006017097615140759
45355000,45362000,0.00832904268985263
89607000,54623000,0.565302312890209
89607000,56642000,0.459216986867983
89607000,89654000,0.6000922224309345
89607000,89628000,0.41123569635027735
89607000,89640000,0.48658345414242904
89607000,63619000,0.5219490337534236
37502000,37540000,0.4192508880069944
37502000,37509000,0.5457784247583021
37502000,68532000,0.36317420047378074
37502000,37518000,0.5873475939608267
37502000,37520000,0.5045644659945939
37502000,37536000,0.5659153470711824
37502000,37532000,0.5789236348552262
37502000,37528000,0.6255297001431548
37502000,37530000,0.5357433875621529
88715000,40380000,0.2719649914231422
88715000,68725000,0.2962893581219733
88715000,73715000,0.6052869455317584
88715000,11715000,0.3789520137282366
18612000,50632000,0.5079877370796431
18612000,19524000,0.42681884559568356
18612000,11622000,0.36632945921169074
18612000,87644000,0.4214661992729647
18612000,50604000,0.4857309810518241
18612000,25745000,0.4552405867292989
18612000,18653000,0.4780580386536814
18612000,63641000,0.4616971998820596
18612000,36620000,0.3777036291935664
18612000,19546000,0.39383864203468777
63617000,53506000,0.4909075215311777
63617000,36622000,0.4978121636918537
63617000,22545000,0.5077108723156086
63617000,37542000,0.6066828735786429
63617000,18520000,0.5435485808606204
63617000,50550000,0.4880929030280143
63617000,07522000,0.5800090135781718
25701000,05701000,0.4483127367840912
25701000,04701000,0.5821947502783568
25701000,08701000,0.4382334333268541
25701000,71701000,0.4404733928857057
25701000,27701000,0.4235776057564543
25701000,50701000,0.5791890984142158
25701000,11701000,0.3898545866375531
53604000,95630000,0.3075758243682039
53604000,01659000,0.4175447581846985
85628000,85646000,0.27539690144506684
85628000,85615000,0.27593929741980383
85628000,85620000,0.5549916751729503
85628000,85650000,0.35126058701199375
85628000,94541000,0.1549547113807151
85628000,85625000,0.3259791906593616
85628000,85632000,0.08525261546235366
85628000,82644000,0.13212280686331446
71879000,57517000,0.3225342087591373
71879000,71871000,0.18216305072696673
71879000,11851000,0.18606726495217352
71879000,25732000,0.15596943885343773
71879000,71878000,0.1691535931605011
71879000,71875000,0.2461461109077869
71879000,32728000,0.2037639205852519
71879000,71958000,0.19003786776944595
71879000,71873000,0.14697967911747561
40354000,40384000,0.002664670935070482
40354000,45364000,0.003311558455737852
36630000,36724000,0.3904978777138107
36630000,36624000,0.45660536235690863
36630000,17542000,0.4274419642683697
63647000,24621000,0.5841953979742367
63647000,33522000,0.7082910705485307
63647000,22519000,0.7479960819572656
63647000,63614000,0.617044317921334
63647000,28510000,0.6263479217821099
63647000,87632000,0.6422526212079224
63647000,68546000,0.6986603701635087
63647000,28551000,0.7252749604813447
63647000,66530000,0.6932227489627718
63647000,53627000,0.6611953940408193
63647000,22549000,0.7246212859101192
63647000,33531000,0.6464703905270687
63647000,22512000,0.6579709739672888
63647000,33533000,0.7170677050758922
63647000,68518000,0.718207535335578
37510000,80645000,0.5637029701317902
37510000,25550000,0.5758798798330244
37510000,63604000,0.6498315447589662
37510000,53506000,0.5900987692811837
37510000,22554000,0.6991776284216142
37510000,56645000,0.560437080269186
37510000,37544000,0.6052133490674942
37510000,53641000,0.5775795862862659
37510000,37518000,0.6052167362930677
37510000,65538000,0.6344848481426659
37510000,36608000,0.6122641345339657
37510000,63623000,0.578072713000567
37510000,37530000,0.5763575669685632
86510000,65739000,0.39610739153628655
86510000,80743000,0.3790628531454008
86510000,33704000,0.3176204386845053
86510000,47519000,0.2635289110101305
86510000,65538000,0.4357000163237552
86510000,86545000,0.32976151156970596
36708000,01713000,0.5106326727449837
36708000,40348000,0.2186504816503098
65526000,65527000,0.029069629911325456
65526000,34706000,0.040565112882995885
94526000,75544000,0.2628332556563126
94526000,07548000,0.019042496536114475
94526000,94520000,0.10755166488672614
45380000,40350000,0.012221121313751726
45380000,45382000,0.03332479322954008
45380000,45376000,0.08051716448132919
45380000,45353000,0.01648445188133063
45380000,45384000,0.019544209897006264
45380000,45334000,0.013677974460633615
45380000,45381000,0.03865375173329411
45347000,46781000,0.025061935969804286
45347000,45901000,0.01159842908804146
45347000,45390000,0.08749477762280718
46568000,36640000,0.2527451467711531
46568000,46758000,0.3716801619258689
46568000,46746000,0.3264610403711848
46568000,46788000,0.3469758736033407
46568000,50640000,0.48917124950316115
46568000,53634000,0.37810875037136205
46568000,46748000,0.2876167214374574
40309000,40339000,0.003557658092970503
24623000,88612000,0.5334695033853782
24623000,65525000,0.5475081651453669
24623000,22528000,0.5842813545047473
24623000,70626000,0.6536803477326815
24623000,34626000,0.6158539216296389
24623000,70644000,0.586995866881157
24623000,17610000,0.647272313162242
24623000,24631000,0.6166319271440254
24623000,79605000,0.7196741187757392
24623000,89643000,0.5191199694834541
24623000,37512000,0.5791341013824836
24623000,75549000,0.602465336460996
24623000,17550000,0.7385127245407173
24623000,73656000,0.5294228837462269
66511000,66530000,0.6447094527735809
66511000,53627000,0.642126773546892
66511000,28516000,0.5211635150762473
08642000,04558000,0.23319107296421845
08642000,64540000,0.369718877917089
08642000,30519000,0.2970845253460596
08642000,44519000,0.24088898671496
08642000,76538000,0.294436664230549
65527000,34706000,0.02933883972339629
65527000,75715000,0.03401851662164149
34730000,57544000,0.42851300916284923
34730000,95702000,0.374132673747987
34730000,53708000,0.3917868360213782
34730000,18725000,0.5017669766078183
76701000,98701000,0.343805930523258
76701000,44701000,0.1827105406776397
76701000,08701000,0.4334360879835834
76701000,86701000,0.40662839736033973
76701000,47701000,0.24030548278966576
63613000,89626000,0.4325998030349209
63613000,01634000,0.3903556106331234
40389000,40343000,0.12866125218464042
40389000,40325000,0.09688376951473614
40389000,50740000,0.07968712462181475
63746000,27717000,0.20788801301849355
63746000,27711000,0.28264519947559047
89621000,28512000,0.4379061384816489
76504000,81636000,0.48170861045905344
76504000,76544000,0.44229389212684267
76504000,11542000,0.3584578822996671
24707000,24711000,0.516567894373433
24707000,25736000,0.26438971031984315
24707000,24703000,0.30507357282342407
36606000,63604000,0.5954861979252604
36606000,87632000,0.6553820122351613
36606000,28518000,0.7044351336231263
36606000,89654000,0.5875242229847779
36606000,68546000,0.5827489638945211
36606000,75755000,0.6226600267319098
36606000,73616000,0.6219312282625273
36606000,19540000,0.6360741819154343
36606000,97535000,0.6316014877297207
36606000,50536000,0.6192708654491331
36606000,33531000,0.7311611324679701
01609000,80601000,0.08121109856919152
01609000,28524000,0.12482826900442132
45333000,45353000,0.1514793090919518
45333000,45334000,0.042549576309674035
45333000,45358000,0.03245330527161353
45333000,45346000,0.042415594134225985
88640000,22533000,0.43936218792097753
88640000,54655000,0.5302832193206426
88640000,80658000,0.48620268096410774
88640000,80633000,0.4460798155713412
88640000,22514000,0.5584418219036938
88640000,24706000,0.32580197927007515
88640000,97519000,0.5721664329603571
88640000,97532000,0.5409307623938034
88640000,53637000,0.5174182102071025
88640000,70636000,0.5885924437208008
88640000,18651000,0.5094651733477148
88640000,37506000,0.45476770903096064
88640000,73654000,0.46512833765616174
88640000,70642000,0.48920234069716495
45345000,40339000,0.1195682725656423
45345000,45393000,0.13865645052274486
45345000,45357000,0.07448082142949422
45345000,45324000,0.07975225427533775
45345000,45331000,0.07674798123739585
45345000,45337000,0.07548742991990579
45345000,45368000,0.21414542047438592
97710000,50708000,0.3336073468445544
97710000,36735000,0.42430336436666
80647000,22518000,0.45533536281232057
80647000,80604000,0.5196358457935092
80647000,22512000,0.562520672729618
80645000,32510000,0.5028591896840309
80645000,22518000,0.49981405596154593
80645000,73648000,0.549892999083609
80645000,37518000,0.47949996477999557
80645000,94512000,0.4768946096771587
17701000,54701000,0.5377042371111616
17701000,01701000,0.6402839207573892
17701000,34701000,0.6631036588033731
17701000,37701000,0.53952531698627
17701000,73701000,0.5987526278421277
17701000,61701000,0.5703360885334852
17701000,66701000,0.5811007257890218
17701000,49701000,0.6044616603972686
17701000,87701000,0.5571432222340909
17701000,33701000,0.5937968777004592
17701000,94701000,0.5585686054959974
17701000,24701000,0.6872354313372616
95630000,01659000,0.5361142332590397
95630000,27506000,0.2569386390287872
95630000,07548000,0.025168337904575483
98637000,77515000,0.2850549579357325
98637000,71946000,0.19636600001468427
98637000,30827000,0.3131218971362306
98637000,77510000,0.2324915656854185
98637000,98659000,0.5938773357711509
98637000,44502000,0.3454295059407374
98637000,98601000,0.1784072750422302
98637000,98646000,0.5110612095850923
98637000,98606000,0.5884882092243829
98637000,98633000,0.4457861513704201
77515000,71946000,0.19716076248159853
77515000,30829000,0.20714739115025385
77515000,64556000,0.17086544652952287
77515000,30827000,0.52415952713863
77515000,77510000,0.344418159234046
77515000,44502000,0.2417779643753089
77515000,98615000,0.1976452856110924
77515000,98646000,0.28688627967953645
77515000,98606000,0.3327562131649166
77515000,98633000,0.1862831488442557
28508000,49545000,0.5567240081718243
28508000,19524000,0.3657894257769655
28508000,11622000,0.39131931601184294
28508000,50604000,0.37135714960802657
28508000,92601000,0.3882308701178959
28508000,53504000,0.4916570439715012
28508000,63641000,0.5600443732424863
28508000,11544000,0.41624677300624924
86639000,86533000,0.4737690991805951
86639000,58547000,0.6077157024480228
86639000,86642000,0.45958063856668774
33618000,34614000,0.32913397508798453
33618000,97544000,0.5072149867149929
33618000,89657000,0.33759860931333835
33618000,42540000,0.3664810954323418
33618000,54636000,0.4427213943137316
34502000,66503000,0.6128119787543048
34502000,33647000,0.6209045056619198
34502000,33516000,0.5913127939430536
01659000,01635000,0.5161569039719379
01659000,95615000,0.5413102511157194
01659000,61658000,0.5348826401147933
01659000,01626000,0.5886426885865961
01659000,18610000,0.5525601225003999
01659000,53641000,0.5742489893163514
01659000,01654000,0.69278321595003
01659000,36612000,0.5082124149031682
01659000,81618000,0.5340497200767912
01659000,50642000,0.5114544671546007
01659000,63623000,0.5652710706952073
71946000,30827000,0.2600467347702568
71946000,84610000,0.28642890291140877
71946000,98659000,0.2555183154011212
71946000,98646000,0.30579839684727067
71946000,98633000,0.2130175518864387
83710000,27506000,0.16238973532268516
83710000,71705000,0.1254844075603172
83710000,33710000,0.2112328513423949
45322000,40313000,0.021713138049519017
45322000,45911000,0.08496492058590821
45322000,45329000,0.018995677411198408
45322000,45301000,0.06908752248133344
45322000,45925000,0.08805815395301962
45322000,45362000,0.040266106640753856
45322000,45923000,0.051694626461310365
45322000,40356000,0.07829376097829259
45322000,45343000,0.02945078440175898
98614000,98608000,0.5941845252477564
98614000,98618000,0.7660938378170776
98614000,98658000,0.5788150943134692
98614000,98644000,0.6049131602514344
98614000,98648000,0.6835125836257221
98614000,98652000,0.459900029126928
98614000,98604000,0.5418358811209201
75712000,80745000,0.6344331303295866
75712000,65513000,0.5495560788834024
75712000,41518000,0.5589763268363991
75712000,70724000,0.660115825154978
75712000,65547000,0.5686086251617795
75712000,70608000,0.5668060910073781
75712000,57558000,0.579216632396607
75712000,63650000,0.6660407507745292
75712000,41609000,0.6332294323537129
75712000,22703000,0.6296355681560325
75712000,70648000,0.5784509454332223
75712000,46757000,0.5639306819171593
40350000,45379000,0.027030682306524143
40350000,45376000,0.013339570483625322
40350000,40377000,0.027944721820524914
40350000,45920000,0.015400012988213734
40350000,40913000,0.029760147349711795
40350000,45908000,0.013321745738714842
40350000,45319000,0.026563715816357702
45313000,40313000,0.009781102522315347
45313000,45919000,0.001385215930636189
45313000,45306000,0.0005575341198845868
45313000,45362000,0.03125431910345092
45313000,45330000,0.006619975821927896
80638000,80623000,0.6828008159843655
80638000,50657000,0.5038840269388237
80638000,65503000,0.5184291200406256
80638000,80644000,0.5755882289324201
80638000,80613000,0.6090148264918497
80638000,22554000,0.5774738026977947
80638000,80634000,0.5271217179304445
80638000,65554000,0.6927995560844542
80638000,52658000,0.49017638700993676
80638000,50652000,0.5365508671926297
53653000,53638000,0.5211466991137973
53653000,88608000,0.3609698245588205
53653000,80607000,0.5562878674944972
53653000,33540000,0.5109469690687476
53653000,53607000,0.5587868186143686
53653000,53610000,0.5677708817468654
53653000,33503000,0.5431786149632716
53653000,01512000,0.5607112281794394
46584000,92730000,0.35319034180229986
46584000,46758000,0.446220180508639
46584000,46750000,0.25483887388360815
46584000,46759000,0.4629514862936199
46584000,79630000,0.22055730432907364
46584000,53634000,0.35335843853931737
46584000,46757000,0.5110049697469236
36718000,18728000,0.22614399912037061
36718000,65760000,0.14542475173621128
80648000,88516000,0.3124635296995526
80648000,86609000,0.2241113464117304
80648000,53630000,0.14731481695342158
80648000,90630000,0.1866851157111982
80648000,84620000,0.29709987827466455
45917000,45905000,0.09232293916617523
45917000,45320000,0.04451050976890081
19505000,89629000,0.44546605069086376
19505000,80639000,0.2670870814289838
19505000,11544000,0.6436492840577167
56651000,54629000,0.3398481334966772
56651000,56609000,0.36727012957701394
56651000,89657000,0.4108617574682999
28549000,89651000,0.5348797705036469
28549000,28552000,0.5024761366222004
28549000,28514000,0.6112650547013267
28549000,58556000,0.4482993844087676
28549000,58523000,0.5834947170712277
46586000,63611000,0.6145871988361745
46586000,18520000,0.5032689803107284
46586000,28512000,0.5511883661649759
46586000,57558000,0.6084833403762007
66558000,57532000,0.5634670559843099
66558000,70724000,0.5797369374644507
66558000,17735000,0.6190365031063094
66558000,24611000,0.5809890078412072
66558000,28512000,0.5687801430259097
66558000,41603000,0.5406602119205771
66558000,61508000,0.6680123594995168
66558000,92654000,0.6064600379532247
66558000,66541000,0.5367392206303054
66558000,66514000,0.5630633665287798
69710000,77505000,0.009976411323293168
69710000,64536000,0.042135152852064144
88516000,04558000,0.2882492004700507
88516000,65555000,0.33767088130818945
88516000,50659000,0.3442537226889208
88516000,22532000,0.3297401241921468
88516000,73620000,0.3864249129204022
88516000,80626000,0.3177077131822219
80745000,01705000,0.5484955476356035
80745000,94740000,0.5821638721250353
80745000,42715000,0.5733709003555609
80745000,80739000,0.5716948883915106
80745000,63650000,0.5707863602082712
80745000,22703000,0.6152290751326958
80745000,37705000,0.5738141632971662
80745000,46757000,0.5289296521638244
80745000,36735000,0.5196566780245194
80745000,75738000,0.5883929528213215
80745000,94710000,0.5902126806580784
56649000,76534000,0.0287325534371739
56649000,76503000,0.15639730547882152
56649000,93610000,0.015828053915460015
56649000,93638000,0.04051778712636053
56649000,93658000,0.1010282135418314
97550000,97503000,0.5375480220603643
56633000,01635000,0.527015997192297
56633000,54618000,0.46017807507004765
56633000,63603000,0.48812517430789354
56633000,54654000,0.5335673345530714
56633000,54610000,0.46861516459985375
56633000,24603000,0.4780016107890183
56633000,87624000,0.4576416426362472
01625000,01635000,0.5138976360611844
01625000,01655000,0.5409196296689689
01625000,63603000,0.4779779145615031
54701000,78701000,0.47233106878061604
54701000,34701000,0.7081172162219225
54701000,58701000,0.5566734568795683
54701000,89701000,0.6160034235494058
54701000,66701000,0.6545557984093288
54701000,28701000,0.5258086492946605
54701000,49701000,0.5906045611970605
54701000,24701000,0.5497697425389831
84650000,93615000,0.42250617277023
84650000,84610000,0.5801704098298601
84650000,25657000,0.49165471873211536
84650000,84640000,0.6822880097214671
84650000,63639000,0.5389916200599568
84650000,53605000,0.5063216259107526
84650000,85654000,0.28967874135251104
84650000,25605000,0.4969249753287425
84650000,25607000,0.48350858988234496
84650000,82636000,0.3388293909607619
25655000,65545000,0.4900994280904387
05532000,64550000,0.24840779916835246
05532000,10547000,0.2525939351987235
05532000,08509000,0.2808628124071425
45909000,40358000,0.001197277221998566
49514000,01613000,0.38775360584594243
49514000,33614000,0.5280888703117097
49514000,56603000,0.6704162118885066
49514000,22526000,0.5131728447634424
49514000,94535000,0.39307884894086575
49514000,54639000,0.3960369471428772
49514000,42542000,0.45377570005042034
49514000,42636000,0.628622044990254
25614000,40312000,0.01293044014028568
25614000,10515000,0.019272437627690736
25614000,10554000,0.1603014631729017
25614000,99630000,0.018309231734451616
25614000,41621000,0.05860000295666517
25550000,25622000,0.44432335499437875
25550000,37520000,0.4996172008721086
76510000,10554000,0.13976363773649897
76510000,71943000,0.14616042949696678
80623000,50657000,0.5159198140393203
80623000,80613000,0.5065675236363145
80623000,18520000,0.46844755220653245
80623000,80743000,0.43075027428963586
80623000,65554000,0.7707409618735377
80623000,71522000,0.42774891648060404
80623000,63608000,0.4169148187017103
93654000,93615000,0.3027107030827585
93654000,25609000,0.40607268160241833
93654000,81630000,0.3434877650182728
93654000,93640000,0.7378749620220488
93654000,25607000,0.4592535754049319
93654000,57559000,0.2247850217553278
93654000,93656000,0.214834027435832
65521000,87508000,0.27915876014813773
65521000,28534000,0.4543975391427953
65521000,57514000,0.2710051928253014
65521000,25746000,0.2545925300478568
98608000,84610000,0.3478337830629043
98608000,98618000,0.5215142328467182
98608000,98658000,0.8387106112049266
98608000,84640000,0.49747296973336275
98608000,98644000,0.6748662469505058
98608000,98648000,0.6584247382437727
98608000,98652000,0.8109059786624616
98608000,25630000,0.481487416522328
98608000,98604000,0.8606018369171371
66503000,24605000,0.614533382467987
66503000,63614000,0.5996962570871459
66503000,22535000,0.5906510516884106
66503000,33521000,0.5842508771365511
66503000,33516000,0.5766439003550834
66521000,18634000,0.4236427558018791
66521000,58514000,0.5182329589568152
66521000,28514000,0.5893493443873274
66521000,68518000,0.5588962537698269
22533000,19554000,0.5605682127469547
22533000,22510000,0.6013022213428119
22533000,88620000,0.5929286877431863
40315000,40392000,0.02838139914319772
40315000,40314000,0.09575469896862326
40315000,40323000,0.038981283133340185
46740000,50717000,0.13978701406150187
46740000,40338000,0.05269747164986852
46740000,40341000,0.051795123062534636
46740000,45941000,0.08240336238523152
28502000,33543000,0.7773983785646778
28502000,11514000,0.6878782755920195
28502000,33522000,0.6588450573345062
28502000,57542000,0.6307670443216823
28502000,28543000,0.5290267748443277
28502000,28510000,0.7148208465342742
28502000,56631000,0.6943344620483275
28502000,11546000,0.6035663823272706
28502000,19516000,0.6941684533182043
28502000,28551000,0.7472648453200339
28502000,28540000,0.717868158114704
28502000,19540000,0.6917643415970296
28502000,28516000,0.6450799909828614
28502000,22549000,0.6693550877486543
28502000,58523000,0.6559538461857993
40355000,07718000,0.15865247342799546
40355000,45352000,0.11646178971233713
40355000,40325000,0.13601623382806766
53656000,53638000,0.7044009991681875
53656000,87632000,0.5904871590003783
53656000,36615000,0.4636740967617
53656000,05550000,0.5640049803175485
53656000,53625000,0.5054478679826304
65513000,41518000,0.506538257454531
65513000,65524000,0.6367548812892301
65513000,17735000,0.46877991822641657
65513000,80611000,0.5924256580042983
65513000,22703000,0.6407998077552841
65513000,46776000,0.4406258552788418
65513000,53723000,0.5740268439688891
65513000,46757000,0.5939079057098998
57532000,01705000,0.536242118245852
57532000,75734000,0.6321638391742384
57532000,65547000,0.573009283309797
57532000,57534000,0.7469640316662868
57532000,57516000,0.5776409324375316
57532000,22727000,0.5905742875196555
57532000,94740000,0.5790105918563697
57532000,92654000,0.5961816380379579
57532000,22703000,0.6267027845939411
24615000,89651000,0.6165342903967439
24615000,89605000,0.47942493946620496
24615000,63614000,0.5241809464467154
24615000,33516000,0.48976297769542265
24615000,28542000,0.5211613611305382
68536000,63609000,0.6367210335601005
68536000,92607000,0.5062052045130137
68536000,54650000,0.5221862472209395
68536000,89634000,0.4634450095768754
68536000,07505000,0.6056291960605761
68536000,22526000,0.584639440460888
68536000,54632000,0.46360089524328774
68536000,54639000,0.5253854440504183
68536000,33620000,0.4761742555217638
68536000,18622000,0.5713007341942806
68536000,42636000,0.5576071981186617
68544000,54629000,0.26328651904547135
68544000,05517000,0.2949285376118412
68544000,54659000,0.2938010234481282
68544000,05540000,0.2760412883617721
68544000,54639000,0.4290517669304641
40339000,45393000,0.08313373789040421
40339000,40314000,0.19898786413806877
40339000,40338000,0.09498245141515499
40339000,40306000,0.3653321773910489
40339000,40377000,0.11391997808697549
40339000,40348000,0.11032690447255769
40339000,40352000,0.21402230806425857
40339000,40330000,0.42199968603521093
40339000,45368000,0.2917842234124099
40339000,40902000,0.1918856683309088
89651000,73639000,0.6663764692116149
89651000,28514000,0.4933656537971129
89651000,33502000,0.5757591730868709
89651000,56631000,0.6975583686599653
89651000,49538000,0.6073393891126608
34510000,97547000,0.47581745698863814
34510000,66546000,0.23096190547232295
34510000,36650000,0.1609916766902315
34510000,18650000,0.2135495918258412
34510000,49523000,0.2549566300820967
34510000,80621000,0.18921383998799718
34510000,80642000,0.39898362671320103
34510000,81651000,0.1762431956598202
34510000,94541000,0.12947486487810841
34510000,34512000,0.47537891572879604
34510000,84635000,0.20975485456913842
05701000,69701000,0.4682305609956369
05701000,08701000,0.5226049832578968
05701000,47701000,0.4737524798128282
05701000,95701000,0.4435315620334914
05701000,11701000,0.4934701647062485
92634000,92657000,0.22419059682954703
92634000,36618000,0.2648540387284632
92634000,92628000,0.18303987144454853
80655000,76506000,0.49155107563997896
80655000,57557000,0.45496932154685105
80655000,25638000,0.49439352777323925
80655000,92645000,0.5379612880225114
80655000,69624000,0.47286616768229445
80655000,92658000,0.5347718505908731
80655000,92602000,0.4762112321443941
80655000,36624000,0.46341770579209113
80655000,71816000,0.5486465126837471
80655000,94522000,0.4715966279007795
80655000,92646000,0.5863142960581651
80655000,69644000,0.44521818028221216
80655000,36638000,0.4921588271235014
88612000,65525000,0.5680936476573585
88612000,22528000,0.6379253234498299
88612000,70626000,0.48769367849717
88612000,80609000,0.5569799138662556
88612000,70650000,0.5179320357924333
88612000,65628000,0.6376620955512268
88612000,34626000,0.6580131552773493
88612000,17610000,0.5891114818648516
88612000,80641000,0.5387272378813655
88612000,70628000,0.694601335176463
88612000,89643000,0.5199691074598243
88612000,75549000,0.7007795447766505
88612000,17550000,0.5778797028683579
88612000,73656000,0.7059810635689074
85646000,85615000,0.4544851346970363
85646000,85620000,0.4665050291572972
85646000,85650000,0.5111914079822324
85646000,85654000,0.19984154371732857
85646000,85625000,0.4230753097517105
85646000,94539000,0.3263394064113179
89605000,28510000,0.5888647121461688
89605000,66556000,0.5524618595055447
64546000,64524000,0.5355675278984858
64546000,10720000,0.40802388726837274
64546000,64548000,0.4224751144498089
64546000,47526000,0.41720763640254
64546000,64504000,0.336067468656736
01644000,01558000,0.6468986553601102
01644000,01655000,0.5916810743929185
01644000,69636000,0.5132428405214159
01644000,01603000,0.7046690038202961
01644000,01621000,0.486099859405226
01644000,69652000,0.4539071941255777
01644000,01606000,0.4826749567920489
01644000,01618000,0.47324286717610303
01644000,01607000,0.5741031300232582
01644000,01636000,0.5679227881710818
94537000,94533000,0.5229914324722913
94537000,57529000,0.2703897891238358
94537000,94546000,0.4906052209947783
94537000,94550000,0.29820879902377784
94537000,94522000,0.4443123213600122
94537000,73622000,0.25714130431422466
54655000,22514000,0.5551523284095695
54655000,54618000,0.544281548524722
54655000,68502000,0.5656630876500031
54655000,79615000,0.4909256308947032
54655000,97519000,0.5038797053195555
54655000,73636000,0.48894398595340127
54655000,70636000,0.47584194318573325
54655000,89640000,0.4934289926474045
54655000,28547000,0.5338641321014234
54655000,58540000,0.49456437775385265
54655000,70642000,0.49756736908599025
47528000,34706000,0.027624551655761224
47528000,66710000,0.2644664965739968
47528000,65763000,0.1867390474076572
47528000,28556000,0.22662233944617471
07718000,24706000,0.32344784591916514
07718000,40325000,0.17281746417683175
07718000,40382000,0.21979437670742252
07718000,79633000,0.18165790520892963
98629000,19518000,0.031807927095522825
98629000,80628000,0.028225273312137377
98629000,01539000,0.010266182868399915
98629000,40384000,0.007012727450394647
98629000,49510000,0.007660891596141825
18649000,46735000,0.16293893901465228
18649000,50638000,0.26291000659087516
81633000,87640000,0.43423517902516096
81633000,69616000,0.22847048643699072
81633000,25732000,0.21095250595167195
40313000,45306000,0.014057545022125978
40313000,45913000,0.09347185457727487
40313000,45329000,0.025116362594133315
40313000,45925000,0.01055413688349669
40313000,45362000,0.01678836092441824
36634000,01601000,0.4631034542673484
28506000,22536000,0.6678197776087653
28506000,28542000,0.7413559775346316
32510000,19552000,0.5287199762709619
32510000,69632000,0.49557107141636086
32510000,69656000,0.505223078680246
32510000,22518000,0.4742713855177529
32510000,69658000,0.5055259290724641
32510000,32534000,0.5826205692106744
63604000,37546000,0.6078575834168098
63604000,37542000,0.6123513899945567
63604000,92630000,0.5877292014590444
63604000,18638000,0.6027342166479034
63604000,37544000,0.5743915488744799
63604000,73616000,0.5813482488554541
63604000,95635000,0.5652534005304436
63604000,80602000,0.5772138610428336
63604000,36608000,0.7335306446596213
63604000,63623000,0.5895776375547065
58710000,75764000,0.5262888846349841
58710000,94720000,0.5768024559452845
58710000,65740000,0.47579338165130713
58710000,88705000,0.6155284429750888
58710000,42715000,0.6139991174728746
58710000,37705000,0.680369207605069
58710000,36735000,0.49748614374918665
97547000,66546000,0.18111233351874914
97547000,36650000,0.20119011945309903
97547000,57528000,0.19207315518904275
97547000,18650000,0.23808861549848073
97547000,49523000,0.13522973290436963
97547000,80621000,0.3281337962251637
97547000,80642000,0.5404139072034939
97547000,81651000,0.1847444497188509
97547000,34512000,0.2349944844732235
97547000,84635000,0.15300349978360958
19550000,49512000,0.4052258632664845
19550000,22515000,0.47850329377468226
19550000,18620000,0.44338022603819915
50657000,63626000,0.5783771792428888
50657000,92627000,0.497160958340547
50657000,80644000,0.5455950593689969
50657000,80613000,0.5274363701124661
50657000,32525000,0.5599528363816323
50657000,50550000,0.5322933355004174
50657000,65554000,0.6770914468423171
50657000,71522000,0.5262567225291146
63606000,97513000,0.5534249803350033
63606000,80644000,0.5167388305400689
63606000,01626000,0.5550209343990851
63606000,88624000,0.504256428409596
63606000,58547000,0.5177531533504727
63606000,73604000,0.6142062348034161
63606000,80604000,0.5303234003046828
63606000,92650000,0.5435545493833801
79703000,27717000,0.21745997648210214
79703000,70636000,0.2993644933359724
79703000,27711000,0.21740200739129076
50627000,50655000,0.6168298617631206
50627000,92642000,0.5280000502471672
50627000,07536000,0.4585364379558291
50627000,22526000,0.47723468371425243
50627000,50603000,0.5624978691094128
50627000,33623000,0.4295289077451012
50627000,11548000,0.45072933501404994
86533000,65504000,0.4002227674502242
86533000,86550000,0.47076784192149135
86533000,86615000,0.4840867012414489
19552000,37542000,0.6632753280935708
19552000,66516000,0.09194809435944823
19552000,32534000,0.5502188345815474
19552000,37530000,0.5079431687023309
61542000,92617000,0.4398248163174048
61542000,28512000,0.6145280184599746
61542000,61508000,0.5643123656620482
61542000,63608000,0.44883486940692885
68715000,68720000,0.4234654952002471
68715000,94720000,0.5364977396698414
68715000,42715000,0.5958128789416585
50655000,63609000,0.47964888901086056
50655000,07552000,0.4380595354868864
50655000,94528000,0.43826708035241674
50655000,22526000,0.5077857202721814
50655000,50603000,0.6706987792834135
50655000,33627000,0.45943492444818035
69632000,87652000,0.4982272096258065
69632000,57544000,0.4627420609618242
69632000,76654000,0.45121188691407177
69632000,25745000,0.48441280732226133
69632000,36612000,0.5322556299887407
69632000,86642000,0.4716963616375561
69632000,32534000,0.5781646872163309
45919000,45362000,0.0017989032437917192
45919000,45387000,0.015310902204356153
19518000,80628000,0.03748764281638611
19518000,01539000,0.10487588165969346
19518000,40384000,0.005730431499297813
19518000,49510000,0.27995675102516826
46781000,40328000,0.029402676628241017
68720000,54705000,0.37303109716553473
68720000,25726000,0.4576344466840775
68720000,33710000,0.3947155174809439
68720000,24705000,0.496872287196007
68720000,18728000,0.3432220129226972
68720000,68705000,0.388173659038151
68720000,34705000,0.3701050917670018
32531000,57516000,0.5377671358302856
32531000,32704000,0.557618917889306
34706000,66710000,0.044507884731960407
34706000,65763000,0.23095505255418067
34706000,70640000,0.07799062114083
41518000,65524000,0.49605655003955373
41518000,46710000,0.5093109864966148
41518000,41648000,0.550188510751924
41518000,63650000,0.5434741085340331
41518000,22703000,0.588243033357385
41518000,46776000,0.5486527692459049
41518000,53723000,0.488218575068931
41518000,46757000,0.5960651810574509
27740000,65535000,0.20530987914575435
27740000,65734000,0.3369225975799907
27740000,40320000,0.22459374747002006
27740000,70730000,0.21788860746472044
27740000,65761000,0.35905997721907595
27740000,40345000,0.1977729994354872
27740000,27711000,0.20606705401738373
54705000,33710000,0.3967343720756372
54705000,94730000,0.5426646142447549
54705000,24705000,0.4824581617259182
54705000,88705000,0.49110523770224246
54705000,34708000,0.38632873736536544
54705000,54710000,0.41615428205581007
54705000,24703000,0.3892629712455066
63609000,56654000,0.4553183415766688
63609000,94528000,0.5406388754940106
63609000,01624000,0.5565927775971771
63609000,07505000,0.5369060346942021
63609000,22526000,0.49344517602551047
63609000,63629000,0.4916495288864232
63609000,54632000,0.5269877258971867
63609000,18622000,0.5552872613510158
63609000,07544000,0.4750152125188573
63609000,86630000,0.523936799412634
63609000,33627000,0.5377553382320661
45912000,45911000,0.020709061260531965
45912000,45311000,0.06795198898749168
45912000,45385000,0.03952801057606671
53506000,37542000,0.5911741431140214
53506000,18520000,0.5004835578131526
53506000,37508000,0.48820972849984745
53506000,53505000,0.477870545400539
53506000,18653000,0.4846391756952445
40912000,40391000,0.04784801967737498
40912000,40338000,0.04559343417094844
40912000,40323000,0.05616374322948784
40912000,40913000,0.02277367610449266
40912000,40330000,0.07163303365815507
87508000,28534000,0.2995758669375457
87508000,57514000,0.28950414815211695
87508000,86545000,0.3335139485668836
32715000,36724000,0.22666901296979147
32715000,53708000,0.36214422730558976
32715000,32728000,0.32103299407557995
63625000,90640000,0.18174006799318088
63625000,86630000,0.3063204969614991
87604000,87652000,0.7293968727420347
87604000,81657000,0.5726516111486795
87604000,84640000,0.5377384318492615
87604000,87648000,0.5330177598135862
87604000,98644000,0.4592294414727475
87604000,81609000,0.5021821451499006
87604000,25605000,0.5473215947104865
87604000,50658000,0.48883720118447926
87604000,81650000,0.4560147404093687
01701000,52701000,0.5663234171202453
01701000,04701000,0.6247844448548179
01701000,73701000,0.686100354227271
01701000,75701000,0.5753673674498437
01701000,66701000,0.5607025229259139
01701000,80701000,0.5782779013473299
01701000,18701000,0.6727651377154796
01701000,33701000,0.7372703338918021
01701000,50701000,0.6020522765935207
01701000,94701000,0.6453311322791483
01701000,24701000,0.6792382414929466
76702000,84610000,0.24999144835632492
69654000,97544000,0.35972051074217576
69654000,52644000,0.31344926768172743
69654000,80649000,0.3205057826042851
40326000,29715000,0.15789663324479128
40326000,45921000,0.030437110103540003
18634000,18646000,0.547508003305541
18634000,68514000,0.4034808573373582
18634000,37532000,0.4412080366223739
80658000,80633000,0.5216944880549838
80658000,53637000,0.4741791986452864
80658000,80610000,0.5143274569115606
80658000,37506000,0.49174974622305795
80658000,53619000,0.3933030309452901
80658000,73654000,0.4178533037617443
80658000,70642000,0.45935951827487215
65525000,22528000,0.6485184211325146
65525000,22505000,0.5419816231949329
65525000,65545000,0.7220880564762168
65525000,65628000,0.6301255561420468
65525000,34626000,0.7110973297097248
65525000,70644000,0.5947750570264536
65525000,17610000,0.5764944566108009
65525000,65533000,0.3555247589061001
65525000,75549000,0.6394045399846756
65525000,17550000,0.6903396175208989
65525000,73656000,0.6266989548626912
65525000,50712000,0.5386463470946374
36610000,92653000,0.4659075077211442
36610000,92645000,0.5475905201486884
36610000,57538000,0.4721177376395576
36610000,92658000,0.4881629161406764
36610000,36604000,0.5535924357619704
36610000,36648000,0.5152024887069917
36610000,92602000,0.5287925487046544
36610000,36624000,0.42937541158124537
36610000,94522000,0.5379405982386828
36610000,92646000,0.5041662473121805
36610000,94518000,0.49952207455324693
10712000,11851000,0.14130985211895206
10712000,32728000,0.18761377485512243
87640000,69616000,0.21825523289963503
24629000,49503000,0.33810950135722695
24629000,70642000,0.40874111481245934
30829000,30827000,0.457700258138707
30829000,08637000,0.4924935100754154
30829000,98606000,0.15980696821978277
30829000,08646000,0.12947934696310778
30829000,30504000,0.4400799660694905
66546000,36650000,0.23073194894418889
66546000,07715000,0.10186355561725938
66546000,07710000,0.0496276507220575
66546000,34512000,0.11534626147010117
66546000,07712000,0.08067183845335114
37538000,73627000,0.25422270471769876
37538000,37540000,0.4220915085548649
37538000,61526000,0.34655532587599674
94544000,94524000,0.6077788234725913
94544000,53634000,0.4325809700281161
94544000,70648000,0.5597878581165839
45366000,45364000,0.14039693510509824
45366000,45310000,0.048923227305665534
63611000,61658000,0.4976166179107162
63611000,28512000,0.544582820920878
63611000,28538000,0.5138460919614504
63611000,57558000,0.6115888278428692
63611000,32704000,0.4965112076604631
63611000,65554000,0.5125098395200046
63611000,22540000,0.5867902018802343
79640000,07503000,0.4634399338580211
79640000,79615000,0.47597149105784664
79640000,94552000,0.3460155001487675
79640000,90620000,0.4989413669237081
79640000,63649000,0.3454429130246594
79640000,90605000,0.5693372190265323
79640000,91620000,0.5278734298092564
46790000,46759000,0.45723101005504757
92730000,01705000,0.502679112247082
92730000,25714000,0.3775203457649627
92730000,75738000,0.5678428177876207
87652000,81657000,0.5121471578920801
87652000,84640000,0.49923653292278736
87652000,69612000,0.5008216530873247
87652000,87636000,0.5564020585842128
87652000,11518000,0.5427962608297517
87652000,50658000,0.5599040034501275
87652000,37524000,0.45989716706557066
87652000,86642000,0.5502550606859021
91640000,83640000,0.3416929404462143
91640000,65517000,0.3242911258627816
91640000,91603000,0.7704483264494699
91640000,79615000,0.5523510878864012
91640000,24633000,0.4087324847733105
91640000,83645000,0.48388098153214304
91640000,91620000,0.3885863496308565
91640000,91601000,0.3731503107534326
91640000,91625000,0.420114827485294
45307000,17635000,3.68176013657152e-07
45307000,65516000,1.9210043706427048e-06
01610000,95615000,0.38972823865862455
25634000,84615000,0.0014759642926223603
25634000,88656000,0.06299725733096743
94533000,80659000,0.3778007253799189
94533000,94504000,0.4957696785055031
94533000,95715000,0.33691156186836546
94533000,94514000,0.35016226680157075
94533000,94546000,0.42338013809389075
94533000,94550000,0.39772297892678576
94533000,94518000,0.48881145375174356
05706000,50712000,0.3876261301146202
81636000,65519000,0.5693218186261091
81636000,75548000,0.4914202100548378
81636000,81609000,0.6720163752245378
81636000,27513000,0.5224278835390663
81636000,53507000,0.5408556165710195
81636000,95635000,0.5707842033981095
81636000,50536000,0.7551481655119056
65524000,70724000,0.6697711326526681
65524000,80611000,0.4900850578742135
65524000,41624000,0.47462572682326737
65524000,92644000,0.5139226945661826
65524000,46776000,0.6409847463424301
65524000,70648000,0.5563941831167789
65524000,53723000,0.5209855686140901
65524000,46757000,0.5506331087048606
45326000,45371000,0.09062783859375693
45326000,45918000,0.08666280959271612
45326000,45336000,0.03902941359601188
45326000,45926000,0.2155293023331499
45326000,45357000,0.1222734765694248
45326000,45373000,0.06367201468448232
45326000,45324000,0.10727611412023173
45326000,45338000,0.056578422723213014
45326000,45385000,0.039009765477904614
45326000,45910000,0.05206541683548285
45391000,45926000,0.009294099930095485
45391000,45346000,0.0005893695293168812
34532000,34522000,0.4619884737203107
56626000,68502000,0.47045671008655066
56626000,89640000,0.4243145654183767
56626000,46572000,0.4605364822753429
56626000,66550000,0.3719865523023258
56626000,46552000,0.4112831660574289
56626000,49503000,0.3781718842985348
56626000,66509000,0.5783982524384594
65508000,65517000,0.40236380071490346
65508000,01615000,0.3962010138438929
65508000,91601000,0.2726046896348475
40372000,40360000,0.2881720248160182
40372000,70636000,0.2916639635747759
56612000,89624000,0.43969738890076826
56612000,28528000,0.43801810368572186
56612000,28548000,0.4005484974069733
56612000,41627000,0.49118913522111757
89626000,01601000,0.5164317815264342
89626000,63626000,0.5721153661574762
89626000,36622000,0.5961733707876083
89626000,70646000,0.5738574502971346
89626000,63603000,0.5061254233844649
89626000,89634000,0.5676363847744543
89626000,18610000,0.6801126266717781
89626000,01645000,0.514214573891775
89626000,22534000,0.6596926890944426
89626000,61530000,0.5801062607208423
89626000,33641000,0.5903933334190978
89626000,68508000,0.4757455510225116
89626000,54608000,0.5373484552050156
89626000,56623000,0.5678186189700821
89626000,86630000,0.5227144378709284
92622000,07558000,0.4834605266272584
92622000,92644000,0.3905713990635796
92622000,53634000,0.4060515249947602
92622000,92648000,0.6623491467014583
78701000,34701000,0.5880075975584642
78701000,89701000,0.6032458791805517
78701000,36701000,0.47639818562714975
78701000,71701000,0.41575987778070533
44513000,44510000,0.19220378912849784
44513000,98656000,0.23828269366960494
44513000,44504000,0.24047124568216577
44513000,44516000,0.2735964096702076
44513000,71933000,0.3470213492895166
44513000,44507000,0.21860692732206832
44513000,98654000,0.37600945273564734
44513000,44522000,0.4881013801509928
44513000,98650000,0.18070941843115113
44513000,98639000,0.4076979829099176
01558000,01656000,0.44664234314655604
01558000,01655000,0.5275338334690912
01558000,57508000,0.41882962703444937
01558000,01603000,0.46441586741794666
01558000,01606000,0.4151828895533463
01558000,01650000,0.4095487480597636
01558000,01623000,0.5013657345128902
01558000,01636000,0.508518513601116
40344000,40321000,0.08905152448119989
98616000,98656000,0.15483961946187763
98616000,98650000,0.3985059074112667
45354000,45377000,0.039461512354550324
45354000,40382000,0.10867692210564117
45354000,45364000,0.04360299869960646
24605000,57542000,0.6757648303900782
24605000,22519000,0.6671684697242194
24605000,24637000,0.7910774399654571
24605000,28510000,0.7577706681686573
24605000,63630000,0.6057891730033939
24605000,97505000,0.6281266329404468
24605000,22517000,0.606357087967708
24605000,94548000,0.6621237158719079
24605000,33521000,0.7478643517186445
24605000,28540000,0.6198481434391162
01635000,97513000,0.5739343247388481
01635000,01655000,0.584890321309631
01635000,63603000,0.540389348793739
01635000,57522000,0.5178416435425841
01635000,50625000,0.6151746396535149
01635000,01620000,0.6079054033570591
01635000,50642000,0.602848175175343
01635000,63623000,0.5968331589569047
98622000,81648000,0.09448879598140349
98622000,86609000,0.31921313091457953
98622000,44519000,0.0727400996794595
98622000,53630000,0.07454034876800619
98622000,98612000,0.1519103759085189
98622000,84630000,0.1364517628807115
98622000,98642000,0.12738804958666158
98622000,98610000,0.09993362960943034
49512000,49523000,0.30388187043359466
49512000,80642000,0.30072742935078184
49512000,63649000,0.3533498754016722
49512000,81651000,0.22886923175915547
49512000,24619000,0.31786298106458355
87616000,11514000,0.6037625897086164
87616000,50621000,0.6711359970567237
87616000,87648000,0.6085598884986466
87616000,69612000,0.5533416781330956
87616000,87632000,0.621764631537991
87616000,87636000,0.5736066808400532
87616000,53641000,0.6281668005605789
87616000,28540000,0.6047809078592707
87616000,87612000,0.5645359632403183
36713000,50712000,0.31457619056330594
65535000,65517000,0.31848143863332984
65535000,65734000,0.5455647332136071
65535000,70730000,0.21012560625213994
65535000,65761000,0.5150608278403582
70724000,17735000,0.5874559131746394
70724000,46710000,0.6777067083451506
70724000,65547000,0.5959514618063549
70724000,94740000,0.5938352969147336
70724000,46522000,0.5887766473676876
70724000,63650000,0.6295123836232338
70724000,41609000,0.6429533558360028
70724000,22703000,0.7093501882677176
70724000,70648000,0.8337776100145311
70724000,46757000,0.5696238944623075
81648000,04558000,0.2830669835128902
81648000,53630000,0.4055886734438675
81648000,70640000,0.14994839093242848
25726000,11708000,0.4268065902946457
25726000,95708000,0.3647814504632436
46744000,45371000,0.06235568175231283
46744000,46760000,0.23621750673983433
46744000,46746000,0.17961771305921395
46744000,46755000,0.14544398838076358
65739000,65538000,0.5023437122650543
94508000,28545000,0.4117943837837291
70706000,92628000,0.45731782623948486
76506000,25638000,0.3926996132868696
76506000,57527000,0.34538812632711724
76506000,76518000,0.5349528918741139
80608000,80636000,0.604046732711635
80608000,80607000,0.6645338304696182
80608000,22519000,0.6444312873541937
80608000,80634000,0.6807571653711189
80608000,63630000,0.658123625335355
80608000,53641000,0.613545424766843
80608000,97505000,0.6077727598167654
80608000,80604000,0.6248016169171217
80608000,22517000,0.6196508825743973
80608000,80610000,0.6480447813885302
80608000,63623000,0.6040496058310831
80633000,80659000,0.346093344743748
80633000,37506000,0.41537518921785144
25622000,81630000,0.381737950279836
25622000,25607000,0.4357512292205238
75764000,94720000,0.5826712306130836
75764000,01706000,0.5540235679954016
75764000,94730000,0.49626775402577206
75764000,94740000,0.690625448288078
75764000,88705000,0.6976262093465311
75764000,92639000,0.4863208031225707
75764000,37705000,0.6499947821001196
75764000,94710000,0.622781935266089
83640000,79615000,0.4339542442827286
83640000,83703000,0.302659100802445
83640000,96702000,0.08181580783862633
83640000,83645000,0.2645073383783921
83640000,91620000,0.3789858347514714
83640000,91635000,0.49767291743174036
57517000,04558000,0.4085093596115607
57517000,07520000,0.18880946467512527
57517000,53630000,0.18535823737483478
57517000,47519000,0.19269266020834847
57517000,32728000,0.2054985170342377
64524000,10720000,0.3738121475921983
64524000,87632000,0.415682290193311
64524000,64548000,0.7275868208276771
64556000,77510000,0.17994156711692996
64556000,64543000,0.15376064568218695
64556000,64520000,0.26922549641319127
17654000,80601000,0.08504165327420224
17654000,17635000,0.06371807022218558
17654000,34614000,0.3129163000587601
17654000,80657000,0.08408799838878046
46547000,46741000,0.1914820926988571
46547000,45331000,0.09552998244988124
46547000,40328000,0.09168164804249072
45371000,45309000,0.04521632037916215
45371000,45393000,0.0841430802722667
45371000,45926000,0.09431581744075
45371000,45373000,0.08119537803846097
45371000,45340000,0.0464647208667359
45371000,45328000,0.061689946453746265
45371000,45301000,0.08206949098025905
45371000,45323000,0.07065732026738693
80601000,17635000,0.044437146936990336
01613000,01648000,0.4383554383641058
01613000,53651000,0.3845398985126509
01613000,56603000,0.4744506969572642
01613000,05540000,0.42234365874649205
01613000,11548000,0.48794119615980186
01613000,42636000,0.4941230493781982
01613000,92613000,0.4005168515953976
68528000,89631000,0.3342002258857372
68528000,68526000,0.27647599778626686
68528000,68516000,0.22346660269502555
65510000,65734000,0.49273864142740886
65510000,54624000,0.4495133262709547
65510000,53507000,0.5505688550558175
65510000,10775000,0.40347309568573886
65510000,47517000,0.358811840216319
65510000,28526000,0.4265895889047558
65510000,65551000,0.38906095064250856
65510000,61523000,0.4040259401016957
58514000,58558000,0.5647891031391116
58514000,28514000,0.5044098948304011
58514000,58523000,0.7203376182063466
71871000,11851000,0.30514991554083176
71871000,71883000,0.13620956033241244
71871000,71876000,0.15397368550582846
71871000,71875000,0.20447466471861733
71871000,71872000,0.1885033113728811
71871000,71958000,0.19163340451953817
71871000,71951000,0.15666254770188123
10740000,76512000,0.16976451737632325
10740000,25732000,0.2643763718522588
10740000,71878000,0.20146595165114123
10740000,10521000,0.21706818066208566
10740000,81720000,0.17714168049814177
10740000,32740000,0.11829746531050024
10531000,64552000,0.1272423262503481
10531000,10554000,0.109080013590952
10531000,99620000,0.31085785266100363
10531000,10505000,0.2071805044393604
10531000,10549000,0.2690635970153807
12645000,18616000,0.39124121427400166
12645000,01634000,0.5017421060932749
12645000,01628000,0.43112340122025067
46770000,40394000,1.388156799094856e-05
46770000,45395000,6.656125529587811e-05
53638000,97513000,0.5235988639276788
53638000,53607000,0.48196726443790244
53638000,33529000,0.541060183454122
53638000,53625000,0.5029299555333615
53638000,53622000,0.5029803152360972
24621000,89618000,0.5561130219781882
24621000,63614000,0.5459332025858795
24621000,33529000,0.46051425591675427
24621000,68518000,0.55847507024435
65645000,69652000,0.4163097565917088
01601000,01656000,0.508008172561244
01601000,01645000,0.44253283789832815
01601000,69628000,0.6165612959563964
01601000,87624000,0.5026322261330352
01601000,68510000,0.48630624328700844
01601000,56623000,0.4493170744411114
01601000,63619000,0.545708455709797
94720000,01706000,0.6542856620885559
94720000,94740000,0.5799384629325047
94720000,42715000,0.7188058666079035
94720000,80739000,0.5233509971634875
94720000,37705000,0.8161577482725123
94720000,94710000,0.5966481311196644
40391000,45357000,0.08774217661545064
40391000,40338000,0.1346687217985523
40391000,40377000,0.11910727315848096
40391000,40341000,0.04650739294993788
40391000,40376000,0.018672747589339216
40329000,40351000,0.09562429369107756
40329000,45364000,0.04923561113488608
76534000,76503000,0.39217365301663476
76534000,93610000,0.38292827640515503
76534000,93638000,0.149147688471957
76534000,93656000,0.07701032997241926
76534000,93658000,0.11873305973558873
07552000,94528000,0.43702711256577353
07552000,07536000,0.5806904940064342
07552000,50603000,0.4254013594952035
07552000,65546000,0.3604805046499753
07552000,07544000,0.567259523095923
07552000,07507000,0.5189728536329807
07558000,05723000,0.31669773667788675
07558000,56655000,0.3032967244932327
07558000,52644000,0.4111279339269189
07558000,53634000,0.45093903516944345
07558000,92648000,0.3701881750018515
47524000,47526000,0.388912020190008
47524000,47515000,0.3065509726611871
47524000,18624000,0.2973271222961788
50717000,05557000,0.13901265786972566
50717000,40341000,0.06478993853730826
37546000,37542000,0.543583422814082
37546000,63603000,0.5047974194946706
37546000,18638000,0.5064069450188283
37546000,37544000,0.5604968479255729
37546000,53617000,0.473418094887516
37546000,37520000,0.45752308758154414
37546000,53505000,0.4849964661891867
37546000,05502000,0.4832826410758473
37546000,37530000,0.5028065055827845
40312000,40374000,0.06111631571471658
40312000,45386000,0.014021900289449406
40312000,27510000,0.010609440124141925
40312000,41621000,0.013585197287235725
40312000,45323000,0.02587510655364043
40357000,45303000,0.12569121068530914
40357000,40385000,0.08536942173003471
40357000,07710000,0.08764786394413317
40357000,40907000,0.1515427065319899
40357000,40316000,0.3541051622959863
40357000,45377000,0.06508759569044227
40357000,07712000,0.12533350378679786
50632000,11622000,0.5688799605945561
50632000,11558000,0.4683378708233333
50632000,87644000,0.45643736420408304
50632000,50604000,0.520735005344825
50632000,25745000,0.4266986208159899
50632000,25628000,0.5164722339275568
50632000,33605000,0.46595231736206677
50632000,36620000,0.4083147056248117
50632000,19546000,0.3948666803047811
46783000,46704000,0.03385537022261236
46783000,46746000,0.14978211783719675
46783000,46709000,0.08800404551778347
46783000,46755000,0.0725120106625906
54643000,54623000,0.47736933359564987
54643000,54610000,0.5334144346710975
54643000,24603000,0.5243436709411684
71874000,71876000,0.10273481247733969
71874000,71875000,0.20645213456152262
71874000,71873000,0.14756029890012873
17735000,61508000,0.5473690766838737
17735000,97503000,0.5747823384068041
40366000,01704000,0.038695994606174795
40366000,45303000,0.03612137865421165
40366000,45916000,0.004801078109127766
40366000,40316000,0.07267982694680714
40366000,07712000,0.05685675376866321
33608000,80625000,0.5482715810190104
33608000,50621000,0.551234803426168
33608000,70646000,0.5534003855664635
33608000,97505000,0.6435995475027463
33608000,50625000,0.513416662156272
33608000,87612000,0.5592057594569941
33608000,24603000,0.5383917094083371
33608000,33625000,0.5216853039236006
69620000,57542000,0.5018878773220141
95615000,01626000,0.5290630151074475
95615000,69612000,0.5327318200098689
95615000,80634000,0.5455082055600902
95615000,63630000,0.625357378773541
95615000,01654000,0.5911870732387788
95615000,50658000,0.5531726125693082
95615000,01512000,0.5302906519818166
95615000,33625000,0.5132073523757552
58504000,42527000,0.18122213891971037
34701000,83701000,0.3598588665494918
34701000,37701000,0.6082742189809497
34701000,89701000,0.6518965637196273
34701000,73701000,0.6256518311486541
34701000,61701000,0.5740730206591058
34701000,66701000,0.6509016692808792
34701000,28701000,0.6360623717108381
34701000,49701000,0.6991900329171286
34701000,87701000,0.5856096141146195
34701000,94701000,0.5849445189016067
34701000,24701000,0.7252336500441721
24611000,89624000,0.5123064133133836
24611000,61508000,0.553707529918068
24611000,28538000,0.45663012268008535
24611000,41636000,0.4544928520552845
24611000,97503000,0.5444890232922674
24611000,66514000,0.49562669389370234
40901000,46746000,0.07661292328826003
56644000,73639000,0.505791568478836
56644000,66519000,0.5833715465440413
56644000,66548000,0.5305744332573141
56644000,33529000,0.495572444823302
56644000,56615000,0.6113692531087621
56644000,54653000,0.48754851823662304
04558000,32543000,0.33005552770881985
04558000,50659000,0.5154260416376024
04558000,69616000,0.2519679647182907
04558000,86609000,0.2286693413841082
04558000,53630000,0.26444553588168435
04558000,98612000,0.21587865518145227
04558000,81642000,0.46881541761402173
04558000,76538000,0.366536962477599
32543000,50659000,0.303630559774828
32543000,22532000,0.2961864619253089
32543000,32534000,0.36228053745195143
07724000,71715000,0.39187528238834346
07724000,01713000,0.3800129180753888
07724000,36618000,0.41167494720900333
07724000,34705000,0.45983688268452994
57529000,94550000,0.3545616045215793
57529000,12640000,0.24262821494512957
80611000,53723000,0.5178452254264899
56654000,01648000,0.3981179954276456
56654000,56643000,0.3651947744258451
56654000,63629000,0.49542434381733025
56654000,54632000,0.531836099741499
56654000,54639000,0.4743015341401132
56654000,42542000,0.4682574846774763
56654000,56658000,0.41545777764451886
45309000,45911000,0.06230762771332157
45309000,45340000,0.05311300496720927
45309000,45361000,0.05942457503702225
45309000,45343000,0.020993521564903698
22514000,54618000,0.6405040097573141
22514000,68502000,0.47654351318968874
22514000,22530000,0.4654943469200363
22514000,54610000,0.46933664166653
22514000,53637000,0.4945260036692137
22514000,89640000,0.5376185824436197
22514000,53619000,0.4121805879379789
22514000,70642000,0.4741000176427442
45901000,40374000,0.03857977567961319
45901000,45361000,0.07365692051563177
36650000,18650000,0.1760846273380627
36650000,07715000,0.11961773278722775
36650000,80621000,0.39012619508897406
36650000,80642000,0.26333406884372096
36650000,07712000,0.11248611041448561
40343000,40318000,0.2109431341688218
40343000,40353000,0.28787305655837936
40343000,40320000,0.1692292446727738
40343000,40345000,0.5600738341073244
92607000,92615000,0.4805965230147051
92607000,92642000,0.6955541970763572
92607000,80614000,0.5643287037099005
92607000,94506000,0.4916303696071934
92607000,07505000,0.52529758515368
92607000,80656000,0.5756093017985697
92607000,65546000,0.4805413233171924
92607000,80605000,0.541192240865971
92607000,18622000,0.4904959559752184
92607000,92629000,0.6253811769121711
92607000,11548000,0.506584765981129
92607000,42636000,0.5334147512862193
92607000,92613000,0.6675740831746346
01703000,68730000,0.3626335573268376
01703000,34708000,0.4162472744063881
01703000,68705000,0.46610222995271405
12550000,80703000,0.0987285624032622
40396000,40352000,0.26477165304622896
19554000,65543000,0.640706096878068
19554000,57544000,0.539471737030025
19554000,28555000,0.6542211414961029
19554000,70606000,0.5275377982375993
19554000,18610000,0.5347299164079726
19554000,28545000,0.6804202351064295
19554000,61530000,0.5117571042215985
65515000,66516000,0.08524930507752852
65555000,81642000,0.36828183187540875
65555000,97538000,0.4969699674073045
65555000,80626000,0.3788021751619332
45918000,45393000,0.17057912129270036
45918000,45926000,0.0670810664406166
45918000,45373000,0.08118687146792755
45918000,45903000,0.14288491488916355
45918000,45905000,0.06504171211681016
45918000,45324000,0.08927826114379182
45918000,45902000,0.06961434523697856
45918000,45338000,0.0695189760069803
45918000,40377000,0.1151469250167058
45918000,45396000,0.12077355956019621
65517000,91603000,0.43857235565271085
65517000,70622000,0.42959029616998107
65517000,24633000,0.35339048809794993
65517000,01615000,0.5425903639341423
65517000,91601000,0.322125367878356
65517000,46552000,0.34386064507443176
04729000,71710000,0.3016897250340746
04729000,11851000,0.11537788921789807
04729000,71883000,0.26250901680524596
04729000,71958000,0.16772242374213955
45393000,45926000,0.10883058258306207
45393000,45357000,0.19416954484592033
45393000,45324000,0.1648682123034995
45393000,40377000,0.13118521521226345
45393000,45312000,0.08615292575482798
45393000,40330000,0.16273045999088315
45393000,45368000,0.17200687383820723
45393000,45396000,0.08635452108012046
45393000,40902000,0.16812199122968824
37514000,41606000,0.4118702239414644
37514000,34614000,0.3363911409190911
37514000,80649000,0.42480599000486574
37514000,97532000,0.4674036158096047
37514000,80641000,0.43983498240338964
30827000,08637000,0.22862178723149335
30827000,77510000,0.26644207244526696
30827000,44502000,0.2954843079158201
30827000,98646000,0.3968505994880834
30827000,98606000,0.4331904639796074
30827000,30504000,0.3585645773151801
30827000,98633000,0.353776361378092
54618000,68502000,0.47571449743980776
54618000,89637000,0.38873319401613377
54618000,54654000,0.4112482030099035
54618000,54610000,0.5946239652225133
54618000,89640000,0.5273821096643032
54618000,24603000,0.4441896717911939
22528000,22505000,0.5908472227056012
22528000,80609000,0.6266784583874688
22528000,65628000,0.6518561080469987
22528000,80631000,0.5764361255027983
22528000,34626000,0.7270115904894022
22528000,17610000,0.7005116605101693
22528000,70628000,0.5798261241173522
22528000,75549000,0.6985633254549858
22528000,17550000,0.674442696115506
22528000,73656000,0.5715909360157052
40380000,40332000,0.32006540674798306
40380000,40353000,0.44913779940177917
40380000,40381000,0.3014558142449312
40380000,46705000,0.27301170360031674
40380000,40382000,0.33725856675142024
40380000,73715000,0.34898302477571796
40380000,46742000,0.4462299182063865
68502000,27518000,0.5169594795878799
68502000,89640000,0.5498960686495497
68502000,89646000,0.5349622943188354
68502000,28547000,0.5164377150361016
68502000,54625000,0.473978696338053
01656000,01650000,0.6184087502708522
01656000,01645000,0.5787000383193793
01656000,57548000,0.5829091199675228
01656000,69628000,0.5125822647193321
01656000,01541000,0.5110336083879833
28552000,57526000,0.5359990057970219
28552000,33503000,0.5671741516704261
28552000,88620000,0.5253843195455372
28552000,01512000,0.5587305809901284
28552000,37530000,0.5761628643969494
80659000,25604000,0.2791524961012419
80659000,12640000,0.2615524809328334
71705000,32704000,0.15307061693542348
71705000,81720000,0.13711072528405163
65734000,75715000,0.3124637548684347
65734000,65761000,0.4929595640025532
65734000,47517000,0.4519339871364203
65734000,28526000,0.35303055712237075
65734000,61523000,0.44900508051442417
01648000,27515000,0.47373408026579933
01648000,07505000,0.5343362686814683
01648000,54632000,0.47014579266388057
01648000,54639000,0.40809221806603957
01648000,18622000,0.47884280531151646
01648000,07544000,0.49985404580355447
01648000,01628000,0.43442916193782316
92624000,63626000,0.5475886613598109
92624000,70646000,0.5710813995341972
92624000,92642000,0.7342439834321346
92624000,92630000,0.5897623473667658
92624000,92656000,0.5091414620613228
92624000,53641000,0.5717799804427105
92624000,92605000,0.6267156275312755
92624000,92612000,0.5691882552657208
92624000,92629000,0.5849105889360446
92624000,65608000,0.546754073299252
92624000,92650000,0.7245800137243901
92624000,92640000,0.7791580777609097
46710000,46566000,0.3913478519905771
46710000,46728000,0.43054261833666885
46710000,46522000,0.7292212278053962
46710000,63650000,0.5541802863649209
46710000,70648000,0.6283513415595604
69656000,69658000,0.5517370048940408
69656000,69612000,0.534283738624145
69656000,50634000,0.49768401938086276
69656000,11530000,0.6533401344541824
93615000,84610000,0.5464818636387163
93615000,93620000,0.2637614911416747
93615000,93640000,0.43208494715310414
80636000,80607000,0.7824327016339988
80636000,88624000,0.5682618661760215
80636000,63639000,0.6283774817031306
80636000,11518000,0.5905681218147901
80636000,63630000,0.6755620670989341
80636000,80604000,0.6482890704044627
80636000,80610000,0.6953440474826711
80636000,80603000,0.633141544161046
80636000,28540000,0.6091077701311196
80636000,33503000,0.5458142056083166
40321000,40325000,0.07990685505618128
40321000,40377000,0.10664358169430152
33543000,33522000,0.6614263577601001
33543000,57542000,0.6615969172981584
33543000,33632000,0.6005005012214317
33543000,33540000,0.644111574219997
33543000,28510000,0.6552466256167344
33543000,22515000,0.6136367916152035
33543000,33502000,0.6369528983407801
33543000,56631000,0.7384935332665261
33543000,28551000,0.7140782363949858
33543000,49538000,0.6210846445339648
33543000,01654000,0.6192552438564566
33543000,28540000,0.6484733472015797
33543000,19540000,0.6267341803266663
33543000,33533000,0.7231070683485824
36704000,25736000,0.2139345934402012
36704000,70640000,0.15717950924702398
01704000,07712000,0.04441176046084846
11514000,33522000,0.6597164558092826
11514000,11558000,0.6699619798319015
11514000,87632000,0.6093718686832047
11514000,11511000,0.625235793825391
11514000,10540000,0.6082651449583846
11514000,87636000,0.6623097255981926
11514000,11518000,0.61892012059467
11514000,11530000,0.7746779717821264
07520000,80639000,0.2670272505238371
41648000,41609000,0.5944247292909757
41648000,46776000,0.518919100138672
24711000,33707000,0.56816461454541
24711000,01713000,0.4332639988465915
24711000,34626000,0.5426652612435288
24711000,36750000,0.520085743988974
24711000,54710000,0.5962209372820862
24711000,24631000,0.5927449854455932
24711000,50712000,0.5816508249777559
80607000,80634000,0.606327823900274
80607000,63639000,0.5632846289637243
80607000,63630000,0.6432202630454881
80607000,33617000,0.5281252593126771
80607000,63636000,0.5834617365172687
80607000,80604000,0.5674980545799768
80607000,80610000,0.7101805408402979
80607000,80603000,0.6397587722631917
80612000,92627000,0.4893019537731635
80612000,57560000,0.5006385054148348
80612000,36648000,0.593624485935066
65504000,75755000,0.4668035779708395
65504000,41639000,0.4032669653428104
65504000,86615000,0.4466206312269477
71710000,80727000,0.27950926815447164
71710000,25714000,0.33936273091269614
71710000,75738000,0.38755950086430374
65543000,61658000,0.5245699234437396
65543000,57544000,0.46964151079658234
65543000,65534000,0.4979191477216399
65543000,28545000,0.5646294381634003
65543000,65538000,0.5023789928318206
65543000,61530000,0.49012618692583354
22510000,73648000,0.5269122927405019
22510000,22517000,0.5358159515911344
22510000,22512000,0.564531150988103
80652000,46758000,0.2962351030379787
80652000,46709000,0.15770829280643847
80652000,53634000,0.32617837346526474
80652000,46533000,0.151310726980485
63626000,80644000,0.5373109443029814
63626000,92642000,0.5387799435324555
63626000,18610000,0.5332799284887076
63626000,53641000,0.5624488510043125
63626000,71522000,0.5611712093202548
63626000,22534000,0.693375821990027
63626000,41639000,0.4503168137773959
63626000,01647000,0.5544044309073113
63626000,33641000,0.5590961184416545
63626000,37516000,0.4854617196199339
63626000,92629000,0.5415108319169278
63626000,50623000,0.5368221077822237
63626000,92650000,0.5386610454098104
52650000,52658000,0.4405413727812448
54623000,54624000,0.4602861498081368
54623000,54610000,0.5721260187554642
54623000,56642000,0.4577673265086569
54623000,97555000,0.5807131361535502
54623000,56623000,0.4759839780025297
71715000,94730000,0.5480958038103908
71715000,80613000,0.4261187391393482
71715000,24705000,0.5493439640828373
71715000,25736000,0.4246876693045541
71715000,53708000,0.4236131227938226
71715000,34705000,0.39659215267995834
36644000,18658000,0.4712382612526604
36644000,18638000,0.4919172928442209
36644000,53641000,0.5269493139068329
65523000,32740000,0.025991080385846035
73639000,73644000,0.5292906164902971
73639000,66548000,0.5100696759316918
73639000,33502000,0.6278602526977388
73639000,56631000,0.6272753122121514
73639000,66530000,0.6084008914680131
73639000,34538000,0.50135540866363
73639000,54653000,0.5442246855783088
73639000,68518000,0.573159752783002
83648000,96702000,0.03011277493905409
83648000,80618000,0.06615971791860797
83648000,90640000,0.17331990702962546
83648000,80630000,0.14700667744243961
83648000,96610000,0.06926058275219288
80625000,70646000,0.5623766845657198
80625000,63603000,0.5265602527640859
80625000,50625000,0.5037189344626001
80625000,87612000,0.6486692387918993
80625000,61512000,0.5031071736364532
80625000,24603000,0.5421068090241997
80625000,65608000,0.5861215340158749
80625000,87624000,0.4815556961980598
80625000,68510000,0.5337960324145969
46587000,46778000,0.22825022549177304
46587000,49532000,0.2401547294089436
45382000,45376000,0.015514672250371942
45382000,45353000,0.04648202703160886
45382000,45384000,0.02577792854191899
45382000,45334000,0.047429658210681465
45382000,45924000,0.01214049038987145
45382000,45381000,0.03071855637324841
41642000,28522000,0.31725752153029363
41642000,41636000,0.5201458101703229
41642000,46522000,0.47584859102518423
46760000,46758000,0.28627031760169863
46760000,46750000,0.16105473567205902
46760000,46746000,0.1730320730393844
46760000,46748000,0.1985247889220111
46760000,46755000,0.15606049221960341
01705000,65740000,0.5896698003643107
01705000,25703000,0.4923317063826906
01705000,01716000,0.5104966769101319
01705000,63650000,0.49681783363584053
01705000,22703000,0.6072695561094967
01705000,53723000,0.5737155485539573
01705000,25714000,0.49931679824538105
53701000,12701000,0.3854689211243356
53701000,80701000,0.5318010236754518
79701000,96701000,0.15753317663943192
79701000,91701000,0.40720414093623697
79701000,87701000,0.5051229999128318
84610000,93640000,0.29266737981275287
84610000,98658000,0.30227535071170913
84610000,84640000,0.4889112868154062
84610000,98648000,0.4458025780030678
45303000,40385000,0.03062141843254414
45303000,40907000,0.10920320036134784
45303000,45916000,0.09385170327890786
45303000,40316000,0.13745082693526242
45303000,45377000,0.08511310883024581
45303000,45302000,0.017692666936805868
45303000,07712000,0.04491967828921371
36622000,33614000,0.5215541321814293
36622000,89634000,0.5398997018445018
36622000,33641000,0.6470021613969633
92627000,92653000,0.49714630414228705
92627000,92617000,0.5806348577480067
92627000,65534000,0.4843654315336118
92627000,92638000,0.5313561199884498
92627000,36604000,0.474140623828463
92627000,92602000,0.5449136355525657
92627000,92610000,0.4940177587257602
36640000,34614000,0.30711857552290467
36640000,50640000,0.3162914813090605
94528000,94514000,0.4663514621417466
94528000,94506000,0.42000978861559746
94528000,50603000,0.4100370105289979
94528000,68514000,0.4020315598787895
94504000,57557000,0.453642087182016
94504000,57503000,0.4556796661738189
94504000,92636000,0.5149802192368378
94504000,94546000,0.4605253632001241
94504000,57538000,0.5178038960041538
94504000,57560000,0.470696803183914
94504000,36604000,0.5148597736621024
94504000,36648000,0.4657646849150844
94504000,92602000,0.4719493039417115
94504000,92614000,0.46922045215440306
94504000,94522000,0.4807424258727291
94504000,07541000,0.4852349383350454
94504000,94518000,0.6576000574959234
89624000,65534000,0.53684607266272
89624000,92654000,0.5879907573628942
89624000,28553000,0.47406918286517297
89624000,61530000,0.4791321525599173
89624000,66514000,0.5210762994840276
92615000,53651000,0.4759320898871423
92615000,07510000,0.46075570379857383
92615000,92633000,0.4773115652194717
92615000,92652000,0.3383391759661757
92615000,22534000,0.5485321298330956
92615000,69628000,0.5128723321316397
92615000,92605000,0.5634759775925535
92615000,92612000,0.538773368479716
92615000,65608000,0.5619639329761077
52701000,73701000,0.5416538775243729
52701000,42701000,0.6235272853371082
52701000,75701000,0.696305632355459
52701000,61701000,0.5697406884510227
52701000,28701000,0.5410114336316707
52701000,80701000,0.6486847127772329
52701000,18701000,0.6213503851196562
52701000,33701000,0.5860565195405844
52701000,50701000,0.49519242052383566
52701000,94701000,0.5961504555502523
27519000,53651000,0.4516295504692982
27519000,27518000,0.510178554361507
27519000,54615000,0.36836957368993895
61658000,22545000,0.4964434848614972
61658000,28522000,0.5889425410132404
61658000,18610000,0.5762227769719195
61658000,28545000,0.5019491019954893
61658000,80602000,0.49805443536162247
71956000,11851000,0.11346685321555679
71956000,71875000,0.15149456940759112
71956000,71951000,0.052151019176906906
57528000,18650000,0.25346288283172363
57528000,80621000,0.3403571751382217
57528000,80642000,0.43756541069317045
57528000,81651000,0.1616876507683826
57528000,84635000,0.18656887752298312
57528000,73614000,0.29335488201812454
18650000,80621000,0.2535672205553488
18650000,80642000,0.33147240050642973
18650000,73614000,0.17881071932617704
50621000,53641000,0.661779493153242
50621000,50625000,0.6589055078527423
50621000,50642000,0.598311741533848
50621000,11554000,0.5181490703582529
50621000,92612000,0.4834444825100819
50621000,87612000,0.537527524256341
50621000,25630000,0.5669809625670542
50621000,50623000,0.5018563639292672
50621000,87624000,0.4844487730382585
93625000,93656000,0.43352892001637755
45356000,40392000,0.03495502946709122
45356000,40302000,0.049308662935172984
45356000,45372000,0.0048087904353279805
45356000,45369000,0.0217469737441353
45356000,45360000,0.02343815076831004
45356000,45924000,0.03217454916157059
45356000,45341000,0.042653315266048986
40392000,40302000,0.11280596307928135
40392000,45360000,0.05794667714975906
40392000,40335000,0.01996715137299757
40392000,45325000,0.04470937980512796
22553000,28555000,0.4578111484849871
22553000,22515000,0.5591551303744999
22553000,22535000,0.4738372469955767
22553000,49538000,0.4784378416139721
98624000,30519000,0.15841151768727393
98624000,98656000,0.40627513593391934
98624000,98612000,0.15090253502002293
98624000,98654000,0.41277958957408056
98624000,44522000,0.16411829907223274
98624000,98650000,0.268150131946569
46758000,46788000,0.3676636265651872
46758000,46709000,0.22438900248622876
46758000,46716000,0.22620839824622566
46758000,46533000,0.35665920823512404
46758000,46748000,0.28238471770706364
98701000,44701000,0.2450676994386883
98701000,08701000,0.381150115725882
98701000,30701000,0.17797677434030756
45336000,45926000,0.055436266415685546
45336000,45357000,0.08092761917682273
45336000,45373000,0.038027617343048416
45336000,45905000,0.03717831738343937
45336000,45324000,0.1507388767805256
45336000,45328000,0.08203649091478048
45336000,45361000,0.059987127456473964
45336000,45323000,0.08692548234758404
45336000,45396000,0.11361467220694565
45336000,45325000,0.05999554389287714
92657000,92601000,0.30800937228603037
92657000,92628000,0.28174937308353804
40374000,27510000,0.014757470118344773
40374000,45361000,0.059234137021859416
40374000,45323000,0.06804597862088298
37526000,37542000,0.4501577825759487
11851000,71883000,0.174157800602805
11851000,71875000,0.19256556839589492
11851000,71872000,0.2113514190998445
11851000,71958000,0.26983213426423197
11851000,71951000,0.37022329131433
11851000,71873000,0.13754729286317086
11851000,71885000,0.18057012988011373
57544000,22554000,0.5794869542531811
57544000,28545000,0.5040558767994097
65740000,78715000,0.4537658917850854
65740000,94740000,0.6127754024953143
65740000,17725000,0.5436845250822079
65740000,94710000,0.60829269429779
45386000,41621000,0.007708072252539729
45386000,45323000,0.01413817987855389
95715000,53712000,0.2518599919701877
95715000,36724000,0.26192160134058745
95715000,94550000,0.26573571931251555
95715000,32716000,0.2119308107058397
71883000,71875000,0.26305089014551797
71883000,71872000,0.33030067875810415
71883000,71958000,0.46750779242159923
71883000,71884000,0.16796609676994653
71883000,71873000,0.33218187276903155
71883000,71885000,0.1885235350447429
22545000,56645000,0.4763800376095554
22545000,92610000,0.46212842882942007
49545000,92601000,0.37371391985113167
50659000,76654000,0.3334361866394819
50659000,87515000,0.2779202044174824
50659000,81642000,0.4030977264726881
82705000,82607000,0.14646391669086217
82705000,82730000,0.2728873830421493
82705000,82708000,0.1480458088161088
82705000,82715000,0.23994693176951112
82705000,82725000,0.5483839561350995
04701000,69701000,0.5822897925259367
04701000,08701000,0.593954361760755
04701000,71701000,0.7680171621269856
04701000,80701000,0.5648346887270799
04701000,27701000,0.609872275329875
04701000,18701000,0.5916167529237384
04701000,87701000,0.49478981274050504
04701000,50701000,0.48793606366968195
04701000,11701000,0.525940417088414
08637000,11542000,0.36987643257435077
08637000,25542000,0.24420085814848616
08637000,30824000,0.10941848738527528
08637000,47517000,0.4709522465277524
08637000,08646000,0.14568438101424702
08637000,30504000,0.3240007908187317
98618000,98658000,0.4640195084031061
98618000,98644000,0.6443502749326807
98618000,98648000,0.5961469082754727
98618000,98626000,0.3232098140799553
98618000,98652000,0.35209607537430976
98618000,08650000,0.3905257657142989
98618000,98604000,0.5566296139619934
33522000,87632000,0.7350723635643425
33522000,11511000,0.6366054485370332
33522000,33502000,0.6210577958623552
33522000,87636000,0.725139153995797
33522000,68546000,0.6674206827037326
33522000,53627000,0.6535678640798486
33522000,01654000,0.6469939450458952
33522000,49532000,0.6031434269236641
33522000,33531000,0.6345136722671288
33522000,33533000,0.7471225104657346
19524000,87644000,0.4325809927216039
19524000,89629000,0.3858280973392032
19524000,11544000,0.360599559305383
79622000,18645000,0.2693731486466253
79622000,91610000,0.23320697235736385
79622000,18626000,0.1854649445624715
33614000,53651000,0.5504424655163499
33614000,01624000,0.5320372275664539
33614000,89634000,0.5254713394633579
33614000,92642000,0.5606633466044979
33614000,80614000,0.6139625137831232
33614000,32537000,0.3998790976096388
33614000,22526000,0.5784605488755975
33614000,80656000,0.5294785402945652
33614000,33641000,0.6064118762493207
33614000,42542000,0.5112253592207497
33614000,33623000,0.5473747937917839
33614000,92629000,0.5800413876866382
33614000,42636000,0.5633328565682075
80703000,80743000,0.20526858748032514
44510000,98656000,0.1584808816653249
44510000,98642000,0.1009922182214708
44510000,44522000,0.2183515723333268
22518000,63642000,0.5087137987466348
22518000,94552000,0.4300137262932209
22518000,63649000,0.5783414821928673
22518000,80604000,0.5603206676909305
22518000,18620000,0.4571983687879624
22505000,65545000,0.5441402170322456
22505000,80609000,0.4581837473922057
22505000,34626000,0.5860774493350113
22505000,70644000,0.509298870086915
22505000,36750000,0.4976642270327213
22505000,24631000,0.49029401845935155
22505000,79605000,0.47551909827729055
58512000,33524000,0.47929429641400173
58512000,34705000,0.4535484750327037
57542000,24637000,0.6216569997363102
57542000,87632000,0.6199386539341613
57542000,22515000,0.6493477824739419
57542000,56631000,0.6781885288480602
57542000,36615000,0.6174486255823048
57542000,63630000,0.6544173065849285
57542000,19540000,0.661142498189957
57542000,01512000,0.6782602071173139
57542000,33533000,0.6408947953268942
57542000,18620000,0.538937769899256
33632000,33540000,0.5869488875528037
33632000,22536000,0.5203952999022292
33632000,33605000,0.5358802178520045
33632000,19548000,0.6460234764955806
33632000,28544000,0.514907097167576
33632000,18620000,0.5190523104296058
89618000,89649000,0.47983882377370524
89618000,89610000,0.4884821929216542
45379000,45920000,0.021664068646964074
45379000,40913000,0.011248249495943333
45379000,45384000,0.013925138131073806
45379000,45908000,0.013519999051249908
45379000,45319000,0.007933520542587948
01706000,94730000,0.5221289286685992
01706000,24705000,0.5462113982592991
01706000,75734000,0.6110324836302038
01706000,57516000,0.6749803914371203
01706000,22727000,0.5215314483190097
01706000,94740000,0.6015816436958124
01706000,42715000,0.6157888281887148
01706000,37705000,0.5928350010235058
01706000,94710000,0.5995952294498684
41606000,97541000,0.4991963903446416
41606000,70650000,0.4826279231164367
41606000,37512000,0.49168000057967426
41606000,18651000,0.41128668819758285
41606000,54636000,0.43289233048842823
37542000,37544000,0.5505055683179645
37542000,37508000,0.48149946733576315
37542000,37520000,0.5113006804737706
37542000,53505000,0.4526034294722236
37542000,37530000,0.5648328571802721
25609000,81630000,0.31265924441490484
25609000,93640000,0.3942592256701154
25609000,80603000,0.44775872667652744
25609000,25607000,0.5163931841031223
68725000,24706000,0.33215437773374246
68725000,11715000,0.27956431820406596
80640000,07503000,0.39724967070572226
80640000,80635000,0.5271593567242985
77510000,98606000,0.1939410098002683
34536000,34538000,0.5625274885146303
34536000,05528000,0.35315773182083743
53651000,80614000,0.529096882762825
82639000,82644000,0.20383104149721537
65539000,25648000,0.4887522805928229
83701000,99701000,0.23899526443373834
83701000,82701000,0.027383878664125363
83701000,91701000,0.3452110648770376
83701000,86701000,0.32400035809828676
83701000,90701000,0.5012859130321226
98659000,98646000,0.4834153546531429
98659000,98606000,0.28139986658611715
98659000,98633000,0.5338419242110609
33647000,33502000,0.5797931236226523
33647000,33521000,0.6414778391402444
33647000,33516000,0.5336734354703735
33647000,28516000,0.6651772549239011
33647000,33625000,0.7076913713550333
56643000,63629000,0.38168765801195575
56643000,42542000,0.4064467368922208
56643000,54657000,0.3181425487370783
56643000,56658000,0.4712640841456876
37701000,57504000,0.44953984770987315
37701000,89701000,0.6616822245205152
37701000,73701000,0.6619933387392761
37701000,42701000,0.8005083075784423
37701000,61701000,0.6121673879103215
37701000,66701000,0.555283977451236
37701000,28701000,0.6300988183544467
37701000,49701000,0.7458159970702064
37701000,87701000,0.6254702748382924
37701000,33701000,0.7582550043050326
37701000,94701000,0.7308725832149917
92653000,92636000,0.5139708695036569
92653000,36604000,0.43879085750397034
92653000,92602000,0.7624577654167923
92653000,92614000,0.4819894624067828
33619000,24633000,0.36437802036853395
33619000,61512000,0.49699153647685956
33619000,66550000,0.567664732254148
33619000,53611000,0.3645477576741124
53712000,36724000,0.31333166958864767
53712000,65532000,0.45790403357901927
07715000,07710000,0.17690728681524942
07715000,80621000,0.1159205016039492
07715000,80642000,0.12650823107047532
07715000,40316000,0.06730039454580602
07715000,45377000,0.06988900994170807
07715000,07712000,0.09618805381977828
07715000,27734000,0.0954091259352942
71819000,69624000,0.48148644820437525
71819000,71826000,0.3807497046431033
71819000,11811000,0.3361679772371818
71819000,71829000,0.2703574695394846
71819000,71818000,0.2328048354426878
71819000,71940000,0.31157989682093296
73644000,73648000,0.5317350704966864
73644000,73634000,0.5156171802399057
08612000,11527000,0.21584640650759934
08612000,76512000,0.18163514972364617
08612000,71887000,0.16201107211243057
08612000,87525000,0.24058424446509094
08612000,05557000,0.21535195380069425
08612000,19536000,0.19062885701326215
08612000,10549000,0.13812959381565185
08612000,10732000,0.21933712331652325
28534000,57514000,0.3738989064669203
28534000,65544000,0.36913782925992467
28534000,33704000,0.5015568846481759
28534000,28553000,0.5276595137034685
11542000,64548000,0.3610096784007225
11542000,11546000,0.502717148770101
11542000,47517000,0.36050041693422347
46566000,88628000,0.16266666196984897
46566000,46508000,0.3659804164653792
45926000,45373000,0.10912695908875895
45926000,45324000,0.1647077490931947
45926000,45911000,0.0519040745285558
45926000,45385000,0.07820421317403234
45926000,45910000,0.04012496713049182
45926000,45361000,0.08138436914490751
94514000,94546000,0.5469074096390669
94514000,57560000,0.33621659314432595
65503000,80644000,0.6263638070674635
65503000,65556000,0.5909044483377958
65503000,63637000,0.524394913340219
65503000,87648000,0.508025542320823
65503000,01608000,0.4552206582069508
65503000,81618000,0.4685830628879543
65503000,52658000,0.5581148383062814
70701000,89701000,0.6247900661571737
70701000,40342000,0.3704078246604213
11527000,11622000,0.3478100665066339
11527000,87525000,0.15594149343842817
11527000,19536000,0.26351075525705125
11527000,18643000,0.24439029646287025
65519000,65556000,0.551109184405164
65519000,81609000,0.5904917996794502
65519000,27513000,0.5343331186804431
65519000,53507000,0.5265038405491776
65519000,01620000,0.569932648440524
65519000,95635000,0.5960178175231043
65519000,50536000,0.6165313961934559
57557000,57503000,0.381975238339563
57557000,92645000,0.43153649276500616
57557000,92636000,0.5646191639262018
57557000,36604000,0.4689638487492587
57557000,92614000,0.4476116977179985
57557000,71816000,0.37599314349120766
57557000,92646000,0.581643714837514
57557000,92608000,0.4172762549714607
57557000,36638000,0.4839708836410798
81615000,99630000,0.0033788810902338744
81615000,10642000,0.014386445520038755
45357000,45324000,0.21197243511687622
45357000,40338000,0.0984052633266073
45357000,40306000,0.1065048929364378
45357000,40377000,0.17582065969093222
45357000,40330000,0.18361311233575617
45357000,45368000,0.12046021560935388
45357000,40311000,0.06323687543353322
45357000,40902000,0.17346172496833284
33540000,11558000,0.5015386115520827
33540000,01512000,0.5641102077229594
58701000,66701000,0.5551575776945108
58701000,27701000,0.40380387786562777
58701000,86701000,0.4538773635449508
58701000,87701000,0.5319061838757483
58701000,11701000,0.4535993175515906
58701000,24701000,0.5340880455330294
56603000,22526000,0.41927574443067545
56603000,54615000,0.40379685160408546
56603000,94535000,0.4313229398760461
56603000,54639000,0.44467740914536624
56603000,42542000,0.6509740760993799
56603000,42636000,0.5892605577893739
24706000,27717000,0.2726999314854142
24706000,40336000,0.24792933886719104
97513000,01626000,0.6072011622884551
97513000,70646000,0.5831553489817057
97513000,69658000,0.5395747357494839
97513000,73616000,0.5598332815710898
97513000,18620000,0.5083970057632432
12620000,85605000,1.2578079834431544e-08
98660000,77609000,0.31281918878761344
98660000,10554000,0.1519662207973124
98660000,71826000,0.19971255103719404
98660000,11811000,0.29700293500690694
98660000,76526000,0.23469263139481503
98660000,08614000,0.2959180799888854
98660000,25644000,0.4227559035238758
98660000,87523000,0.34450060711068464
98660000,10645000,0.4142630462948361
98660000,71818000,0.24235251299383
98660000,71940000,0.23035774128049483
98660000,71943000,0.21190554333312858
98660000,98631000,0.49160010665286547
40318000,40325000,0.11551320040413784
40318000,40306000,0.11923582241187118
40318000,40382000,0.17500432933787327
40318000,40902000,0.213984155497125
87620000,87626000,0.6141525944287382
87620000,69624000,0.38564509115421214
87620000,76526000,0.271564749810458
87620000,11550000,0.2763186580427751
92617000,41615000,0.31135805190105764
92617000,92636000,0.5886819972042224
92617000,65534000,0.4743457227292269
92617000,92618000,0.5045636908398833
92617000,36604000,0.44476816483548176
92617000,92602000,0.6143810107145893
92617000,92614000,0.6456850351825157
18658000,18604000,0.38953951807859893
18658000,18638000,0.4675682855046438
18658000,18653000,0.4625531236811854
44502000,10540000,0.36194956659728883
44502000,64548000,0.3441783073567712
44502000,98646000,0.3043535996163921
44502000,86621000,0.332664072962073
44502000,98633000,0.3220539361002975
80644000,65556000,0.5723247463154778
80644000,92642000,0.5418582155041323
80644000,63637000,0.5232758060512652
80644000,80614000,0.5548567538889808
80644000,33641000,0.5380778868685946
80644000,52658000,0.5436991572062282
80644000,92650000,0.5984547555388784
80644000,33627000,0.5014942996888514
65545000,65552000,0.3767853261879983
65545000,34626000,0.6504596852956489
65545000,53720000,0.446344461812113
65545000,17550000,0.5512315122076205
45373000,45353000,0.03226804190313507
45373000,45905000,0.030909203870259652
45373000,45338000,0.06243960401463954
45373000,45325000,0.03461990764990907
01655000,69636000,0.6003427835154704
01655000,01618000,0.5843644456944403
01655000,01607000,0.6860240301354422
01655000,01654000,0.590565158832502
01655000,01620000,0.541691788238431
01655000,01623000,0.5835099365536155
01655000,01636000,0.6855211684242222
19526000,28524000,0.11595100866712846
12701000,32716000,0.1827910044167064
05510000,10720000,0.47662134334338946
05510000,64550000,0.3407179252683321
05510000,05550000,0.46594634322861844
05510000,05502000,0.38851113177459523
57735000,36620000,0.12026226019039626
25657000,84640000,0.43063751876806816
25657000,08624000,0.5062612190123927
25657000,25605000,0.5964271285266413
33710000,34705000,0.3444076224950439
46704000,46746000,0.22474198428278225
46704000,41612000,0.1580966259077902
54650000,07554000,0.37394792101822444
54650000,94506000,0.615423998814254
54650000,07505000,0.50308790381996
54650000,54659000,0.3552730347514855
54650000,54632000,0.4575817580117914
54650000,54639000,0.7220349219428056
54650000,33620000,0.4429284755238371
54650000,18622000,0.5074684806778986
54650000,92613000,0.3869729530828627
64540000,30519000,0.30766156644093
64540000,44519000,0.21099995643569056
64540000,64536000,0.20297144005940712
64540000,87515000,0.2508101389213529
64540000,64504000,0.36815007305238945
94730000,24705000,0.5839334906555996
94730000,88705000,0.610260155771982
94730000,42715000,0.5438955261083865
94730000,37705000,0.5658821741833335
94730000,36735000,0.5116580980105306
30519000,44519000,0.21610119774969186
30519000,98612000,0.16623657291980162
30519000,30510000,0.2197700519449519
30519000,47519000,0.15254684431253684
25703000,05723000,0.49362358428599357
25703000,63650000,0.5660904509918323
25703000,53634000,0.4347042469215009
25703000,80727000,0.4292793745256366
85642000,94512000,0.12801340564249944
34614000,65552000,0.21490994378868525
37540000,37509000,0.4544510001025545
37540000,68532000,0.3293159051393635
37540000,68530000,0.301228870342391
37540000,37528000,0.4072366155147878
29715000,78715000,0.3160609511549555
29715000,40332000,0.2787398390433407
29715000,40352000,0.21243817786102945
29715000,17725000,0.28924210971541886
25638000,57503000,0.445807561264154
25638000,92645000,0.44196400988700746
25638000,69624000,0.36323103511018623
25638000,92658000,0.41641274741735734
25638000,08614000,0.33967835275676495
25638000,71816000,0.3780970695915363
25638000,69644000,0.3609740224252233
07503000,90605000,0.40803516140768553
07503000,97529000,0.48614049195124126
07503000,53619000,0.44135383387557175
07503000,73620000,0.3714700087757816
80613000,22554000,0.5362937613478073
80613000,65554000,0.5159721900717905
80613000,63608000,0.5134363620731791
01626000,80634000,0.5311173610702837
01626000,52634000,0.5304913019786761
01626000,01654000,0.6233699322651776
01626000,65553000,0.47131184588223607
01626000,97538000,0.5010491908578998
01626000,01512000,0.6486161675812006
33610000,73648000,0.5743666493350639
33610000,28551000,0.6817667704922438
33610000,75755000,0.5897256902016915
33610000,73616000,0.6365709778895626
33610000,88620000,0.5658080279122937
33610000,97535000,0.6168034898627259
33610000,22549000,0.6904520462720827
33610000,33531000,0.6435845248225612
57508000,57526000,0.5931031607932485
57508000,57522000,0.46149734560155814
57508000,33503000,0.5156262531657287
57508000,01620000,0.5352653342791498
05517000,27515000,0.369574343157185
05517000,54659000,0.33444873331290037
05517000,05540000,0.3185205742326745
45376000,45353000,0.02085921794182742
45376000,45920000,0.029498570471837866
45376000,45384000,0.014242084664376545
45376000,45334000,0.0215014005400176
45376000,40911000,0.019878165804233797
45376000,45381000,0.04651622513822786
22519000,24637000,0.7572551041181547
22519000,28510000,0.660311463820574
22519000,28551000,0.7239033857037956
22519000,97505000,0.6930132127862746
22519000,22517000,0.7943574520186629
22519000,66530000,0.6888119120319655
22519000,11530000,0.6363768338843504
22519000,22549000,0.7756003550449113
22519000,22512000,0.7105004541825336
22519000,33533000,0.6464565784621203
85615000,85620000,0.4319274769880514
85615000,85650000,0.6825867218422018
85615000,85654000,0.15186311594078958
85615000,85625000,0.5417022554532636
85615000,85632000,0.08856673364821521
45397000,45908000,2.8446667159449222e-05
57503000,92645000,0.457155286198714
57503000,92646000,0.5324523738548909
57503000,94518000,0.5308624283214572
57503000,57555000,0.4499323220698489
24705000,42715000,0.5250045852874504
24705000,97503000,0.4644010750435757
24705000,24703000,0.5289192744332265
24705000,36735000,0.5093573008501363
27717000,27711000,0.27422306608891334
27717000,27734000,0.1577306044381067
32546000,41603000,0.5347855999785271
32546000,57534000,0.6009494254493757
32546000,57516000,0.6042636847896322
32546000,57558000,0.5405377888689548
32546000,65537000,0.4782068071390851
32546000,70648000,0.5640611894286259
32546000,22540000,0.5570337444132093
32546000,65528000,0.4803482495308753
91603000,79615000,0.4705236943674611
91603000,24633000,0.3924022922955644
91603000,83645000,0.3649423412229943
91603000,01615000,0.5197829920770412
91603000,91601000,0.5970482301369295
91603000,91625000,0.4301445417329023
91603000,70642000,0.5265310445730994
81630000,93640000,0.5178214177013009
81630000,50634000,0.5579708744634796
81630000,25607000,0.5296833811544973
81630000,81627000,0.3565218574156673
81630000,81612000,0.28793634753478775
98656000,98601000,0.17307332204170017
98656000,98612000,0.18215564156233885
98656000,71933000,0.25538866920106956
98656000,98654000,0.4647637105737015
98656000,44522000,0.2498229201352969
98656000,98650000,0.22784464386179762
98656000,98639000,0.360703340724949
70646000,92630000,0.6610204030155775
70646000,70606000,0.5938498698597046
70646000,53641000,0.6108913377811354
70646000,97505000,0.6136760586662322
70646000,92612000,0.5641772014499759
70646000,36608000,0.679437085870149
01514000,95635000,0.40697692840833993
45903000,45372000,0.02222339544225237
45903000,45341000,0.015909910159999843
01624000,80614000,0.5831796771025012
01624000,01645000,0.4991308790126207
01624000,57548000,0.5009782763697725
01624000,01647000,0.5442021772846173
01624000,01649000,0.6808719497958033
01624000,18622000,0.5810314833593658
01624000,01628000,0.5502962236742435
01624000,86630000,0.5647972121875003
01624000,01653000,0.6050775549121563
01624000,33627000,0.5404440680563247
63603000,18638000,0.5489719204505175
63603000,50625000,0.5463040232021249
63603000,68510000,0.5209477577430173
53607000,53610000,0.6923077076364533
53607000,53627000,0.5589671453456101
53607000,80602000,0.5022446440223853
53607000,63623000,0.6187097638150446
69636000,69652000,0.5972357523701961
69636000,01607000,0.5826340465569173
69636000,01620000,0.5929498188943105
69636000,01623000,0.5511870060064237
69636000,01636000,0.5688077037142779
18520000,73604000,0.539440579452239
18520000,63607000,0.4400640405899309
18520000,63608000,0.4841576253152217
66710000,65763000,0.13902964303859083
66710000,28556000,0.16093308305390594
45353000,45334000,0.15877282771269624
45353000,45358000,0.042247528673368645
45353000,45924000,0.03161286413306076
45353000,45346000,0.033481960795743615
45353000,45381000,0.021578415962163932
70626000,65628000,0.500387226396768
70626000,79605000,0.6070843033358289
70626000,37512000,0.5022097917045771
70626000,75549000,0.5391670627567058
70626000,17550000,0.5767468315144088
70626000,73656000,0.4944837623085066
70626000,65528000,0.5321958050583129
65639000,01618000,0.6186206756754088
65639000,81627000,0.43681305015868227
65639000,95620000,0.4419567180832243
40302000,45360000,0.029020195765778536
40302000,40335000,0.03819892509262311
40302000,40323000,0.060562002409404674
40302000,45341000,0.013448382932425434
80650000,92645000,0.4393302012016241
80650000,99620000,0.254631469495212
78715000,17725000,0.32228206121026604
40910000,01539000,0.001663696873094998
40910000,40384000,0.009230931968073432
40910000,49510000,0.002076540753089038
44701000,99701000,0.18819531619685428
44701000,08701000,0.3554858949757246
44701000,77701000,0.07182104487822867
44701000,47701000,0.33879669774453325
44701000,30701000,0.32358402573086426
61526000,56659000,0.35830608043807394
85620000,85650000,0.5731476871195936
85620000,85654000,0.20605607062800677
85620000,85625000,0.39351530009218283
85620000,85632000,0.10801188036148006
85620000,94539000,0.4075719459700991
85620000,82636000,0.18801321029524526
46746000,50640000,0.299883581948935
46746000,46533000,0.16311918940580794
46746000,46748000,0.30351473712216787
46746000,46755000,0.12135032212146928
46746000,41612000,0.11085224263343837
19520000,56655000,0.322493001585051
68730000,95702000,0.4881641893626807
68730000,18725000,0.36441468924549364
68730000,34708000,0.34226918816893614
68730000,10775000,0.4269567663759081
68730000,68705000,0.6399761178939997
28512000,41603000,0.5444605514405545
28512000,61508000,0.6359299906103637
28512000,57558000,0.5968614543924355
28512000,80622000,0.6409786228898446
28512000,28528000,0.5505953908749914
28512000,53504000,0.5829169492143347
28512000,66541000,0.5629338780042589
28512000,63608000,0.5570449362463087
28512000,50652000,0.5513381986393083
41603000,61508000,0.5581864993514953
41603000,75734000,0.5982827107489164
41603000,57534000,0.6987648627627834
41603000,57516000,0.6895994947477067
41603000,92654000,0.5850716743782312
41603000,41609000,0.5363451201484993
41603000,86545000,0.4327188435945126
41603000,66541000,0.5425466480047071
41603000,66514000,0.6255970272948042
77505000,64532000,0.009244461303194115
89634000,80656000,0.5368950046236757
89634000,01647000,0.4966664756598375
89634000,18640000,0.46029438324277433
89634000,37516000,0.4652485412918221
89634000,33620000,0.5494062288545211
89634000,33623000,0.4938940841322721
87626000,76654000,0.3975048008883849
87626000,69624000,0.4119210555589179
87626000,87515000,0.2909874926588428
87626000,92614000,0.5086700622478789
87626000,11550000,0.32554640462180084
11622000,87644000,0.4182162222817869
11622000,50604000,0.4765232680253473
11622000,25628000,0.37969224129306467
11622000,33605000,0.373768404699305
11622000,63641000,0.38158257313441474
11622000,11544000,0.3806507396041685
11622000,18643000,0.29161883737794203
11622000,19546000,0.3536625898606515
77609000,44504000,0.17165416370529218
77609000,76515000,0.12864860981305132
77609000,10554000,0.10620270915455395
77609000,71943000,0.14981930811768113
61508000,94524000,0.5582971392039782
61508000,80622000,0.6076186421869053
61508000,41609000,0.5618064801557561
61508000,66514000,0.5283707419008148
46788000,53634000,0.35121591332278984
46778000,46572000,0.3506491548103011
54624000,28518000,0.5417116271217958
54624000,56642000,0.5059314416637645
54624000,89654000,0.5054634930435148
54624000,97558000,0.4739040382126819
54624000,33531000,0.5629412924827727
54624000,54653000,0.5264078547056609
54624000,61523000,0.570086805945429
01716000,32704000,0.43950325618283254
01716000,42715000,0.5574364729534909
65505000,10505000,0.169989808513588
65505000,10547000,0.20390508196587825
40314000,40332000,0.18945971517014035
40314000,40306000,0.35408827129209863
40314000,40377000,0.16983017277120263
40314000,40330000,0.2746982812945311
40314000,45368000,0.21268863866078128
40314000,40902000,0.2711454183744623
88624000,63630000,0.6092061351889446
88624000,80604000,0.6053145823382412
88624000,01654000,0.5888394117583754
88624000,28540000,0.6148402012088106
36724000,65532000,0.5453113879590078
41624000,46759000,0.43831085913676543
41624000,46776000,0.4249791807014848
41624000,66514000,0.6038540239011193
45905000,45324000,0.06482736597813765
45905000,45327000,0.032393755448192105
45905000,45338000,0.05292131101773294
45905000,45335000,0.006395013662838604
45905000,45396000,0.08785183495457821
45905000,45325000,0.03303715540801566
65556000,87648000,0.5671519246718191
65556000,80634000,0.5334793963488949
65556000,19516000,0.5712074678309476
65556000,01608000,0.5720525643507637
65556000,50625000,0.5777098876313853
65556000,37518000,0.5635245880916996
65556000,37520000,0.5367606364686877
92645000,92636000,0.46529279857153344
92645000,92658000,0.5494929461188762
92645000,92602000,0.5235784652410516
92645000,71816000,0.5135522402723448
92645000,94522000,0.5623967309032273
92645000,65532000,0.4190301383572027
92645000,92646000,0.5673232199034488
92645000,94518000,0.5030960124902263
89701000,73701000,0.5702243660595419
89701000,42701000,0.5297378335883915
89701000,49701000,0.5703414252103114
89701000,87701000,0.624940810064683
82607000,82730000,0.28479135208322454
82607000,25605000,0.20057712904295386
82607000,82715000,0.2392726672799234
82607000,82725000,0.2920221958629607
32525000,50517000,0.3809556092379382
32525000,01608000,0.45073711105237674
32525000,71522000,0.4182972643175725
32525000,37516000,0.3925238953429952
07554000,42515000,0.5176768071704289
07554000,94506000,0.43084788570929067
07554000,63646000,0.43305664734797145
07554000,07505000,0.47508024278941535
07554000,80605000,0.505054743213354
07554000,07544000,0.5340507495428881
07554000,01604000,0.4544677543405825
07554000,92613000,0.38712103831228045
40385000,40907000,0.21236290317444056
40385000,40316000,0.06335971123095985
75715000,65761000,0.34513677614892674
75715000,47517000,0.35659128834200815
75715000,46572000,0.42079099455113445
75715000,61523000,0.35099681178139763
45324000,45312000,0.07077445935156912
45324000,45396000,0.1831614985116297
93640000,25607000,0.5821562447442874
93640000,81627000,0.4138280411778142
93640000,81612000,0.30171265425974597
45911000,45923000,0.0396870894511934
45911000,45343000,0.05901289933092232
46759000,78532000,0.4101094540266085
46759000,63650000,0.49104765308583564
46759000,70648000,0.5555459475804947
46759000,46757000,0.5350278170019835
98658000,98644000,0.6377433992675527
98658000,98648000,0.615364365623377
98658000,98652000,0.6940787929979328
98658000,98604000,0.7163178974178684
45306000,45913000,0.1861418464314742
45306000,45362000,0.0024298734409890434
75734000,65547000,0.6659566466510543
75734000,57534000,0.7524457621822657
75734000,57516000,0.6258671969013675
75734000,94524000,0.5940195140686929
75734000,92654000,0.7100969476224221
75734000,92639000,0.6017335313436403
75734000,80622000,0.59265199605838
75734000,66514000,0.5961361348481968
75734000,65528000,0.6965408632390016
81657000,84640000,0.5096121557618541
81657000,69612000,0.6295775001948274
81657000,10540000,0.5915328705167294
81657000,50634000,0.5194171588202303
81657000,76546000,0.5186394647857099
81657000,25605000,0.7251236026041257
81657000,50658000,0.5115714000603605
45372000,45902000,0.054922757984477294
45372000,45388000,0.011471203958193033
45372000,45341000,0.02046018227274293
66554000,86504000,0.2900821721887318
07710000,40907000,0.0859084366847982
07710000,40316000,0.07868991067773763
07710000,07712000,0.12521047622681727
95702000,18725000,0.4253163092616916
95702000,19540000,0.4284023086550476
95702000,10775000,0.540537486397626
95702000,68705000,0.4446430394345247
56613000,07510000,0.4042348655699119
56613000,07522000,0.523542673123627
40327000,40332000,0.18187282423775988
49523000,81651000,0.12207806537425245
49523000,34512000,0.25233196309886846
07543000,18651000,0.41752404269233323
01652000,42515000,0.37561037047329393
01652000,01628000,0.45843084165538733
73648000,73616000,0.8842759872722552
57551000,27513000,0.5012203538266022
57551000,53507000,0.42863591599096135
65547000,70608000,0.6627483737420131
65547000,57534000,0.5881076063736943
65547000,41636000,0.49159966611440165
65547000,94524000,0.6262438914283679
65547000,92654000,0.7345231236636949
65547000,80622000,0.7202491558226015
65547000,92638000,0.5802431891199744
65547000,18614000,0.5562346861706651
65547000,70648000,0.6676766609255806
65547000,22540000,0.6317127659122914
65547000,75706000,0.6340289816933952
65547000,50652000,0.6832802128598164
45350000,45922000,0.002300159893326275
45350000,45331000,0.009321313215828516
40332000,46741000,0.18452289181484124
40332000,40381000,0.5439827697451398
40332000,40352000,0.4999249874350841
40332000,40382000,0.19486492492042357
40332000,45332000,0.18741300425686108
70608000,28538000,0.5559586924315308
70608000,92654000,0.5972522992456026
70608000,80622000,0.5354165116790012
70608000,41609000,0.5018108577730637
70608000,18614000,0.501889181155057
70608000,61530000,0.498982800335656
70608000,75706000,0.5000949021014768
70608000,50652000,0.5744806295233468
57534000,57516000,0.6706179524637198
57534000,94524000,0.6475688971276037
57534000,92654000,0.6633963935656175
57534000,65537000,0.5421214522054078
57534000,80622000,0.5946428414887256
57534000,22540000,0.6326839744681193
57534000,65528000,0.5693072688641773
57534000,50652000,0.5788161772981646
33707000,40353000,0.4675444733206203
33707000,01713000,0.5221036098876859
33707000,88705000,0.5277599557299552
33707000,36750000,0.5191569202420763
33707000,54710000,0.5770549845170575
33707000,24631000,0.48730298300967373
33707000,50712000,0.6650490748697451
92620000,45346000,0.005966931190580419
45369000,45360000,0.007843305773019598
45369000,45341000,0.013079253341532841
80621000,80642000,0.47713337234434017
80621000,84635000,0.1311950251570093
80621000,73614000,0.2269961811999606
84640000,98648000,0.4756666370272334
84640000,50658000,0.5046826050848334
84640000,25630000,0.4872079105423084
98601000,98606000,0.19146411391224188
98601000,98604000,0.23445786911882738
75548000,53507000,0.467928167935755
75548000,50536000,0.5976719028055407
75548000,28526000,0.3509212571553091
97507000,80642000,0.3905827009367821
97507000,18652000,0.5824230649177844
97507000,94541000,0.26303883438238734
97507000,37516000,0.48311204939933466
97507000,94502000,0.49646385729285286
76512000,71887000,0.2430180176067471
76512000,05557000,0.11483897123430542
76512000,10521000,0.32717305670922747
76512000,19536000,0.22215382090680547
76512000,10732000,0.12162034239313994
88628000,75533000,0.20829328945789005
28555000,37544000,0.5342676657410048
28555000,28545000,0.6688714197376757
57516000,22727000,0.5823424456959102
57516000,66541000,0.530362398053488
57516000,66514000,0.5917956723861828
45902000,45388000,0.06562525967650995
45902000,45320000,0.09211771092930279
45902000,45338000,0.10907884887330296
45902000,45301000,0.07666197655923898
45902000,45312000,0.19548113059751504
45902000,45359000,0.058464516798096944
45902000,45337000,0.08141673488498384
45902000,45341000,0.15172581988639236
45902000,45396000,0.09203039267226636
65763000,28556000,0.04174711749783426
73701000,42701000,0.6132229104728246
73701000,61701000,0.6705887343636886
73701000,28701000,0.6104520952672756
73701000,80701000,0.5631878456706524
73701000,33701000,0.7531975822653673
73701000,94701000,0.7505382078595049
73701000,24701000,0.6046682630366725
58558000,28514000,0.42822234631264106
58558000,58523000,0.5942258018913125
34524000,49538000,0.4895727791318566
45316000,45318000,0.004309139272670624
45316000,45348000,0.03706134314459372
45316000,45392000,0.00837092618508332
45316000,45381000,0.029114416004027893
45375000,45388000,0.009756679147160732
01603000,01606000,0.5643661890612706
01603000,01607000,0.5023971375289886
01603000,01636000,0.4924471958797886
79615000,70622000,0.42701399474750446
79615000,90620000,0.41909728962378584
79615000,53637000,0.460129816142357
79615000,70636000,0.4936133318462326
79615000,91620000,0.5636325170261162
79615000,73654000,0.4822491801093408
79615000,70642000,0.5606082172405318
18646000,63642000,0.6126897089440235
18646000,80634000,0.5417098324792581
18646000,63636000,0.4970999044354484
18646000,01512000,0.5850258164821359
45913000,45329000,0.027692460826758424
45913000,45362000,0.003882978070325462
45913000,40319000,0.0016591957895154236
40353000,54710000,0.43473797342964093
40353000,40381000,0.3412039673945344
40353000,46705000,0.3708441886262923
40353000,73715000,0.38598017791894534
40353000,46742000,0.5787393572050953
40353000,50712000,0.4844469196992849
63614000,63642000,0.5323696601192652
63614000,63636000,0.5662891289256493
58547000,86550000,0.47910573685531993
58547000,97535000,0.6058878323895259
58547000,58543000,0.6535481315785419
58547000,58523000,0.6643755681096755
45352000,40325000,0.09061065301706817
45352000,45364000,0.19346114933007696
45352000,45310000,0.20426678521413205
69658000,18620000,0.48453390716622624
53610000,87632000,0.6297460818971986
53610000,91610000,0.4414391112911682
53610000,53627000,0.5893206249061415
53610000,22512000,0.6219562133652149
53610000,33533000,0.6013817759485572
53610000,63623000,0.6821696273633007
53610000,34540000,0.47455049693930246
56655000,52644000,0.24909242760500322
66519000,66548000,0.5672477263716958
66519000,11511000,0.5868629397187503
66519000,66527000,0.5455383056503037
66519000,01607000,0.5601930186893816
66519000,56615000,0.5793628713927557
66519000,18656000,0.3823367031096447
66519000,22549000,0.6424738865397382
66519000,66550000,0.5749241287590777
66519000,34518000,0.39109984776504825
69616000,86609000,0.2193321259891995
69616000,01606000,0.28571327552079606
69616000,30510000,0.23086344374969509
69616000,84620000,0.22258647694426267
82730000,82708000,0.12635119723458899
82730000,82715000,0.16091470418889395
82730000,82725000,0.39122116293792625
28514000,58523000,0.5580441096467538
28538000,65628000,0.5255185583690201
28538000,92654000,0.6224464166440636
28538000,27709000,0.4595693818818428
28538000,22540000,0.5521088895869085
53642000,81621000,0.23268572841077295
53642000,01730000,0.2393981825848679
53642000,63623000,0.33455211597806755
80609000,57558000,0.5278629386327718
80609000,65628000,0.5114554560698219
80609000,80631000,0.7324778386503916
80609000,17610000,0.578967882794611
80609000,36750000,0.47241134391941386
80609000,80641000,0.6176852737911764
80609000,70628000,0.46723895832850093
80609000,89643000,0.5121883951322206
80609000,75549000,0.720663355721284
92642000,80614000,0.7298096084767451
92642000,22534000,0.5961625545174294
92642000,69628000,0.5461033096457807
92642000,92605000,0.6318395583860004
92642000,92629000,0.7613333709450026
92642000,65608000,0.5794607764654307
92642000,86630000,0.5783177742803378
92642000,92640000,0.7347115965552405
41633000,80628000,0.05133491101457081
41633000,46508000,0.14615298764577558
44504000,44516000,0.4963815794491002
44504000,76515000,0.1416267128308086
44504000,71933000,0.28266508529169593
44504000,44507000,0.25990594079061213
44504000,44522000,0.17581827549168239
81624000,65554000,0.4247668543571148
25732000,71878000,0.37114980918002877
27518000,87632000,0.5626301234161973
27518000,54610000,0.47280520962960704
27518000,27513000,0.49176656283952885
27518000,69628000,0.47890627956247955
27518000,86630000,0.5589960833093877
27518000,64508000,0.33033436584915915
28543000,58543000,0.45146313129348126
63637000,50550000,0.4567589949825535
63637000,56656000,0.4126079931791979
36740000,36735000,0.521480990733522
92630000,22554000,0.5402725603750962
92630000,97510000,0.6257290520347023
92630000,70606000,0.6146803849684259
92630000,37544000,0.6293321130952828
92630000,97505000,0.6584815831290866
92630000,36608000,0.6365836982525496
92630000,92650000,0.6320654535871321
87648000,81642000,0.49295040833317116
87648000,81650000,0.4643088952765524
87648000,80626000,0.4816923465475019
56609000,89657000,0.3449679642825349
56609000,61530000,0.42485374579264024
56609000,68508000,0.3464578114414659
22554000,97510000,0.5425697484243489
22554000,18610000,0.5779801980395481
22554000,37544000,0.5434850093942338
22554000,65554000,0.5615081406505595
22554000,65538000,0.6078972604152221
22554000,61530000,0.540024050407027
44516000,76515000,0.1364388345356025
44516000,71933000,0.2674863839201075
44516000,44507000,0.3619990017535556
44516000,44522000,0.1691683540075721
44516000,98639000,0.31104064995849406
57558000,32704000,0.5268461188582017
57558000,41609000,0.5749113690415744
57558000,28548000,0.6428007527288808
57558000,22540000,0.5950443524639516
10720000,64548000,0.3943099773293066
10720000,37520000,0.48240685215043094
10720000,37536000,0.38555217315082535
10720000,08509000,0.4048086077148757
11558000,28544000,0.47350311099296877
76515000,10645000,0.2835244318209746
92644000,22703000,0.5277318805193596
92644000,46776000,0.43425989766664735
92644000,53634000,0.3848409184132981
07539000,11710000,0.24684919497908672
07539000,89629000,0.3006179810426641
45922000,45925000,0.009815254683945942
45922000,45362000,0.00468657300823488
45922000,40384000,0.0009829633532303554
45922000,40319000,0.0018395606294527383
45922000,45367000,0.023608347773099017
65544000,41636000,0.482794487592172
65544000,28553000,0.4513633293519801
63642000,63636000,0.4831798479835613
63642000,18620000,0.5135962179903331
87644000,18728000,0.3997935906111566
87644000,11710000,0.31513868696248015
87644000,50604000,0.4649438819387459
80614000,80617000,0.5906734943712658
80614000,22534000,0.625676676607737
80614000,80656000,0.726683517140274
80614000,69628000,0.6024005020666509
80614000,01647000,0.6738522558886129
80614000,33641000,0.5263254846904035
80614000,92612000,0.5349379626538143
80614000,92629000,0.7229508938887352
97510000,70606000,0.5304736321500432
97510000,18610000,0.6718878650695178
97510000,07510000,0.6283684642893125
97510000,61530000,0.5665097076305786
97510000,50623000,0.5677010494866543
42701000,75701000,0.5625068537509678
42701000,61701000,0.7302809806004016
42701000,29701000,0.528225665763109
42701000,28701000,0.708639901987369
42701000,18701000,0.5573675189013629
42701000,49701000,0.7465264810746183
42701000,33701000,0.7231611104712803
42701000,94701000,0.724996254330278
80617000,22530000,0.4812578868240547
80617000,63646000,0.4887671338922599
80617000,97532000,0.4959938691946311
80617000,80656000,0.5207862805665942
80617000,80635000,0.6482574554961212
80617000,01647000,0.49227800310296016
80617000,89646000,0.6350283741520663
80617000,80605000,0.7097277636718771
80617000,92629000,0.5920454190552719
80617000,01604000,0.6082349055088982
97541000,70650000,0.4523262307395378
97541000,36750000,0.46420515266092394
97541000,70628000,0.49995058408288795
97541000,89643000,0.4500112857722583
97541000,73656000,0.510465424609508
69612000,10540000,0.5191589287934539
69612000,10532000,0.5458987091345606
69612000,50658000,0.528460528538657
46728000,46737000,0.41592624782142507
24637000,28510000,0.6734790875878626
24637000,63630000,0.6103371754550567
24637000,97505000,0.6352424332421122
24637000,22517000,0.6204906183308935
24637000,94548000,0.6501485624462328
24637000,33521000,0.6065427029762532
24637000,22549000,0.643801242981626
24637000,33533000,0.6156460587299566
95709000,27513000,0.44728621697921067
95709000,47526000,0.39422771573958526
95709000,10775000,0.4253638870429764
95709000,68705000,0.37351339603130607
95709000,65551000,0.40661003606627183
28510000,56631000,0.7059944832946029
28510000,66556000,0.5906756891683269
28510000,19516000,0.6411015463666507
28510000,28551000,0.7046321462165264
28510000,66530000,0.6118780824947755
28510000,33521000,0.6386847537706877
28510000,28540000,0.6948266183257309
28510000,22549000,0.7067905919339607
28510000,58523000,0.6279964052513849
92655000,92650000,0.5851399686028592
92655000,88656000,0.17188488725121875
22552000,37524000,0.5873460144584376
66548000,66527000,0.5408484464702257
66548000,66530000,0.6307603374233499
66548000,56615000,0.6068332579473609
66548000,66552000,0.5198498471027749
66548000,66550000,0.6297053154404207
66548000,49503000,0.4668561785919362
66548000,66509000,0.42382286252063855
96701000,96610000,0.0545639387057565
75544000,07548000,0.014849653178911392
75544000,94520000,0.07502523759432
76552000,57526000,0.2844503847769705
86609000,30510000,0.3821678124642416
86609000,76538000,0.2697659235833056
86609000,84620000,0.2312048950724213
45342000,45340000,0.035195218579419624
45342000,45941000,0.009837225368782447
89631000,42515000,0.4304728539391812
89631000,63646000,0.3767759190755323
89631000,89657000,0.3290932058319316
89631000,89646000,0.5753606277644293
89631000,80605000,0.4588961373852319
89631000,54625000,0.35040012145557353
89631000,54636000,0.41493345173571355
89631000,87628000,0.3855099507406892
98615000,98646000,0.2332072719151264
98615000,98606000,0.20325162647031322
98615000,08646000,0.13295658463023477
87632000,87636000,0.6831502722058155
87632000,27513000,0.6386425682524371
87632000,76546000,0.6190115265458467
87632000,19540000,0.6837753073298634
87632000,01620000,0.6437615569448931
87632000,95635000,0.6594869349106033
87632000,33531000,0.6808284260088561
70606000,37544000,0.5938228474503754
70606000,70636000,0.5640872439179865
70606000,65538000,0.5574358814661529
70606000,88620000,0.5253984511666199
70622000,24633000,0.4320348012887756
70622000,97529000,0.45027559310836884
70622000,46572000,0.4383269505271357
70622000,24625000,0.44144530097489204
70622000,70642000,0.5004792213143116
57526000,05550000,0.523249574100029
57526000,76546000,0.5932511352496629
57526000,25605000,0.5143974100138506
57526000,33503000,0.5176117361709753
57526000,01512000,0.5750928849202349
65732000,80657000,0.017013290006234756
92656000,92605000,0.5058350962520407
92656000,92612000,0.5722531961740386
92656000,61512000,0.48342156726226126
89649000,73616000,0.52835182238712
97544000,52644000,0.43956819641657485
22530000,97532000,0.47799135365911294
22530000,53637000,0.42457679456489505
22530000,89640000,0.40722815015671715
22530000,53619000,0.3808359024563136
22530000,73654000,0.439034317667869
54654000,54610000,0.45647708699948797
54654000,24603000,0.459662748034702
54654000,01541000,0.39266130681246814
94524000,92654000,0.5838209631739791
94524000,65537000,0.49173072881042884
94524000,80622000,0.6715948732491185
94524000,65554000,0.5589499374387624
94524000,92638000,0.550536738724728
94524000,22540000,0.5917661711387199
94524000,50652000,0.6656524424384894
80628000,01539000,0.007151196391394542
80628000,40384000,0.057108588508546394
80628000,49510000,0.008278831178937107
80642000,18652000,0.42011467699216043
80642000,63649000,0.3903693707607373
80642000,81651000,0.360427873572913
80642000,84635000,0.31921066396687114
40320000,40310000,0.08675619964862467
40320000,40345000,0.2938447709608052
92636000,36604000,0.5938105427982808
92636000,92602000,0.7015608687726721
92636000,92614000,0.7733333724942316
92636000,36624000,0.4698082739493866
92636000,92646000,0.7154994336400072
92636000,94518000,0.5256929382246652
92636000,36638000,0.6184185838833378
22727000,94740000,0.6841727133801027
22727000,88705000,0.5679519179991386
22727000,37705000,0.5444032576175833
22727000,65509000,0.6249794856863807
22727000,66514000,0.503298711222192
22727000,94710000,0.6663110551420154
32528000,95635000,0.2354435680150174
71887000,05548000,0.16947561838333586
71887000,05557000,0.10339040483902272
71887000,71878000,0.175382525686725
71887000,10521000,0.1590439283716282
71887000,19536000,0.23089838342191996
71887000,10732000,0.07748330771577881
28524000,95635000,0.28686871278539494
94740000,88705000,0.8072469699523156
94740000,42715000,0.6080551706981374
94740000,22703000,0.6159731796305977
94740000,50708000,0.3981186378915656
94740000,70648000,0.5743009966017081
94740000,37705000,0.6735759937370941
94740000,94710000,0.9094220186512042
22515000,36615000,0.5836523099596334
22515000,49538000,0.6354882302310354
22515000,33521000,0.5567366329958324
22515000,33625000,0.5780769118881448
83703000,90630000,0.1871882502161341
42515000,89646000,0.42798211481306714
42515000,80605000,0.48020887327261985
42515000,01604000,0.4540253072453717
42515000,87628000,0.3574310797388713
40325000,40902000,0.154939818976258
53708000,80743000,0.3681003629614529
53708000,18725000,0.5201329339359168
53708000,18728000,0.43314051265486936
98644000,30607000,0.12989765078155335
98644000,98648000,0.533749724500394
98644000,98652000,0.5890993812488445
98644000,81650000,0.4003069167019137
98644000,08650000,0.40910878279917046
98644000,98604000,0.6145441914136991
01713000,36750000,0.5767552618560265
01713000,50712000,0.5796241419605893
96634000,96702000,0.03305189201103247
96634000,96610000,0.04544035215798164
22536000,33529000,0.5217942305362369
22536000,28542000,0.5521058798946487
08709000,25714000,0.523660277761833
45931000,40394000,0.0037408430170852297
70650000,89657000,0.5254462210316965
70650000,42540000,0.5080384705645704
70650000,70628000,0.4743211807866019
70650000,54636000,0.42544610074327144
70650000,17550000,0.533226807426654
70650000,73656000,0.5838692258940664
32704000,08603000,0.45764526394215943
32704000,36735000,0.5497050905903973
32704000,63608000,0.4564379585626949
75701000,61701000,0.5508947232140097
75701000,28701000,0.5765718620138165
75701000,80701000,0.5609051575463765
75701000,50701000,0.5914794923817767
75701000,94701000,0.6709762472262139
56645000,37508000,0.4328417213908887
56645000,17542000,0.5601265680250557
56645000,40362000,0.15534572239486963
94546000,57538000,0.3890889210798338
94546000,92658000,0.4218896999468213
94546000,57560000,0.4580216827286757
94546000,94522000,0.5923180256992123
94546000,94518000,0.5739798062370011
37509000,68532000,0.40026106931690847
37509000,37536000,0.340720525618994
37509000,37528000,0.721627486585196
81622000,25605000,0.3264455470871327
81622000,93622000,0.5755190005504781
81622000,64512000,0.18030658545316128
40907000,40351000,0.12390936731634279
40907000,40316000,0.13854125811473633
40907000,45377000,0.07374455864224629
40907000,07712000,0.07279124248731982
80634000,63630000,0.6530359616856751
80634000,80610000,0.5855710280993667
80634000,36612000,0.5443887775044374
80634000,97538000,0.5715314336743552
80634000,81650000,0.5122037048902955
68526000,68530000,0.21619954189948812
68526000,68516000,0.434792074804482
18610000,18638000,0.5190005620566239
18610000,61530000,0.5811575279232207
18610000,33641000,0.5684088680500156
18610000,50623000,0.5253245907533896
25610000,25648000,0.5565937251190494
25610000,08509000,0.36887566138274597
44519000,98612000,0.17000341630593735
44519000,30510000,0.1948130642805313
44519000,98642000,0.08248584214989711
46522000,46737000,0.47118146045826803
46522000,46735000,0.28712818747740065
24633000,97519000,0.4223187475020664
24633000,97529000,0.4043200543655466
24633000,24625000,0.43475138511229117
50517000,50604000,0.3658551209768099
50517000,11544000,0.34248237457154485
65761000,45304000,0.07584375903022805
65761000,65760000,0.28103731359236656
65761000,91601000,0.2527819499062047
65761000,27711000,0.2174790261352562
87525000,11710000,0.24909747039634594
87525000,71878000,0.2258855538152929
87525000,71958000,0.17584557019652072
87525000,19546000,0.2723236599905647
88705000,42715000,0.5506475013662955
88705000,37705000,0.6739076240724012
88705000,36735000,0.530094377888946
88705000,94710000,0.7402331580510652
88705000,50712000,0.48596725091480814
65628000,34626000,0.7211223651682729
65628000,17610000,0.7328628396162057
65628000,70628000,0.6068759378230258
65628000,37512000,0.5280695883080794
65628000,46508000,0.42385745578913336
65628000,75549000,0.677941683221882
65628000,17550000,0.5620968253536462
65628000,73656000,0.5949381666598743
01621000,01512000,0.564457124424059
01621000,01653000,0.38138995609214565
18645000,18626000,0.15105678073079584
65534000,92614000,0.5154285741561795
99630000,93635000,0.010574280458240236
92654000,92639000,0.6060437583142091
92654000,80622000,0.6693051501170467
92654000,61530000,0.5861111409915418
92654000,37512000,0.5478944249902786
92654000,75706000,0.6400388269810705
11511000,11518000,0.5646922810186406
11511000,66530000,0.617204070867796
11511000,11530000,0.6370562291242183
11511000,19542000,0.5996825978356628
10540000,87636000,0.5911130922262454
10540000,10532000,0.6863323110050624
10540000,81609000,0.5188310958936062
10540000,76546000,0.6201598091223144
10540000,11530000,0.5914821715246912
10540000,64504000,0.3763199235807529
40338000,40377000,0.12541598327787407
40338000,40341000,0.11135587387136728
40338000,40376000,0.08016531749150894
40338000,40330000,0.33178912045209297
71948000,64532000,0.09966368751061001
71948000,71943000,0.13843408738770854
92639000,80622000,0.5687255240270306
81621000,81627000,0.33792408644522837
81621000,81612000,0.37140573488974393
85605000,12605000,0.000622339760578743
80743000,18725000,0.36221776531369426
80743000,80727000,0.3440021136605732
94552000,63649000,0.3641697679902722
94552000,37516000,0.3871407616285147
27515000,05540000,0.3169937945483223
27515000,11548000,0.41173843526834913
28518000,89654000,0.6136334721375554
28518000,75755000,0.6353721390068013
28518000,19540000,0.6304964837583262
28518000,97535000,0.6101999008418408
28518000,58543000,0.5459408745369243
28518000,50536000,0.6197201349335192
28518000,33531000,0.76123145192744
28518000,28526000,0.6220728144503334
94506000,07505000,0.5712352141230167
94506000,94535000,0.40795589241209146
94506000,54639000,0.5072223718752544
94506000,07544000,0.4226562085640254
94506000,42636000,0.47205035877737583
94506000,92613000,0.6314670299499919
69652000,05528000,0.38981673397861405
69624000,11811000,0.42004199891506644
69624000,08614000,0.44872090722465074
69624000,87523000,0.3733053596996723
69624000,10645000,0.3728823720822193
69624000,71816000,0.6407697628547783
69624000,69644000,0.5637581223305681
64548000,47526000,0.3639612043009767
64548000,10775000,0.35503533109585106
33502000,56631000,0.6531504722305287
33502000,68546000,0.577425537546718
33502000,28551000,0.6826059873114074
33502000,66530000,0.682199520911605
33502000,33521000,0.6060727285632163
33502000,33533000,0.6847004272714473
33502000,33625000,0.5937184753353414
33502000,68518000,0.5626978286992182
98646000,98606000,0.37681697362185457
98646000,98648000,0.3726601684045162
98646000,98633000,0.6156347582652268
45388000,45341000,0.052535678353295014
45388000,45927000,0.0023667958392187076
87636000,19516000,0.5742168234371223
87636000,10532000,0.6076649401214074
87636000,19540000,0.6555685377338873
87636000,11530000,0.603337679906437
63646000,80635000,0.4465378158213669
63646000,89646000,0.417343062789086
63646000,80605000,0.6287923456298428
85650000,85654000,0.1610239304815355
85650000,85625000,0.45302326898661804
61701000,66701000,0.5843330538958552
61701000,28701000,0.7618820806676637
61701000,18701000,0.5527077966413508
61701000,49701000,0.6619786127668028
61701000,33701000,0.6716603618910645
61701000,94701000,0.6989916122341727
61701000,24701000,0.6153810969193009
71826000,25644000,0.22695439351275631
71826000,71829000,0.2963906395599183
71826000,71818000,0.36833292256418
71826000,71940000,0.4144440875109403
71826000,98631000,0.267366184288305
63639000,63636000,0.47160820522714475
63639000,94548000,0.5151776402257594
63639000,80610000,0.5329303100238687
63639000,50634000,0.4803288017054324
63639000,80603000,0.5636299178160614
84701000,99701000,0.20621222064032863
84701000,91701000,0.3759377246087295
99701000,86701000,0.2571921516395014
99701000,90701000,0.15266867843365267
45340000,45311000,0.11086314956899666
45340000,45361000,0.044143016983384874
90620000,90605000,0.4687707374253625
90620000,91620000,0.4148076385019221
90620000,28547000,0.4525681101240031
90620000,90615000,0.3649304192139838
53630000,70640000,0.2853773031509955
07536000,50603000,0.3698745241702072
07536000,07507000,0.5913793286992356
01606000,76538000,0.3909152732229733
01606000,81650000,0.4210818660783634
01606000,95620000,0.3635072420452871
98612000,30510000,0.20081083278741
98612000,98642000,0.5217180628132377
98612000,98610000,0.2777544899648014
56631000,68546000,0.6477819225583902
56631000,28551000,0.7356851415245702
56631000,49538000,0.6301767012776636
56631000,33521000,0.6392122658404411
56631000,33533000,0.6520745452437482
18638000,65538000,0.47790035179252954
18638000,18640000,0.5498539338731503
64536000,69644000,0.26331101886997504
45320000,45301000,0.09311219045597746
45320000,45312000,0.17435448260880299
45320000,46748000,0.1923922027209153
45320000,40328000,0.058211774766116345
11518000,63630000,0.6208235229250989
11518000,80604000,0.5898897678199967
11518000,94548000,0.5445085548410686
11518000,80610000,0.5613362826152222
11518000,50634000,0.5678791688189189
11518000,11530000,0.6719655287887887
24635000,73634000,0.3475317521341514
18652000,63649000,0.3167135624062249
18652000,37516000,0.45014028822036734
18652000,94502000,0.46864534412518416
18652000,18620000,0.49973071726025825
54610000,89628000,0.45420742253460333
54610000,24603000,0.506696092172042
54610000,54608000,0.4839320376820762
84630000,84620000,0.3944197883423347
36615000,49538000,0.6161191924748642
66527000,66552000,0.7294978729694369
45329000,45925000,0.021842147525300802
45329000,45362000,0.012845846318501936
45329000,45367000,0.010243588935659728
45338000,45359000,0.04655488121907413
45338000,45396000,0.14406434486248695
19514000,66541000,0.3818011922227462
98606000,30504000,0.248010945036559
98606000,98633000,0.3770162409346809
45360000,40335000,0.02556858981817501
45360000,45341000,0.0112969460595135
64543000,30613000,0.11039889142157595
29701000,33701000,0.5573847691942675
91610000,65522000,0.15575243105084968
91610000,57524000,0.33828740485677106
18616000,01647000,0.4263389354745836
18616000,56656000,0.4078859333590434
40310000,40345000,0.08761817257655954
11546000,89654000,0.5191269957829384
11546000,75755000,0.5379613744704261
11546000,95635000,0.5690586752232106
11546000,86615000,0.48857880235303425
11546000,80602000,0.49551664440725546
94550000,94518000,0.4053802507216865
22535000,33617000,0.47644522553382257
22535000,36612000,0.5359735095001911
57522000,99605000,0.45406014445668696
57522000,84643000,0.13275309393110604
69701000,08701000,0.39674469403745494
69701000,71701000,0.4884843325306187
69701000,95701000,0.4415758198101155
69701000,11701000,0.42273245136537857
63630000,80610000,0.5790014687650812
63630000,28540000,0.6231435704075431
05548000,05557000,0.140426001694214
05548000,50638000,0.15036455536426996
57538000,57560000,0.5724993285575812
57538000,36648000,0.49739704016740877
57538000,57527000,0.45248652427461256
57538000,36624000,0.4214121248582194
57538000,94522000,0.5823638289110353
57538000,36617000,0.4523065394714292
57538000,57555000,0.3944274307775116
57538000,36727000,0.36002072486278963
07505000,33620000,0.4715609658948324
07505000,18622000,0.6184254275284621
07505000,07544000,0.714070613538357
07505000,11548000,0.4871584153747297
07505000,42636000,0.5210778724560695
07505000,92613000,0.5629668398153902
01650000,01634000,0.42320074891081566
01650000,01645000,0.44661702831321926
01650000,69628000,0.4798652996883835
01650000,01636000,0.5431198375260663
01650000,01541000,0.42665034197991814
71876000,71875000,0.40866764895372687
71876000,71958000,0.23413346393711543
71876000,71885000,0.1547290641170647
08701000,71701000,0.43272158692003887
08701000,27701000,0.5927636290107529
08701000,86701000,0.3376347208383675
08701000,47701000,0.45522417768365436
08701000,95701000,0.3501354596308469
08701000,11701000,0.43463722074975103
11811000,08614000,0.3407532495521892
11811000,71933000,0.329149404823535
11811000,87523000,0.44084641059320673
11811000,10645000,0.5210674242667829
11811000,71829000,0.3298007784298322
11811000,69644000,0.42766149439923157
11811000,71940000,0.374868250262491
11811000,98639000,0.4422501393820699
11811000,98631000,0.3683917694147499
01618000,01607000,0.7025013695105194
01618000,81650000,0.4389277976747618
05557000,19536000,0.1612067233039639
05557000,50638000,0.135694833751927
33617000,80603000,0.4623588991223918
33617000,63632000,0.43917736158746795
40334000,40390000,0.015360677427348444
40334000,40328000,0.027417304862967357
18728000,11710000,0.3590408406651283
53503000,46735000,0.254809835802709
53503000,50536000,0.2593455289933988
68532000,68514000,0.4500949131992493
68532000,68530000,0.6499990571933867
68532000,37532000,0.41257810161821545
68532000,37528000,0.39779381966662036
45916000,45302000,0.08379910112363217
33529000,68546000,0.5994962160819338
45311000,46780000,0.19248906427375978
45311000,46705000,0.262761535793609
45311000,45332000,0.1430945304602606
80631000,90630000,0.24229630706484528
80631000,12640000,0.3909574702937709
80631000,80641000,0.4885688845548162
80631000,75549000,0.5477801353397441
63636000,63602000,0.43807765166599466
40306000,40377000,0.2564327329929575
40306000,40348000,0.11400892703916944
40306000,40330000,0.31434794489689294
40306000,45368000,0.14345889290036348
40306000,40902000,0.25791187034126495
99605000,95635000,0.46970151974998636
19516000,01654000,0.6189920364951205
19516000,28540000,0.6769517284503485
19516000,19540000,0.6186952949149491
19516000,33503000,0.5805701169623155
19516000,01620000,0.5696463482578296
19516000,58523000,0.5684976693379354
19516000,86642000,0.5756734905680839
19516000,32534000,0.6229407239403202
36618000,33524000,0.3979017889693107
36618000,89629000,0.3951202013954294
36618000,41609000,0.5381594777157744
80622000,65554000,0.6687217733144093
80622000,92638000,0.5829842830251437
80622000,22540000,0.5691945832881463
80622000,50652000,0.7830638051437042
45318000,45348000,0.008790386064715836
45318000,45392000,0.0057374775970366505
45318000,45381000,0.10732253049206206
10532000,76546000,0.6440695302631138
37544000,01654000,0.6443591001241581
37544000,36608000,0.6196522988332788
37544000,37530000,0.5595162194441421
73610000,80602000,0.4292454625983899
73610000,58553000,0.2236030624369452
45328000,45323000,0.30441202504167
54659000,54639000,0.36870803992235235
54659000,30613000,0.12448031375096723
52634000,80626000,0.4150228093235261
56642000,89654000,0.5462972444468233
56642000,97555000,0.49656014876995286
56642000,61512000,0.47627913630236307
56642000,54653000,0.5223699173743087
36701000,71701000,0.4387471101972035
36701000,80701000,0.5442434868935709
36701000,50701000,0.42797358732150226
34708000,68705000,0.5408016115616008
22526000,42636000,0.5291787894486364
27510000,80618000,0.010282836843053169
27510000,90640000,0.07232437307853373
27510000,80630000,0.019541580396220667
97519000,97529000,0.5550193927319703
97519000,73636000,0.5119490290837828
97519000,97532000,0.5588435637493486
97519000,70636000,0.4784248042514957
97519000,73634000,0.4552650774219819
53617000,80610000,0.5153781418107044
53617000,05502000,0.4301223514365375
91701000,90701000,0.2520310986135607
90605000,97529000,0.4461222473389767
90605000,91620000,0.3590040578418282
90605000,40387000,0.11777953487589983
99620000,76526000,0.39891341106919936
99620000,08614000,0.29153055888170387
99620000,10710000,0.07804147023645179
99620000,10549000,0.3371360415654271
89654000,68546000,0.5669103523239696
89654000,75755000,0.6096372280111043
89654000,50536000,0.5668907108842954
89654000,33531000,0.627216531164396
89654000,28526000,0.4988976604024221
89654000,65551000,0.4809421018934559
89613000,66552000,0.40439623390892815
89613000,33531000,0.4244011789742729
63629000,54632000,0.499392857270107
63629000,80656000,0.49963533462000115
63629000,42542000,0.4562015376820369
19528000,41627000,0.24966098276261794
68546000,28551000,0.7102289517200953
68546000,97535000,0.6352313025807054
68546000,33531000,0.6479569717907385
68546000,58523000,0.5660202622424616
68546000,68518000,0.7529392850128429
93635000,80618000,0.010601318926487724
93635000,80630000,0.04104500204678725
46741000,45331000,0.14949097627811167
46741000,45312000,0.08162992248336631
46741000,45337000,0.25473275178302696
46741000,45332000,0.270287144590257
46741000,40328000,0.159770755235639
97529000,73636000,0.4516265059603084
97529000,97532000,0.4885543693349346
97529000,70636000,0.48180057026900946
97529000,73634000,0.47631296977860055
11710000,71878000,0.24199605765781862
92658000,36648000,0.49982208563846764
92658000,92602000,0.48397375897696965
92658000,36624000,0.44885328896745896
92658000,94522000,0.5683777478333614
92658000,92646000,0.6342810329421762
92658000,94518000,0.5924722756755527
92658000,36638000,0.4805759125080871
32716000,32728000,0.20376698875112084
96702000,96610000,0.1329721665672621
33524000,61530000,0.4485782569032266
33524000,34705000,0.4250290329363368
40323000,45301000,0.05038428260046146
40323000,40328000,0.09433133339167106
40323000,45396000,0.06073055076888842
73604000,73616000,0.5570906359454886
73604000,63608000,0.47013717169580416
81609000,27513000,0.5670959519981366
81609000,05550000,0.5333141326754869
81609000,76546000,0.6196739706103587
81609000,01620000,0.5727754312462642
81609000,95635000,0.6444154007873293
81609000,50536000,0.5595572635624616
81609000,08509000,0.43014679403475276
42715000,37705000,0.7485221054088848
42715000,36735000,0.6356032611381649
42715000,94710000,0.6057353709293015
53641000,92612000,0.5976963426385253
53641000,50623000,0.5914620823790551
53641000,63623000,0.6942691545911072
53641000,92650000,0.6048585609821221
53641000,92640000,0.5446810487994873
01607000,97558000,0.4931351421487645
01607000,33531000,0.6229222314328774
01607000,01623000,0.5712140445010853
01607000,01636000,0.5343345268460625
01607000,54653000,0.5436067032416284
50550000,80639000,0.334150957511191
50550000,33623000,0.4993127858078823
50550000,11544000,0.46303793796498854
01608000,18640000,0.47551011098996576
01608000,01649000,0.4518485359600605
01608000,01653000,0.5108014434385405
87515000,30510000,0.26041509471950014
87515000,47519000,0.261366231466081
87515000,87510000,0.29373388001219153
87515000,86504000,0.3383775014598089
81651000,84635000,0.24806124720997674
89657000,42540000,0.47448727795953405
89657000,54636000,0.4842662722379432
92618000,65554000,0.6555454819660678
92618000,92638000,0.592221459109711
92618000,80641000,0.4879294682371816
92618000,22540000,0.5529594508029807
92618000,50652000,0.5207734705459555
65554000,92638000,0.5489363515325053
65554000,50652000,0.6644749554486188
40377000,40348000,0.12650968105129562
40377000,40330000,0.27678344256576004
40377000,40902000,0.2107170443660349
50604000,25628000,0.35728276471901566
50604000,32740000,0.18402627170390734
50604000,63641000,0.42528852235606684
50604000,11544000,0.4069403207292024
28551000,66530000,0.736196282903594
28551000,22549000,0.7651772485623517
28551000,33531000,0.7006398016591744
28551000,33533000,0.700480564385526
28551000,68518000,0.7111461374956606
89629000,92601000,0.3440140578690043
89629000,92628000,0.29049219684847083
89629000,53504000,0.4199196411739345
89629000,63641000,0.3824980325088095
89629000,11544000,0.42708827175248476
97505000,22549000,0.664666126986848
97505000,61512000,0.5390905824412409
97505000,36608000,0.5675783124857111
97505000,63623000,0.5748892548485214
73636000,70636000,0.5144466370679145
73636000,28547000,0.4545974681659875
73636000,73634000,0.4351399524594335
73636000,73654000,0.4704037829703534
45301000,45312000,0.32474161785413
45301000,45923000,0.11359986741024923
45301000,45367000,0.04941759952207918
37508000,37506000,0.3889345303589187
76526000,08614000,0.46200260729678455
76526000,25644000,0.24164275386738984
76526000,87523000,0.2879701290303473
76526000,10645000,0.3982884500573864
76526000,71816000,0.3746244460003728
76526000,69644000,0.4170773509536705
85654000,85625000,0.21493387384801504
85654000,93622000,0.2343547918328817
83645000,91635000,0.3521785178177808
80604000,80610000,0.5635603471625069
80649000,42540000,0.4010348376862375
80649000,80635000,0.46368984656757456
80649000,80641000,0.5487353927721624
01634000,71522000,0.4646051558441926
01634000,01645000,0.49017964338438624
01634000,56656000,0.3974661565930163
01634000,01628000,0.5160933600154499
97532000,53637000,0.46274136536444976
97532000,70636000,0.5426178804999121
97532000,18651000,0.5858738221936649
97532000,53619000,0.4904639602769935
45920000,45392000,0.025417169889988534
45920000,45381000,0.04392548309761683
45920000,45908000,0.014558962538026384
45920000,45319000,0.040179512812731966
50625000,01654000,0.656965867486489
50625000,50642000,0.5802329526061055
50625000,11554000,0.5744290137661975
50625000,87612000,0.5515460897578027
50625000,36608000,0.5696350546109588
22517000,66530000,0.5476457012054392
22517000,22539000,0.5382705577228393
22517000,22512000,0.6040244348911146
08614000,25644000,0.30252577060491476
08614000,87523000,0.3350409513239269
08614000,10645000,0.5068829595149557
08614000,71816000,0.5296067283482773
08614000,69644000,0.3935686250393189
07510000,07522000,0.5262297937063066
07510000,50623000,0.5066426846246054
92633000,92638000,0.5316763209618451
92633000,22534000,0.5365578861342414
92633000,80635000,0.4705004557355585
92633000,92605000,0.5119141127261287
92633000,92612000,0.718692275345932
92633000,92640000,0.5174887959424401
34626000,17610000,0.6848857972547939
34626000,36750000,0.5467126068688724
34626000,24631000,0.5753337581501136
34626000,70628000,0.5582137344969269
34626000,75549000,0.6686558155607488
34626000,17550000,0.5912364614112684
34626000,73656000,0.608712869310446
27513000,53507000,0.6220714381461594
27513000,05550000,0.5444638762379028
27513000,76546000,0.5688806750544915
80618000,90640000,0.0738318078974284
80618000,80630000,0.22508440683296096
25542000,11554000,0.33970654520344673
94548000,19542000,0.5495715056051274
94548000,94539000,0.368448407440764
66530000,53627000,0.570260131633729
66530000,22549000,0.6768348841624755
63650000,22703000,0.580355902091618
63650000,70648000,0.6381686780002909
63650000,46757000,0.5425340983432008
75755000,53507000,0.5729705556129259
75755000,97558000,0.5800864545764424
75755000,88620000,0.5755324889152389
75755000,50536000,0.5660131402315186
75755000,33531000,0.7044295909304162
70644000,36750000,0.5373220671860484
70644000,53720000,0.5581905670328322
70644000,24631000,0.6312940146869327
70644000,79605000,0.5121649698555703
70644000,89643000,0.5153695780043345
70644000,17550000,0.5494208186300975
70644000,73656000,0.5040016226661099
17610000,24631000,0.5220576017322288
17610000,70628000,0.5838919967800555
17610000,89643000,0.5058281393185792
17610000,37512000,0.5269256883083879
17610000,75549000,0.742001083038289
17610000,17550000,0.6446866371001865
17610000,73656000,0.5625743833561626
25745000,25628000,0.41034216947102886
25745000,36620000,0.36256452590330107
81642000,76538000,0.3417377370632596
81642000,52658000,0.3813780695569261
81642000,81650000,0.4566354067417308
81642000,84620000,0.34232415795562965
81642000,80626000,0.5868027945982542
53637000,70636000,0.483626935904961
53637000,18651000,0.5460663688776174
53637000,53619000,0.4270154267604283
53637000,73654000,0.437160022554898
53637000,70642000,0.5716623440313037
37518000,37520000,0.6936797564609324
37518000,37536000,0.5435641451211416
37518000,37524000,0.7394139460556994
37518000,37528000,0.44263631590776037
37518000,37530000,0.626848200601909
01539000,40384000,0.0037079882393523996
01539000,49510000,0.09740958482979584
08624000,05550000,0.4733905674017608
08624000,25605000,0.5258940794742198
98648000,98652000,0.5608474230666736
98648000,98604000,0.5005712164495474
22509000,22549000,0.5903806213001472
56615000,66552000,0.407748340514636
56615000,66550000,0.46941958975739895
27705000,49538000,0.15206692959385298
27705000,26701000,0.009052390702433926
45374000,40913000,0.004111319739913143
40351000,40336000,0.15125992790565024
40351000,40340000,0.1601994257845244
40351000,40382000,0.28122067744306956
92601000,53504000,0.49402061828157773
92601000,63641000,0.41947528029333403
25644000,87523000,0.35502659518232266
25644000,10645000,0.42725957021543004
25644000,71818000,0.3004586589831835
25644000,98631000,0.3092372429422425
82708000,82715000,0.38919234374726125
82708000,82725000,0.23336482695748478
05540000,01541000,0.3018118619486392
80610000,50634000,0.5804041040771882
80610000,80603000,0.5524230314467964
80610000,25605000,0.5382809022843095
41609000,53723000,0.5225979466750617
53627000,53625000,0.6384489648791035
53627000,11530000,0.5829393100901057
53627000,33533000,0.6375066043598467
53627000,63623000,0.5775965326041017
01654000,28540000,0.6103023301176794
66701000,28701000,0.6034084538271511
66701000,27701000,0.5561280117113087
66701000,49701000,0.6822638366364324
66701000,87701000,0.5801621257440498
66701000,33701000,0.589224841675348
66701000,11701000,0.5510232621707106
66701000,24701000,0.6814356975203628
71522000,22534000,0.5677562229064013
45925000,45362000,0.029972752710589044
45925000,45370000,0.01747930483134143
45925000,45367000,0.06369534382519276
47526000,47515000,0.39862301510502296
47526000,47517000,0.37506966453644236
71701000,27701000,0.45961695407206443
71701000,11701000,0.3986739018118573
53507000,47517000,0.4543092143510302
53507000,50536000,0.5892800077477892
53507000,28526000,0.423850046221847
65553000,53652000,0.403859944164505
40341000,40376000,0.05382897482231588
50634000,50658000,0.489890924614483
50634000,11530000,0.5945462806926278
33521000,33516000,0.631471664747955
33521000,33625000,0.6966451378771915
80603000,25607000,0.5164736110317737
57513000,81627000,0.3214863074341575
80657000,73656000,0.1344654026444178
25640000,80635000,0.4300481281485551
25640000,94535000,0.3577463947506112
71933000,87523000,0.2863595088649971
71933000,44507000,0.2739194531660065
71933000,10645000,0.3846457186039219
71933000,98654000,0.42534163082792
71933000,87512000,0.29830743297977785
71933000,69644000,0.36799494645646685
71933000,98650000,0.252260746674356
71933000,98639000,0.6194200386263033
01615000,97558000,0.4719897656317977
01615000,89640000,0.3975320388779876
01615000,66509000,0.42084854473959943
01615000,73654000,0.42706641992134314
01615000,70642000,0.47625443325157135
70636000,70642000,0.6074507168198241
46709000,46533000,0.1193145813846468
46709000,45941000,0.06325958604525153
28540000,33503000,0.6251326762638246
71955000,40358000,0.01459141681550021
45385000,46716000,0.08737100311569256
45385000,45359000,0.07032502944750603
01645000,57548000,0.4732929241431317
01645000,22534000,0.5604613154020698
01645000,33620000,0.5902851201324366
01645000,01649000,0.48028187880572715
01645000,01628000,0.4974458499669649
92638000,92605000,0.479410270877474
92638000,92610000,0.47677123351384193
92638000,50652000,0.6388325751172701
42540000,89643000,0.48779553722542457
05550000,76546000,0.6087283039180243
05550000,01512000,0.5369427206404033
76546000,95635000,0.5847163234700753
71878000,10521000,0.17936768434437156
28701000,49701000,0.6980374801941961
28701000,33701000,0.6046265463466561
28701000,94701000,0.687716150007217
28701000,24701000,0.5986942043105054
40376000,45941000,0.01963129735560342
46716000,46748000,0.19430229115695363
57548000,18622000,0.5074628047658708
57548000,01628000,0.42968783822640827
40316000,45377000,0.06939290625792588
40316000,07712000,0.07760091571679352
57560000,36648000,0.4613051004629109
36750000,54710000,0.4818092427404813
36750000,24631000,0.5512797247060967
36750000,50712000,0.5948752456308933
19540000,97535000,0.6334185956312463
19540000,22549000,0.6442472001021319
19540000,33531000,0.7235515737625657
22534000,69628000,0.5665213293676251
22534000,33641000,0.5483711460535281
22534000,01649000,0.5729200351188461
22534000,92629000,0.6320508668568329
22534000,65608000,0.6007783308543423
22534000,86630000,0.5883261103747877
94541000,84635000,0.1462365195461607
97558000,97555000,0.6367473661197565
97558000,54653000,0.5335618815510136
36604000,36648000,0.45075708406489073
36604000,92602000,0.6044730463681567
36604000,92614000,0.5356723311711602
36604000,94518000,0.4970581581530984
36604000,36638000,0.5488850739181046
30510000,76538000,0.29644501435513715
25605000,25607000,0.5088173548177681
30824000,10642000,0.016685011376543164
40390000,40908000,0.005063377125892091
40390000,40337000,0.009989926350539611
79630000,79633000,0.16616574354396627
36612000,53505000,0.5054617416037172
36612000,18653000,0.5206622551029969
54632000,54615000,0.4338604203390822
54632000,54639000,0.5733920269938505
54632000,42542000,0.46720634245148135
54632000,56658000,0.4735661121512435
54632000,01628000,0.4281669879828461
22703000,70648000,0.6239089923204915
22703000,53723000,0.5936813800831873
22703000,46757000,0.6546349985402327
22703000,94710000,0.6328894933785753
41621000,45323000,0.024719809975292852
27709000,12625000,0.17388628620689475
27725000,40381000,0.24829402398915465
27725000,11715000,0.3963816697068118
40342000,40381000,0.337314250374451
46776000,46757000,0.6333218333825809
36648000,36624000,0.6841260652907132
36648000,94522000,0.4228045083224804
36648000,36638000,0.5029380528487579
18618000,80602000,0.2915893423581093
80656000,01647000,0.6625565087119268
80656000,94535000,0.6082312825909374
80656000,80605000,0.5159597357084373
80656000,18622000,0.5726525322216736
80656000,92629000,0.6499591406685397
80656000,42636000,0.5766573722359007
54615000,42542000,0.47733991319933344
54615000,11544000,0.35067705295164986
25604000,25628000,0.35579654134672567
10555000,65551000,0.25731689419997256
81618000,53505000,0.4529340315956711
57527000,36617000,0.3131499136618952
57527000,57555000,0.33237313506085336
53625000,53611000,0.41819769386497035
46735000,94520000,0.07412468273926763
18614000,50652000,0.5188014151816149
33503000,01512000,0.5671885814180009
10505000,10547000,0.2679419124443974
10505000,08650000,0.32893659948062004
87523000,10645000,0.5117655957408367
87523000,71816000,0.3766784193026284
87523000,69644000,0.42083671684383794
87523000,71940000,0.35183020398594583
87523000,98639000,0.3782826375459972
87523000,98631000,0.40991790029470665
45331000,45337000,0.11547378521998597
45331000,45332000,0.16633644865537398
44507000,98639000,0.29164659641920637
98626000,87510000,0.22195043866177494
40384000,40319000,0.006852292076847714
40384000,49510000,0.005679908811536132
37520000,37536000,0.6040274697999451
37520000,37524000,0.501644890228635
37520000,37530000,0.6076591602967508
90640000,80630000,0.12171706682203445
90640000,96610000,0.05811454176762749
71875000,71958000,0.47733095506820444
71875000,71873000,0.20049917846396564
71875000,71885000,0.17143209368436937
54710000,24631000,0.48341543740839943
54710000,11715000,0.42043680249562393
54710000,50712000,0.5157331322590943
92602000,92614000,0.6569537918432555
92602000,92646000,0.7283795802245884
92602000,94518000,0.5697658936048837
69628000,01647000,0.47541195430063776
69628000,01636000,0.5136456476180103
69628000,01649000,0.5035559378741542
69628000,65608000,0.6579179452891066
69628000,63619000,0.6168876403913308
25607000,81627000,0.48163924886475973
80635000,80605000,0.5311735906213216
80635000,92612000,0.4858272159550292
80701000,18701000,0.601812148869567
80701000,50701000,0.6229519771564636
80701000,94701000,0.6072328291345838
88620000,22512000,0.5651657103994818
40395000,40337000,0.04577286970327086
40395000,40387000,0.11089599243967015
40395000,58540000,0.11150387913473798
92614000,92646000,0.5770510060319293
92614000,71872000,0.26805377560634125
92614000,36638000,0.45059547636473885
70648000,22540000,0.6019129118718655
70648000,94710000,0.5586061277487854
89628000,63619000,0.48279836030288953
40348000,40330000,0.19042795402762955
40348000,40382000,0.20863147055727457
40348000,40902000,0.2014019991662844
24631000,79605000,0.552601100135049
24631000,37512000,0.4858537490428883
24631000,50712000,0.4697582043772713
87510000,47515000,0.20941933808993385
87510000,86504000,0.25903909026985333
61530000,68510000,0.5359155106147562
53505000,80602000,0.5474736297470396
57525000,57559000,0.3927248206490474
45312000,45923000,0.09639622782305378
45312000,45921000,0.03297295115865779
45312000,45359000,0.07292106096296196
45312000,45337000,0.09745316717435415
45312000,45368000,0.1481597144572791
45312000,45396000,0.08290092019944825
01620000,95635000,0.7201980639410477
01620000,01623000,0.6574584371011374
01620000,01636000,0.557452532862647
05502000,05528000,0.35768355564999504
05502000,08509000,0.4010438581343544
10645000,71816000,0.4509704160541876
10645000,71829000,0.34762174921689626
10645000,69644000,0.4662500852944935
10645000,98639000,0.44229344920311475
10645000,98631000,0.39246565210433015
80727000,25714000,0.3520354583306905
80727000,95708000,0.38544059013767507
98654000,44522000,0.3024903164416397
98654000,98650000,0.3446022207992299
98654000,98639000,0.5623918289514301
97535000,58543000,0.6468354556415167
97535000,33531000,0.7276841777538477
97535000,58523000,0.7002992732299453
50658000,37524000,0.51947586312604
36624000,94522000,0.4732528827726699
36624000,92646000,0.5447856723582792
36624000,94518000,0.4970214782737123
36624000,36638000,0.5522299818837686
36624000,73622000,0.2967216147031949
17542000,22540000,0.5408872021860592
40381000,40352000,0.5226017969795506
40381000,46705000,0.28381863161938936
10521000,19536000,0.23621937573798563
10521000,18643000,0.39003109280093146
10521000,50638000,0.1688693929861947
37536000,37528000,0.39474627698546383
80641000,70628000,0.5132307063843728
80641000,75549000,0.5676615863762378
27701000,86701000,0.4343169929795585
27701000,87701000,0.5523596004386178
27701000,47701000,0.4180532026120366
27701000,11701000,0.5142073219360657
45923000,45302000,0.03389278518359836
01647000,33641000,0.5359816408151135
01647000,01649000,0.5434234583993007
33534000,33605000,0.6025979090240869
33534000,28544000,0.39019510906875154
33534000,18643000,0.39818281616537465
82715000,82725000,0.34909511172448005
28548000,66541000,0.5018092125606051
10775000,68705000,0.3989331983792571
50603000,65546000,0.5620231762305543
50603000,07507000,0.358176455557813
75533000,12605000,0.026824805969721293
81720000,32740000,0.08607776209176735
81720000,10549000,0.08136602174103684
81720000,10732000,0.14106673058568966
79605000,89643000,0.47743744292851065
79605000,73715000,0.4926347880089859
79605000,17550000,0.5473178484206458
79605000,27503000,0.5040322010243651
18640000,68514000,0.4445980847278223
18640000,56658000,0.46223745005574396
18640000,42527000,0.32381869606688013
18640000,86630000,0.6110018013834067
45361000,45323000,0.06572711631350309
46780000,40352000,0.2083787419001601
46780000,46705000,0.2899868337618351
46780000,46742000,0.33315823539764317
46780000,45332000,0.24265589247474023
98642000,98610000,0.34637931726785987
70628000,75549000,0.5425313328576363
70628000,73656000,0.5771271930356089
71816000,71818000,0.39074554394719974
71816000,69644000,0.5217846259442561
71816000,10525000,0.24543501504655194
94522000,92646000,0.513294147841687
94522000,94518000,0.6775308566313305
94522000,36638000,0.4143022450649973
97538000,73620000,0.41565594804991185
80630000,96610000,0.03874727808516539
58543000,58523000,0.583490717430982
65532000,87512000,0.31819493974631174
65532000,71818000,0.3240403417080258
65532000,36727000,0.34511819660060106
33650000,33641000,0.5288668131088747
33650000,33623000,0.6573009307882441
33650000,41627000,0.46201934418296037
33650000,33627000,0.5589056988588271
50642000,11554000,0.49790108443316017
50642000,07522000,0.4748245889662408
50642000,50623000,0.5008918903237736
45921000,45302000,0.010273521399864392
89640000,54625000,0.4800430250089368
22540000,50652000,0.5972527209756144
71936000,69644000,0.25590165465897774
47517000,61523000,0.33725120293470484
28516000,33625000,0.5168949513127578
45348000,45381000,0.017356548504089762
46572000,46552000,0.5180706871161488
95635000,50536000,0.5998749709190201
95635000,36608000,0.6025566795505087
65546000,07544000,0.41238086619054204
89646000,80605000,0.5231776629921806
89646000,54636000,0.45570511981908063
89646000,01604000,0.6242065525662436
89646000,87628000,0.41763333697961075
98652000,25630000,0.4116554954747943
98652000,98604000,0.6144198198073813
22549000,33531000,0.6438651871191583
22549000,22512000,0.6616665120139416
92646000,94518000,0.6756154302552001
92646000,92608000,0.5717830432042725
92646000,36638000,0.586391076678777
07541000,94518000,0.4786831092322314
37705000,36735000,0.5483809594773275
37705000,94710000,0.6635353706800929
45384000,45368000,0.15818878636264921
33641000,33623000,0.632356296010828
33641000,01649000,0.5472868525209225
33641000,92629000,0.5436051727537463
33641000,65608000,0.5177380876872117
76503000,93610000,0.20648371885547398
76503000,93638000,0.17215074149675766
76503000,93658000,0.23914772572959828
50536000,18624000,0.3957958753699458
97555000,01636000,0.47746640004320884
97555000,63619000,0.5681703780048049
18701000,33701000,0.5996602894874148
18701000,50701000,0.49348612000705777
45334000,45392000,0.022838705081194566
45334000,45358000,0.014892770218724325
45334000,45924000,0.06032040304339729
45334000,45381000,0.05845053489684377
28547000,24625000,0.5512783787663305
28547000,58540000,0.4141178984746152
28547000,73634000,0.48842860402098326
28547000,70642000,0.4760989173957216
86504000,80639000,0.2441883852838086
05528000,54653000,0.40205708862199496
49701000,87701000,0.5960004904658823
49701000,33701000,0.6243149816153063
49701000,94701000,0.5976221508385601
49701000,24701000,0.5683581183097248
36617000,36727000,0.5104718022260977
40352000,46705000,0.2690951710743931
40352000,45332000,0.20065522085100657
40337000,45387000,0.0060481830445172635
81627000,57559000,0.29249271495790796
87512000,76518000,0.3845768909370426
87512000,98639000,0.2555727885326126
68508000,56623000,0.46330893912727467
37516000,94502000,0.45523899221083935
89643000,75549000,0.6404018298319863
89643000,17550000,0.6020245788381304
89643000,73656000,0.619206500256362
64504000,08650000,0.3735213812338393
40356000,45343000,0.05240993771831563
33620000,42636000,0.4707041651081085
34705000,11708000,0.2980043859305258
45392000,45381000,0.025713267812867573
45392000,45908000,0.0040222779813221
45392000,45319000,0.0033915231998227456
40387000,45387000,0.027899647957046827
45377000,27734000,0.07494861473530053
45358000,45346000,0.059848111300016216
40336000,40340000,0.6555491374734295
40336000,40382000,0.19137932067628968
40336000,45364000,0.21378733756516574
86701000,90701000,0.2788216787025051
33531000,54653000,0.6583178340817205
53504000,63641000,0.5540242985962142
25628000,63641000,0.3915000211345166
25628000,36620000,0.3678032908201743
11554000,87612000,0.5565450224549205
11554000,87624000,0.644964980345097
71872000,71958000,0.25556318744616296
71872000,71884000,0.2948496096273431
71872000,71873000,0.196197090319231
71872000,71885000,0.2569636014634241
97503000,75706000,0.4946654517240171
45924000,45341000,0.008838216760653331
45924000,45396000,0.04073190075722993
71958000,71873000,0.2790798340388828
71958000,71885000,0.22145859700780185
80605000,92629000,0.5324396091142398
80605000,01604000,0.6118321969891843
80605000,87628000,0.48448359733752344
92605000,92612000,0.5703511980632439
92605000,92610000,0.5291656587372582
92605000,92629000,0.5477454977048928
92605000,65608000,0.53294143070004
92605000,92650000,0.5314970936752564
92605000,92640000,0.7219740855693703
71829000,71818000,0.450294643669986
71829000,69644000,0.40065977869478936
71829000,71940000,0.25990293552732097
71829000,98631000,0.23660414020111145
52658000,80626000,0.3742118238937837
01623000,01636000,0.5290059474399395
01623000,61512000,0.49511803439175744
01623000,54653000,0.5254649660192815
28526000,61523000,0.5069393880223422
46705000,40303000,0.08785082786917973
46705000,46742000,0.35964892452515707
71818000,69644000,0.37885126022282983
71818000,98631000,0.4009400527211004
01636000,01653000,0.5514239550744414
40330000,45368000,0.2318616213084667
40330000,40902000,0.30877388631514974
71940000,98631000,0.246881740415261
37524000,32534000,0.5371724207364682
92612000,92650000,0.5543870044124674
92612000,92640000,0.6016267099441707
44522000,98639000,0.38707433352374215
71884000,71885000,0.14619100052584383
24625000,46552000,0.5050634030290198
24625000,49503000,0.5680648146611313
24625000,73634000,0.49237244550524706
87612000,65608000,0.5950405937605725
87612000,87624000,0.7447400672964497
61512000,68510000,0.531506187878345
42542000,56658000,0.41570092628355343
07522000,50623000,0.5242616589517279
07522000,94512000,0.4490198466498631
07522000,36608000,0.6287106048781139
33623000,41627000,0.4348618588345832
33623000,33627000,0.6021544466154591
92610000,92640000,0.5008797465584961
01649000,86630000,0.49762562869098376
54657000,56658000,0.3743555921147621
18622000,07544000,0.5420607209812217
18622000,11548000,0.45729588366899016
18622000,01628000,0.472181728085093
18622000,42636000,0.5269395953292731
45337000,45332000,0.22277296730821614
45337000,40328000,0.08681195582892445
92629000,86630000,0.5596357578974835
92629000,92640000,0.6072799882110498
07544000,07507000,0.45012907123786894
07544000,92613000,0.49843956986492793
54636000,01604000,0.483272624647382
81650000,80626000,0.408582038202358
93610000,93638000,0.1316264645580641
93610000,93656000,0.06694885386273139
93610000,93658000,0.1554644845339798
87701000,33701000,0.5974453257560189
01512000,37530000,0.5254988612240131
56658000,54608000,0.5683695645464932
56658000,56623000,0.48291633761031
56658000,86630000,0.5089965136089192
56658000,63619000,0.5260403407823524
47701000,95701000,0.39092984867643454
47701000,30701000,0.28474029349129487
47701000,11701000,0.5860172912759423
33605000,28544000,0.5923188486852521
33605000,18643000,0.4167455818382492
22512000,33533000,0.6956061547215142
36735000,94710000,0.5588877605047964
33701000,94701000,0.8042777652833293
33701000,24701000,0.580902659947942
95701000,11701000,0.48634841040628585
40382000,40902000,0.15962889474637923
65608000,95620000,0.48907102818145093
65608000,63619000,0.5170066374789443
50623000,63623000,0.5682182104604415
50701000,65701000,0.6030137145931558
73715000,46742000,0.46297126469556016
73715000,11715000,0.3332098901126846
53612000,53611000,0.6897577634390858
75549000,17550000,0.6177237254411655
75549000,73656000,0.5668380666240861
17550000,73656000,0.6077418269449829
19548000,28544000,0.5441616247840437
01604000,87628000,0.4630707195448893
71873000,71885000,0.287809678235304
94701000,24701000,0.6149432828458061
41627000,86630000,0.4757693936384492
98650000,98639000,0.3179969866816846
98650000,10525000,0.1814488042338078
11715000,27503000,0.3979834796903155
94512000,94539000,0.3572016334766626
94512000,36608000,0.4976957107956189
63641000,36620000,0.37102417367830265
58540000,49503000,0.37690916392561447
58540000,66509000,0.37208851332230397
45908000,45319000,0.10291407638041238
45368000,40902000,0.12772534281643394
18643000,50638000,0.3120465540610804
68510000,56623000,0.43491185252756553
57559000,93656000,0.2558249359651632
10549000,10732000,0.15133566407700572
45364000,45310000,0.06754664594171567
93638000,93656000,0.08875514049570138
93638000,93658000,0.4333746789359567
46552000,49503000,0.40410471182940144
46552000,66509000,0.4298547064683337
53619000,70642000,0.49333541879382453
53619000,73620000,0.4240284182650655
45323000,45325000,0.04764939251062583
42636000,92613000,0.5014788742219306
49503000,66509000,0.5583668932739531
54608000,86630000,0.4942968477003738
54608000,63619000,0.4561875173147328
56623000,63619000,0.5818637706389719
93656000,93658000,0.08363841399269288
73634000,73654000,0.5308926750560651
73634000,73620000,0.5573640991233713
36620000,19546000,0.31540140885938656
82636000,82644000,0.25114891083195423
73654000,70642000,0.5155117140506144
73654000,73620000,0.4836067884904431
92650000,92640000,0.7224166740345748
81603000,88656000,0.13542536860659846
